title,url
Открытка С добрым утром 4472,https://otkrytki.top/wp-content/uploads/2026/08/otkrytka-4472.jpg.webp
Открытка Доброе утро 4473,https://otkrytki.top/wp-content/uploads/2026/08/otkrytka-4473.jpg.webp
Открытка С добрым утром 2964,https://otkrytki.top/wp-content/uploads/2025/05/otkrytka-2964.jpg.webp
Открытка Пора вставать 4433,https://otkrytki.top/wp-content/uploads/2026/07/otkrytka-4433.jpg.webp
Открытка чего молчишь 3506,https://otkrytki.top/wp-content/uploads/2025/10/otkrytka-3506.jpg.webp
Открытка С добрым утром 4609,https://otkrytki.top/wp-content/uploads/2026/09/otkrytka-4609.jpg.webp
Картинка Мысли утром в понедельник 4597,https://otkrytki.top/wp-content/uploads/2026/09/otkrytka-4597.jpg.webp
Открытка С добрым утром понедельник 4598,https://otkrytki.top/wp-content/uploads/2026/09/otkrytka-4598.jpg.webp
Открытка С добрым утром 4577,https://otkrytki.top/wp-content/uploads/2026/08/otkrytka-4577.jpg.webp
Открытка С добрым утром 4576,https://otkrytki.top/wp-content/uploads/2026/08/otkrytka-4576.jpg.webp
Открытка Доброе утро 4579,https://otkrytki.top/wp-content/uploads/2026/08/otkrytka-4579_1.jpg.webp
Открытка Доброго утра! Лёгкого дня 4578,https://otkrytki.top/wp-content/uploads/2026/08/otkrytka-4578.jpg.webp
Открытка Доброе утро 4575,https://otkrytki.top/wp-content/uploads/2026/08/otkrytka-4575.jpg.webp
Открытка Доброе утро 4586,https://otkrytki.top/wp-content/uploads/2026/09/otkrytka-4586.jpg.webp
Открытка доброе утро 4571,https://otkrytki.top/wp-content/uploads/2026/08/otkrytka-4571.jpg.webp
Открытка Доброе утро 4573,https://otkrytki.top/wp-content/uploads/2026/08/otkrytka-4573.jpg.webp
Открытка Волшебного утра 4570,https://otkrytki.top/wp-content/uploads/2026/08/otkrytka-4570.jpg.webp
Открытка доброе утро 4569,https://otkrytki.top/wp-content/uploads/2026/08/otkrytka-4569.jpg.webp
открытка С добрым утром с котом 4010,https://otkrytki.top/wp-content/uploads/2026/03/otkrytka-4010.jpg.webp
Открытка С добрым утром 4558,https://otkrytki.top/wp-content/uploads/2026/08/otkrytka-4558.jpg.webp
Открытка с добрым утром 4557,https://otkrytki.top/wp-content/uploads/2026/08/otkrytka-4557.jpg.webp
Яркая открытка доброе утро 3918,https://otkrytki.top/wp-content/uploads/2026/02/otkrytka-3918.jpg.webp
Открытка С добрым утром 4531,https://otkrytki.top/wp-content/uploads/2026/08/otkrytka-4531.jpg.webp
Открытка с добрым утром 4518,https://otkrytki.top/wp-content/uploads/2026/08/otkrytka-4518.jpg.webp
Открытка Доброе утро 4532,https://otkrytki.top/wp-content/uploads/2026/08/otkrytka-4532.jpg.webp
Открытка Доброе утро 4527,https://otkrytki.top/wp-content/uploads/2026/08/otkrytka-4527.jpg.webp
Открытка Доброе утро 4524,https://otkrytki.top/wp-content/uploads/2026/08/otkrytka-4524.jpg.webp
Открытка Доброе утро 4528,https://otkrytki.top/wp-content/uploads/2026/08/otkrytka-4528.jpg.webp
Открытка осеннее доброе утро 3774,https://otkrytki.top/wp-content/uploads/2026/01/otkrytka-3774.jpg.webp
Открытка Доброе утро 4526,https://otkrytki.top/wp-content/uploads/2026/08/otkrytka-4526.jpg.webp
Яркая открытка Доброе утро 3920,https://otkrytki.top/wp-content/uploads/2026/02/otkrytka-3920.jpg.webp
Открытка 3 фразы на утро 4517,https://otkrytki.top/wp-content/uploads/2026/08/otkrytka-4517.jpg.webp
Открытка Доброе утро 4519,https://otkrytki.top/wp-content/uploads/2026/08/otkrytka-4519.jpg.webp
Открытка С добрым утром 4490,https://otkrytki.top/wp-content/uploads/2026/08/otkrytka-4490.jpg.webp
Открытка Доброе утро 4525,https://otkrytki.top/wp-content/uploads/2026/08/otkrytka-4525.jpg.webp
Открытка Доброе утро 4464,https://otkrytki.top/wp-content/uploads/2026/08/otkrytka-4464.jpg.webp
Открытка Доброе утро 4489,https://otkrytki.top/wp-content/uploads/2026/08/otkrytka-4489.jpg.webp
Открытка доброе утро 4477,https://otkrytki.top/wp-content/uploads/2026/08/otkrytka-4477.jpg.webp
Открытка доброе утро 4475,https://otkrytki.top/wp-content/uploads/2026/08/otkrytka-4475.jpg.webp
Открытка доброе утро 4476,https://otkrytki.top/wp-content/uploads/2026/08/otkrytka-4476.jpg.webp
Открытка вставай Наташа 4463,https://otkrytki.top/wp-content/uploads/2026/08/otkrytka-4463.jpg.webp
Открытка С добрым утром 4472,https://otkrytki.top/wp-content/uploads/2026/08/otkrytka-4472.jpg.webp
Открытка Доброе утро 4474,https://otkrytki.top/wp-content/uploads/2026/08/otkrytka-4474.jpg.webp
Открытка Доброе утро 4473,https://otkrytki.top/wp-content/uploads/2026/08/otkrytka-4473.jpg.webp
Открытка с Карлсоном Доброе утро 4467,https://otkrytki.top/wp-content/uploads/2026/08/otkrytka-4467.jpg.webp
Открытка доброе утро четверг 4468,https://otkrytki.top/wp-content/uploads/2026/08/otkrytka-4468.jpg.webp
Открытка Доброго утра 4454,https://otkrytki.top/wp-content/uploads/2026/08/otkrytka-4454.jpg.webp
Открытка Прекрасного дня 4453,https://otkrytki.top/wp-content/uploads/2026/08/otkrytka-4453.jpg.webp
Открытка Доброе утречко 4432,https://otkrytki.top/wp-content/uploads/2026/07/otkrytka-4432.jpg.webp
Открытка доброе летнее утро 4479,https://otkrytki.top/wp-content/uploads/2026/08/otkrytka-4479.jpg.webp
Открытка доброе утро 4451,https://otkrytki.top/wp-content/uploads/2026/08/otkrytka-4451.jpg.webp
Открытка Доброе летнее утро 4450,https://otkrytki.top/wp-content/uploads/2026/08/otkrytka-4450.jpg.webp
Открытка Подъем тефтеля 4462,https://otkrytki.top/wp-content/uploads/2026/08/otkrytka-4462.jpg.webp
Открытка Пора вставать 4433,https://otkrytki.top/wp-content/uploads/2026/07/otkrytka-4433.jpg.webp
Открытка доброе утро 4434,https://otkrytki.top/wp-content/uploads/2026/07/otkrytka-4434.jpg.webp
Открытка Доброе утро 4396,https://otkrytki.top/wp-content/uploads/2026/07/otkrytka-4396.jpg.webp
Открытка С добрым утром среда 4419,https://otkrytki.top/wp-content/uploads/2026/07/otkrytka-4419.jpg.webp
Открытка Доброе утро 4397,https://otkrytki.top/wp-content/uploads/2026/07/otkrytka-4397.jpg.webp
Открытка С добрым утром 4430,https://otkrytki.top/wp-content/uploads/2026/07/otkrytka-4430.jpg.webp
Открытка С добрым утром 4420,https://otkrytki.top/wp-content/uploads/2026/07/otkrytka-4420.jpg.webp
Открытка доброе утро 4401,https://otkrytki.top/wp-content/uploads/2026/07/otkrytka-4401.jpg.webp
Открытка Доброе утро 4426,https://otkrytki.top/wp-content/uploads/2026/07/otkrytka-4426.jpg.webp
Открытка веселого утречка 4412,https://otkrytki.top/wp-content/uploads/2026/07/otkrytka-4412.jpg.webp
Открытка Доброе утро 4397,https://otkrytki.top/wp-content/uploads/2026/07/otkrytka-4398.jpg.webp
Открытка Доброе утро друзья 4395,https://otkrytki.top/wp-content/uploads/2026/07/otkrytka-4395.jpg.webp
Открытка доброе утро 4408,https://otkrytki.top/wp-content/uploads/2026/07/otkrytka-4408.jpg.webp
Открытка доброе утро 4377,https://otkrytki.top/wp-content/uploads/2026/07/otkrytka-4377.jpg.webp
Открытка доброе утро 4376,https://otkrytki.top/wp-content/uploads/2026/07/otkrytka-4376.jpg.webp
Открытка с пятницей  4340,https://otkrytki.top/wp-content/uploads/2026/07/otkrytka-4340.jpg.webp
Открытка доброе утро 4375,https://otkrytki.top/wp-content/uploads/2026/07/otkrytka-4375.jpg.webp
Открытка Доброе утро  4368,https://otkrytki.top/wp-content/uploads/2026/07/otkrytka-4368_1.jpg.webp
Открытка доброе утро 4370,https://otkrytki.top/wp-content/uploads/2026/07/otkrytka-4370.jpg.webp
Открытка доброе утро всем 4374,https://otkrytki.top/wp-content/uploads/2026/07/otkrytka-4374.jpg.webp
Открытка доброе утро 4371,https://otkrytki.top/wp-content/uploads/2026/07/otkrytka-4371.jpg.webp
Открытка здравствуй мир 4353,https://otkrytki.top/wp-content/uploads/2026/07/otkrytka-4353.jpg.webp
Открытка С добрым утром 4350,https://otkrytki.top/wp-content/uploads/2026/07/otkrytka-4350.jpg.webp
Открытка ты еще спишь? 4336,https://otkrytki.top/wp-content/uploads/2026/07/otkrytka-4336.jpg.webp
Открытка доброе утро 4349,https://otkrytki.top/wp-content/uploads/2026/07/otkrytka-4349.jpg.webp
Открытка Доброе утро Пятница 4328,https://otkrytki.top/wp-content/uploads/2026/06/otkrytka-4328.jpg.webp
Открытка 4351,https://otkrytki.top/wp-content/uploads/2026/07/otkrytka-4351.jpg.webp
Открытка Доброе утро 4347,https://otkrytki.top/wp-content/uploads/2026/07/otkrytka-4347.jpg.webp
Открытка доброе утро 4352,https://otkrytki.top/wp-content/uploads/2026/07/otkrytka-4352.jpg.webp
Открытка С добрым утром 4342,https://otkrytki.top/wp-content/uploads/2026/07/otkrytka-4342.jpg.webp
Открытка Доброе утро 4348,https://otkrytki.top/wp-content/uploads/2026/07/otkrytka-4348.jpg.webp
Открытка С добрым утром 4341,https://otkrytki.top/wp-content/uploads/2026/07/otkrytka-4341.jpg.webp
Открытка про понедельник 4337,https://otkrytki.top/wp-content/uploads/2026/07/otkrytka-4337.jpg.webp
Открытка доброе утро  4327,https://otkrytki.top/wp-content/uploads/2026/06/otkrytka-4327.jpg.webp
Открытка с котом доброе утро 4339,https://otkrytki.top/wp-content/uploads/2026/07/otkrytka-4339.jpg.webp
Открытка доброе утро 4320,https://otkrytki.top/wp-content/uploads/2026/06/otkrytka-4320.jpg.webp
Открытка Доброе утро 4329,https://otkrytki.top/wp-content/uploads/2026/06/otkrytka-4329.jpg.webp
Открытка с петухом доброе утро 4326,https://otkrytki.top/wp-content/uploads/2026/06/otkrytka-4326.jpg.webp
Открытка доброе утро с совой 4325,https://otkrytki.top/wp-content/uploads/2026/06/otkrytka-4325.jpg.webp
Открытка С добрым утром 4322,https://otkrytki.top/wp-content/uploads/2026/06/otkrytka-4322.jpg.webp
Открытка доброго утра 4324,https://otkrytki.top/wp-content/uploads/2026/06/otkrytka-4324.jpg.webp
Открытка доброе утро 4321,https://otkrytki.top/wp-content/uploads/2026/06/otkrytka-4321.jpg.webp
Открытка доброе утро 4323,https://otkrytki.top/wp-content/uploads/2026/06/otkrytka-4323.jpg.webp
Открытка с котом доброе утро 4318,https://otkrytki.top/wp-content/uploads/2026/06/otkrytka-4318.jpg.webp
Открытка доброе утро 4319,https://otkrytki.top/wp-content/uploads/2026/06/otkrytka-4319.jpg.webp
Открытка Доброе утро 4310,https://otkrytki.top/wp-content/uploads/2026/06/otkrytka-4310.jpg.webp
Открытка Кто рано встаёт 4335,https://otkrytki.top/wp-content/uploads/2026/07/otkrytka-4335-1.jpg.webp
Открытка доброе утро 4309,https://otkrytki.top/wp-content/uploads/2026/06/otkrytka-4309.jpg.webp
Открытка Доброе утро 4315,https://otkrytki.top/wp-content/uploads/2026/06/otkrytka-4315.jpg.webp
Открытка Доброе утро 4308,https://otkrytki.top/wp-content/uploads/2026/06/otkrytka-4308.jpg.webp
Открытка доброе утро с лягушкой 3847,https://otkrytki.top/wp-content/uploads/2026/02/otkrytka-3847.jpg.webp
Открытка Доброе утро 4312,https://otkrytki.top/wp-content/uploads/2026/06/otkrytka-4312.jpg.webp
Открытка Доброго утра 4307,https://otkrytki.top/wp-content/uploads/2026/06/otkrytka-4307.jpg.webp
Открытка на понедельник 4304,https://otkrytki.top/wp-content/uploads/2026/06/otkrytka-4304.jpg.webp
Открытка с кошкой доброе утро 4317,https://otkrytki.top/wp-content/uploads/2026/06/otkrytka-4317.jpg.webp
Субботняя открытка с добрым утром 4286,https://otkrytki.top/wp-content/uploads/2026/06/otkrytka-4286.jpg.webp
Открытка Доброе утро 4313,https://otkrytki.top/wp-content/uploads/2026/06/otkrytka-4313.jpg.webp
Открытка Доброе утро 4306,https://otkrytki.top/wp-content/uploads/2026/06/otkrytka-4306.jpg.webp
Открытка доброе утро 4305,https://otkrytki.top/wp-content/uploads/2026/06/otkrytka-4305.jpg.webp
Открытка Доброе утро 4298,https://otkrytki.top/wp-content/uploads/2026/06/otkrytka-4298.jpg.webp
Открытка с добрым утром 4284,https://otkrytki.top/wp-content/uploads/2026/06/otkrytka-4284.jpg.webp
Открытка Доброе утро 4291,https://otkrytki.top/wp-content/uploads/2026/06/otkrytka-4291.jpg.webp
Открытка с Добрым утром 4289,https://otkrytki.top/wp-content/uploads/2026/06/otkrytka-4289.jpg.webp
Открытка с Субботой 4265,https://otkrytki.top/wp-content/uploads/2026/06/otkrytka-4265.jpg.webp
Открытка С Добрым  утром 4285,https://otkrytki.top/wp-content/uploads/2026/06/otkrytka-4285.jpg.webp
Открытка доброе утро 4264,https://otkrytki.top/wp-content/uploads/2026/06/otkrytka-4264.jpg.webp
Открытка доброе утро 4207,https://otkrytki.top/wp-content/uploads/2026/05/otkrytka-4207.jpg.webp
Видео открытка доброе утро 4260,https://otkrytki.top/wp-content/uploads/2026/06/otkrytka-4260.jpg.webp
Открытка Доброго утра 4271,https://otkrytki.top/wp-content/uploads/2026/06/otkrytka-4271.jpg.webp
Открытка доброе утро с собакой 4263,https://otkrytki.top/wp-content/uploads/2026/06/otkrytka-4263.jpg.webp
Открытка Просыпайся 4261,https://otkrytki.top/wp-content/uploads/2026/06/otkrytka-4261.jpg.webp
Открытка доброе утро с котом 4262,https://otkrytki.top/wp-content/uploads/2026/06/otkrytka-4262.jpg.webp
Открытка Доброе утро 4253,https://otkrytki.top/wp-content/uploads/2026/06/otkrytka-4253.jpg.webp
Открытка Доброе утро 4254,https://otkrytki.top/wp-content/uploads/2026/06/otkrytka-4254.jpg.webp
Открытка утро понедельника 4205,https://otkrytki.top/wp-content/uploads/2026/05/otkrytka-4205.jpg.webp
Открытка женщине С добрым утром 4241,https://otkrytki.top/wp-content/uploads/2026/06/otkrytka-4241.jpg.webp
Открытка С добрым утром 4247,https://otkrytki.top/wp-content/uploads/2026/06/otkrytka-4247.jpg.webp
Открытка Доброе утро 4232,https://otkrytki.top/wp-content/uploads/2026/06/otkrytka-4232.jpg.webp
Веселая открытка С добрым утром 4242,https://otkrytki.top/wp-content/uploads/2026/06/otkrytka-4242.jpg.webp
Открытка с Добрым утречком 4234,https://otkrytki.top/wp-content/uploads/2026/06/otkrytka-4234.jpg.webp
Открытка женщинам доброе утро 4231,https://otkrytki.top/wp-content/uploads/2026/06/otkrytka-4231.jpg.webp
Открытка С добрым летним утром 3756,https://otkrytki.top/wp-content/uploads/2025/12/otkrytka-3756.jpg.webp
Открытка Доброго утра четверга 4221,https://otkrytki.top/wp-content/uploads/2026/05/otkrytka-4221.jpg.webp
Видео-открытка с корги Доброе утро 4173,https://otkrytki.top/wp-content/uploads/2026/05/otkrytka-4173.jpg.webp
Видео-открытка С добрым утром 4172,https://otkrytki.top/wp-content/uploads/2026/05/otkrytka-4172.jpg.webp
Открытка с котом доброе утро 4222,https://otkrytki.top/wp-content/uploads/2026/05/otkrytka-4222.jpg.webp
Открытка в стиле пин ап Доброе утро 4214,https://otkrytki.top/wp-content/uploads/2026/05/otkrytka-4214.jpg.webp
Открытка Добрейшего утречка 4219,https://otkrytki.top/wp-content/uploads/2026/05/otkrytka-4219.jpg.webp
Открытка доброе утро по щучьему велению 3849,https://otkrytki.top/wp-content/uploads/2026/02/otkrytka-3849.jpg.webp
Открытка с добрым утром 4215,https://otkrytki.top/wp-content/uploads/2026/05/otkrytka-4215.jpg.webp
Открытка доброе утро 4201,https://otkrytki.top/wp-content/uploads/2026/05/otkrytka-4201.jpg.webp
Открытка Просыпайся 4198,https://otkrytki.top/wp-content/uploads/2026/05/otkrytka-4198.jpg.webp
Открытка С добрым утром 4199,https://otkrytki.top/wp-content/uploads/2026/05/otkrytka-4199.jpg.webp
Открытка Приятного утра 4189,https://otkrytki.top/wp-content/uploads/2026/05/otkrytka-4189.jpg.webp
Открытка Доброе утро в воскресенье 4165,https://otkrytki.top/wp-content/uploads/2026/05/otkrytka-4165.jpg.webp
Открытка С добрым утром 4170,https://otkrytki.top/wp-content/uploads/2026/05/otkrytka-4170.jpg.webp
Пин-ап открытка Доброе утро 4176,https://otkrytki.top/wp-content/uploads/2026/05/otkrytka-4176.jpg.webp
Видео-открытка Доброе утро 4171,https://otkrytki.top/wp-content/uploads/2026/05/otkrytka-4171.jpg.webp
Открытка Доброе утро 4166,https://otkrytki.top/wp-content/uploads/2026/05/otkrytka-4166.jpg.webp
Открытка Доброго утра 4175,https://otkrytki.top/wp-content/uploads/2026/05/otkrytka-4175.jpg.webp
Открытка Наташе Доброе утро 4161,https://otkrytki.top/wp-content/uploads/2026/05/otkrytka-4161.jpg.webp
Открытка Доброе утро 4197,https://otkrytki.top/wp-content/uploads/2026/05/otkrytka-4197.jpg.webp
Открытка Доброе утро воскресенья 4164,https://otkrytki.top/wp-content/uploads/2026/05/otkrytka-4164.jpg.webp
Открытка С добрым утром 4144,https://otkrytki.top/wp-content/uploads/2026/05/otkrytka-4144.jpg.webp
Открытка Доброе утро 4154,https://otkrytki.top/wp-content/uploads/2026/05/otkrytka-4154.jpg.webp
Открытка с добрым утром дорогие  4148,https://otkrytki.top/wp-content/uploads/2026/05/otkrytka-4148.jpg.webp
Открытка доброе утро с собакой 4150,https://otkrytki.top/wp-content/uploads/2026/05/otkrytka-4150.jpg.webp
Открытка С добрым утром 4145,https://otkrytki.top/wp-content/uploads/2026/05/otkrytka-4145.jpg.webp
Открытка с котом Доброе утро 4142,https://otkrytki.top/wp-content/uploads/2026/05/otkrytka-4142.jpg.webp
Открытка доброе утро 4149,https://otkrytki.top/wp-content/uploads/2026/05/otkrytka-4149.jpg.webp
Открытка С добрым утром 4136,https://otkrytki.top/wp-content/uploads/2026/05/otkrytka-4136.jpg.webp
Красивая открытка с розой Доброе утро 4122,https://otkrytki.top/wp-content/uploads/2026/04/otkrytka-4122.jpg.webp
Русская открытка с добрым утром 4121,https://otkrytki.top/wp-content/uploads/2026/04/otkrytka-4121.jpg.webp
Красивая открытка Доброе утро 4112,https://otkrytki.top/wp-content/uploads/2026/04/otkrytka-4112.jpg.webp
Открытка Привет новый день 4119,https://otkrytki.top/wp-content/uploads/2026/04/otkrytka-4119.jpg.webp
Нежная открытка Доброе утро 4106,https://otkrytki.top/wp-content/uploads/2026/04/otkrytka-4106.jpg.webp
Открытка Доброе утро 4103,https://otkrytki.top/wp-content/uploads/2026/04/otkrytka-4103.jpg.webp
Открытка С добрым утром 4101,https://otkrytki.top/wp-content/uploads/2026/04/otkrytka-4101.jpg.webp
Открытка с квасом Доброе утро 4104,https://otkrytki.top/wp-content/uploads/2026/04/otkrytka-4104.jpg.webp
Зеленая открытка Доброе утро с клевером 4105,https://otkrytki.top/wp-content/uploads/2026/04/otkrytka-4105.jpg.webp
Яркая открытка Доброе утро 4107,https://otkrytki.top/wp-content/uploads/2026/04/otkrytka-4107.jpg.webp
Ретро открытка Доброе утро 4102,https://otkrytki.top/wp-content/uploads/2026/04/otkrytka-4102.jpg.webp
Открытка Доброе утро 4097,https://otkrytki.top/wp-content/uploads/2026/04/otkrytka-4097.jpg.webp
Открытка с цветами доброе утро 4110,https://otkrytki.top/wp-content/uploads/2026/04/otkrytka-4110.jpg.webp
Картинка про воскресенье утром 4080,https://otkrytki.top/wp-content/uploads/2026/04/otkrytka-4080.jpg.webp
Открытка женщине Доброе утро с цветами 4095,https://otkrytki.top/wp-content/uploads/2026/04/otkrytka-4095.jpg.webp
Открытка с добрым утром 4089,https://otkrytki.top/wp-content/uploads/2026/04/otkrytka-4089.jpg.webp
Открытка Доброе утро 4087,https://otkrytki.top/wp-content/uploads/2026/04/otkrytka-4087.jpg.webp
Открытка доброе утро с енотом 4085,https://otkrytki.top/wp-content/uploads/2026/04/otkrytka-4085.jpg.webp
Открытка Доброе утро 4079,https://otkrytki.top/wp-content/uploads/2026/04/otkrytka-4079.jpg.webp
Доброе утро открытка с цветами 4050,https://otkrytki.top/wp-content/uploads/2026/04/otkrytka-4050.jpg.webp
открытка Утро доброе  4072,https://otkrytki.top/wp-content/uploads/2026/04/otkrytka-4072.jpg.webp
открытка с собакой доброе утро 4065,https://otkrytki.top/wp-content/uploads/2026/04/otkrytka-4065.jpg.webp
открытка Доброе утро! Яркого дня 4074,https://otkrytki.top/wp-content/uploads/2026/04/otkrytka-4074.jpg.webp
Доброе утро вязаная открытка 4049,https://otkrytki.top/wp-content/uploads/2026/04/otkrytka-4049.jpg.webp
Красивая открытка Доброе утро 4056,https://otkrytki.top/wp-content/uploads/2026/04/otkrytka-4056.jpg.webp
Яркая открытка доброе утро с завтраком 4047,https://otkrytki.top/wp-content/uploads/2026/04/otkrytka-4047.jpg.webp
Доброе утро открытка с розами 4051,https://otkrytki.top/wp-content/uploads/2026/04/otkrytka-4051.jpg.webp
Доброе утро открытка с котом 4052,https://otkrytki.top/wp-content/uploads/2026/04/otkrytka-4052.jpg.webp
Доброе утро открытка 4048,https://otkrytki.top/wp-content/uploads/2026/04/otkrytka-4048.jpg.webp
открытка Утра доброго 4044,https://otkrytki.top/wp-content/uploads/2026/04/otkrytka-4044.jpg.webp
открытка привет пятница с котом 4042,https://otkrytki.top/wp-content/uploads/2026/04/otkrytka-4042.jpg.webp
открытка с добрым утром по кофейку  4040,https://otkrytki.top/wp-content/uploads/2026/04/otkrytka-4040.jpg.webp
открытка доброе утро 4039,https://otkrytki.top/wp-content/uploads/2026/04/otkrytka-4039.jpg.webp
открытка с цветами доброе утро 4033,https://otkrytki.top/wp-content/uploads/2026/03/otkrytka-4033.jpg.webp
открытка доброе утро с кошечкой 4034,https://otkrytki.top/wp-content/uploads/2026/03/otkrytka-4034.jpg.webp
открытка Доброго утра 4053,https://otkrytki.top/wp-content/uploads/2026/04/otkrytka-4053.jpg.webp
Красивая открытка Доброе утро 4020,https://otkrytki.top/wp-content/uploads/2026/03/otkrytka-4020.jpg.webp
Доброе утро открытка с котом 4024,https://otkrytki.top/wp-content/uploads/2026/03/otkrytka-4024.jpg.webp
открытка хорошего дня доброе утро  4021,https://otkrytki.top/wp-content/uploads/2026/03/otkrytka-4021.jpg.webp
Красивая открытка с клубничкой Доброе утро 4023,https://otkrytki.top/wp-content/uploads/2026/03/otkrytka-4023.jpg.webp
Доброе утро открытка с цветком 4022,https://otkrytki.top/wp-content/uploads/2026/03/otkrytka-4022.jpg.webp
Открытка начните утро 3994,https://otkrytki.top/wp-content/uploads/2026/03/otkrytka-3994.jpg.webp
открытка с кошкой в ванной 4015,https://otkrytki.top/wp-content/uploads/2026/03/otkrytka-4015-2.jpg.webp
Открытка доброе утро 3986,https://otkrytki.top/wp-content/uploads/2026/03/otkrytka-3986.jpg.webp
открытка пусть все у тебя получится 4011,https://otkrytki.top/wp-content/uploads/2026/03/otkrytka-4011.jpg.webp
Милая открытка с котенком Доброе утро 3988,https://otkrytki.top/wp-content/uploads/2026/03/otkrytka-3988.jpg.webp
Яркая открытка с Добрым утром 3984,https://otkrytki.top/wp-content/uploads/2026/03/otkrytka-3984.jpg.webp
открытка про утро 4012,https://otkrytki.top/wp-content/uploads/2026/03/otkrytka-4012.jpg.webp
Открытка с ежом доброе утро 3983,https://otkrytki.top/wp-content/uploads/2026/03/otkrytka-3983.jpg.webp
открытка Доброе утро 4004,https://otkrytki.top/wp-content/uploads/2026/03/otkrytka-4004.jpg.webp
Открытка доброе утро 3974,https://otkrytki.top/wp-content/uploads/2026/03/otkrytka-3974.jpg.webp
Открытка Просыпаемся с обезьяной 3978,https://otkrytki.top/wp-content/uploads/2026/03/otkrytka-3978.jpg.webp
Открытка Доброе утро 3969,https://otkrytki.top/wp-content/uploads/2026/03/otkrytka-3969.jpg.webp
Открытка Доброе утро 3970,https://otkrytki.top/wp-content/uploads/2026/03/otkrytka-3970.jpg.webp
Открытка Хорошего дня 3973,https://otkrytki.top/wp-content/uploads/2026/03/otkrytka-3973.jpg.webp
Открытка Бонжур 3968,https://otkrytki.top/wp-content/uploads/2026/03/otkrytka-3968.jpg.webp
Открытка с добрым утром и котом в цветах 3963,https://otkrytki.top/wp-content/uploads/2026/03/otkrytka-3963.jpg.webp
Открытка доброе утро с рыжей девушкой 3964,https://otkrytki.top/wp-content/uploads/2026/03/otkrytka-3964.jpg.webp
Открытка доброе сырное утро 3962,https://otkrytki.top/wp-content/uploads/2026/03/otkrytka-3962.jpg.webp
Открытка доброе утро 3959,https://otkrytki.top/wp-content/uploads/2026/03/otkrytka-3959.jpg.webp
Открытка Доброе утро 3769,https://otkrytki.top/wp-content/uploads/2026/01/otkrytka-3769.jpg.webp
Открытка доброе утро с цветами 3945,https://otkrytki.top/wp-content/uploads/2026/03/otkrytka-3945.jpg.webp
Красивая открытка доброе утро с тюльпанами 3947,https://otkrytki.top/wp-content/uploads/2026/03/otkrytka-3947.jpg.webp
Видео-открытка с добрым утром 3936,https://otkrytki.top/wp-content/uploads/2026/03/otkrytka-3936.jpg.webp
Открытка с тюльпанами Доброе утро и дня 3335,https://otkrytki.top/wp-content/uploads/2025/08/otkrytka-3335.jpg.webp
Открытка доброе утро с бегемотом 3915,https://otkrytki.top/wp-content/uploads/2026/02/otkrytka-3915.jpg.webp
Весенняя открытка с добрым утром 3166,https://otkrytki.top/wp-content/uploads/2025/07/otkrytka-3166.jpg.webp
Открытка Доброе утро с котиком 3922,https://otkrytki.top/wp-content/uploads/2026/02/otkrytka-3922.jpg.webp
Открытка из Простоквашино Доброе утро 3917,https://otkrytki.top/wp-content/uploads/2026/02/otkrytka-3917.jpg.webp
Открытка с добрым утром  3027,https://otkrytki.top/wp-content/uploads/2025/06/otkrytka-3027.jpg.webp
Открытка с добрым утром и розами 3916,https://otkrytki.top/wp-content/uploads/2026/02/otkrytka-3916.jpg.webp
Открытка со стихами Доброе утро 3333,https://otkrytki.top/wp-content/uploads/2025/08/otkrytka-3333.jpg.webp
Открытка доброе утро женщине 3919,https://otkrytki.top/wp-content/uploads/2026/02/otkrytka-3919.jpg.webp
Открытка с котом Доброе утро 3906,https://otkrytki.top/wp-content/uploads/2026/02/otkrytka-3906.jpg.webp
Открытка Доброго утра с кошечкой 3300,https://otkrytki.top/wp-content/uploads/2025/08/otkrytka-3300.jpg.webp
Открытка Доброе утро 3913,https://otkrytki.top/wp-content/uploads/2026/02/otkrytka-3913.jpg.webp
Открытка Доброе утро с кошечкой 3914,https://otkrytki.top/wp-content/uploads/2026/02/otkrytka-3914.jpg.webp
Открытка с котом Доброе утро 3912,https://otkrytki.top/wp-content/uploads/2026/02/otkrytka-3912.jpg.webp
Открытка Пусть утро будет добрым 3911,https://otkrytki.top/wp-content/uploads/2026/02/otkrytka-3911.jpg.webp
Открытка Доброе утро с петухом 3902,https://otkrytki.top/wp-content/uploads/2026/02/otkrytka-3902.jpg.webp
Открытка Врываемся в этот день 3904,https://otkrytki.top/wp-content/uploads/2026/02/otkrytka-3904.jpg.webp
Открытка с котиком доброе утро 3852,https://otkrytki.top/wp-content/uploads/2026/02/otkrytka-3852-1.jpg.webp
Открытка доброе утро 3905,https://otkrytki.top/wp-content/uploads/2026/02/otkrytka-3905.jpg.webp
Открытка Доброе утро 3891,https://otkrytki.top/wp-content/uploads/2026/02/otkrytka-3891.jpg.webp
Открытка с пятницей Добрым утром 3888,https://otkrytki.top/wp-content/uploads/2026/02/otkrytka-3888.jpg.webp
Видео-открытка С добрым утром 3901,https://otkrytki.top/wp-content/uploads/2026/02/otkrytka-3901-15.jpg.webp
Открытка Доброе утро 3887,https://otkrytki.top/wp-content/uploads/2026/02/otkrytka-3887.jpg.webp
Открытка с Машей и Медведем 3903,https://otkrytki.top/wp-content/uploads/2026/02/otkrytka-3903.jpg.webp
Открытка доброе утро с колобком 3850,https://otkrytki.top/wp-content/uploads/2026/02/otkrytka-3850.jpg.webp
Открытка Доброе утро 3845,https://otkrytki.top/wp-content/uploads/2026/02/otkrytka-3845.jpg.webp
Открытка с добрым утром 3848,https://otkrytki.top/wp-content/uploads/2026/02/otkrytka-3848.jpg.webp
Видео открытка Доброе зимнее утро 3900,https://otkrytki.top/wp-content/uploads/2026/02/otkrytka-3900.jpg.webp
Открытка Вставай 3846,https://otkrytki.top/wp-content/uploads/2026/02/otkrytka-3846.jpg.webp
Открытка Доброе утро 3880,https://otkrytki.top/wp-content/uploads/2026/02/otkrytka-3880.jpg.webp
Открытка с Емелей Доброе утро 3844,https://otkrytki.top/wp-content/uploads/2026/02/otkrytka-3844.jpg.webp
Открытка С добрым утром 3866,https://otkrytki.top/wp-content/uploads/2026/02/otkrytka-3866.jpg.webp
Открытка с добрым утром 3843,https://otkrytki.top/wp-content/uploads/2026/02/otkrytka-3843.jpg.webp
Открытка С добрым утром 3858,https://otkrytki.top/wp-content/uploads/2026/02/otkrytka-3858.jpg.webp
Открытка Хорошего дня 3829,https://otkrytki.top/wp-content/uploads/2026/01/otkrytka-3829.jpg.webp
Открытка доброе утро 3828,https://otkrytki.top/wp-content/uploads/2026/01/otkrytka-3828.jpg.webp
Открытка С добрым утром с котом 3827,https://otkrytki.top/wp-content/uploads/2026/01/otkrytka-3827.jpg.webp
Открытка с цветами доброе утро 3857,https://otkrytki.top/wp-content/uploads/2026/02/otkrytka-3857.jpg.webp
Открытка Доброе утро женщинам 3835,https://otkrytki.top/wp-content/uploads/2026/01/otkrytka-3835.jpg.webp
Открытка С добрым утром 2793,https://otkrytki.top/wp-content/uploads/2025/03/otkrytka-2793.jpg.webp
Открытка Доброе утро 3818,https://otkrytki.top/wp-content/uploads/2026/01/otkrytka-3818.jpg.webp
Открытка С добрым утром 3758,https://otkrytki.top/wp-content/uploads/2025/12/otkrytka-3758.jpg.webp
Современная открытка Доброе утро 3679,https://otkrytki.top/wp-content/uploads/2025/11/otkrytka-3679.jpg.webp
Открытка С добрым утром с таксой 3830,https://otkrytki.top/wp-content/uploads/2026/01/otkrytka-3830.jpg.webp
Открытка с пирожными Доброе утро 3817,https://otkrytki.top/wp-content/uploads/2026/01/otkrytka-3817.jpg.webp
Открытка С добрым утром с вороной 3825,https://otkrytki.top/wp-content/uploads/2026/01/otkrytka-3825.jpg.webp
Открытка Доброе утро с печенькой 3819,https://otkrytki.top/wp-content/uploads/2026/01/otkrytka-3819.jpg.webp
Открытка доброе утро завтрак 3816,https://otkrytki.top/wp-content/uploads/2026/01/otkrytka-3816.jpg.webp
Открытка Доброе утро 3815,https://otkrytki.top/wp-content/uploads/2026/01/otkrytka-3815.jpg.webp
Красивая открытка с добрым утром 3800,https://otkrytki.top/wp-content/uploads/2026/01/otkrytka-3800.jpg.webp
Открытка доброе утро 3801,https://otkrytki.top/wp-content/uploads/2026/01/otkrytka-3801.jpg.webp
Открытка доброе утро с котом 3791,https://otkrytki.top/wp-content/uploads/2026/01/otkrytka-3791.jpg.webp
Открытка Доброе утро Мир прекрасен по есть ты 3805,https://otkrytki.top/wp-content/uploads/2026/01/otkrytka-3805.jpg.webp
Открытка Доброе утречко с блинами 3802,https://otkrytki.top/wp-content/uploads/2026/01/otkrytka-3802.jpg.webp
Открытка доброе утро с кофе 3799,https://otkrytki.top/wp-content/uploads/2026/01/otkrytka-3799.jpg.webp
Открытка мандариновое доброе утро 3804,https://otkrytki.top/wp-content/uploads/2026/01/otkrytka-3804.jpg.webp
Красивая открытка с конфетами Доброе утро 3803,https://otkrytki.top/wp-content/uploads/2026/01/otkrytka-3803.jpg.webp
Открытка Доброе утро 3794,https://otkrytki.top/wp-content/uploads/2026/01/otkrytka-3794.jpg.webp
С добрым утром! Кофею не желаете? Открытка 3790,https://otkrytki.top/wp-content/uploads/2026/01/otkrytka-3790.jpg.webp
Открытка Добрейшего утра! Прекрасного дня 3786,https://otkrytki.top/wp-content/uploads/2026/01/otkrytka-3786.jpg.webp
Открытка Доброе утро с пожеланиями 3759,https://otkrytki.top/wp-content/uploads/2025/12/otkrytka-3759.jpg.webp
Открытка Доброе утро 3777,https://otkrytki.top/wp-content/uploads/2026/01/otkrytka-3777.jpg.webp
Открытка Доброе утро 3778,https://otkrytki.top/wp-content/uploads/2026/01/otkrytka-3778.jpg.webp
Открытка доброе утро с белкой 3775,https://otkrytki.top/wp-content/uploads/2026/01/otkrytka-3775.jpg.webp
Открытка Доброе утро 3770,https://otkrytki.top/wp-content/uploads/2026/01/otkrytka-3770.jpg.webp
Открытка Доброе утро 3768,https://otkrytki.top/wp-content/uploads/2026/01/otkrytka-3768.jpg.webp
Открытка желаю доброго утра 3771,https://otkrytki.top/wp-content/uploads/2026/01/otkrytka-3771.jpg.webp
Открытка добрейшее утро 3765,https://otkrytki.top/wp-content/uploads/2026/01/otkrytka-3765.jpg.webp
Открытка с добрым утром с котами 3782,https://otkrytki.top/wp-content/uploads/2026/01/otkrytka-3782.jpg.webp
Открытка Доброе утро 3789,https://otkrytki.top/wp-content/uploads/2026/01/otkrytka-3789.jpg.webp
Открытка доброе утро 2798,https://otkrytki.top/wp-content/uploads/2025/04/otkrytka-2798.jpg.webp
Открытка с Добрым зимним утром 3754,https://otkrytki.top/wp-content/uploads/2025/12/otkrytka-3754.jpg.webp
Открытка С добрым утром с цветами и котом  3757,https://otkrytki.top/wp-content/uploads/2025/12/otkrytka-3757.jpg.webp
Открытка женщине доброе утро 3772,https://otkrytki.top/wp-content/uploads/2026/01/otkrytka-3772.jpg.webp
Открытка Доброе утро женщине 3767,https://otkrytki.top/wp-content/uploads/2026/01/otkrytka-3767.jpg.webp
Открытка 3755,https://otkrytki.top/wp-content/uploads/2025/12/otkrytka-3755.jpg.webp
Открытка с добрым утром вторника 3760,https://otkrytki.top/wp-content/uploads/2025/12/otkrytka-3760.jpg.webp
Открытка Доброе утро с Чебурашкой 3746,https://otkrytki.top/wp-content/uploads/2025/12/otkrytka-3746.jpg.webp
Открытка доброе утро 2711,https://otkrytki.top/wp-content/uploads/2025/03/otkrytka-2711.jpg.webp
С Рождеством открытка 24,https://otkrytki.top/wp-content/uploads/2026/01/s-rozhdestvom-otkrytka-24.jpg.webp
Открытка С добрым утром... Люся 3750,https://otkrytki.top/wp-content/uploads/2025/12/otkrytka-3750.jpg.webp
Открытка Доброго утра 3745,https://otkrytki.top/wp-content/uploads/2025/12/otkrytka-3745.jpg.webp
"Открытка С Добрым утром, мой тёплый 3751",https://otkrytki.top/wp-content/uploads/2025/12/otkrytka-3751.jpg.webp
С Новым Годом открытка 84,https://otkrytki.top/wp-content/uploads/2025/12/s-novym-godom-otkrytka-84.jpg.webp
Зимняя открытка Доброе утро счастливого дня 3744,https://otkrytki.top/wp-content/uploads/2025/12/otkrytka-3744.jpg.webp
С добрым утром! 1 января 85,https://otkrytki.top/wp-content/uploads/2025/12/s-novym-godom-otkrytka-85.jpg.webp
С Новым Годом открытка 81,https://otkrytki.top/wp-content/uploads/2025/12/s-novym-godom-otkrytka-81.jpg.webp
Открытка доброе зимнее утро 3742,https://otkrytki.top/wp-content/uploads/2025/12/otkrytka-3742.jpg.webp
Открытка С добрым утром со снеговичком 3743,https://otkrytki.top/wp-content/uploads/2025/12/otkrytka-3743.jpg.webp
Открытка Доброго зимнего утра 3327,https://otkrytki.top/wp-content/uploads/2025/08/otkrytka-3327.jpg.webp
Открытка 3737,https://otkrytki.top/wp-content/uploads/2025/12/otkrytka-3737.jpg.webp
Открытка 3740,https://otkrytki.top/wp-content/uploads/2025/12/otkrytka-3740.jpg.webp
Открытка 3738,https://otkrytki.top/wp-content/uploads/2025/12/otkrytka-3738.jpg.webp
Открытка с добрым утром 2545,https://otkrytki.top/wp-content/uploads/2025/02/otkrytka-2545.jpg.webp
Открытка Доброе утро с галантным котом 3720,https://otkrytki.top/wp-content/uploads/2025/12/otkrytka-3720.jpg.webp
Открытка Доброе утро с пожеланием 2591,https://otkrytki.top/wp-content/uploads/2025/02/otkrytka-2591.jpg.webp
Открытка Утра доброго с котом 3712,https://otkrytki.top/wp-content/uploads/2025/12/otkrytka-3712.jpg.webp
Открытка С добрым утром с котом и собакой 3714,https://otkrytki.top/wp-content/uploads/2025/12/otkrytka-3714.jpg.webp
Картинка про утренний кофе 3715,https://otkrytki.top/wp-content/uploads/2025/12/otkrytka-3715.jpg.webp
Открытка Доброе утро с кофе 3719,https://otkrytki.top/wp-content/uploads/2025/12/otkrytka-3719.jpg.webp
Красивая открытка Доброе утро 3718,https://otkrytki.top/wp-content/uploads/2025/12/otkrytka-3718.jpg.webp
Открытка с пятницей 3699,https://otkrytki.top/wp-content/uploads/2025/12/otkrytka-3699.jpg.webp
Открытка доброе утро 2771,https://otkrytki.top/wp-content/uploads/2025/03/otkrytka-2771.jpg.webp
Открытка Доброе утро 2795,https://otkrytki.top/wp-content/uploads/2025/04/otkrytka-2795.jpg.webp
Открытка С добрым утром с котом 3708,https://otkrytki.top/wp-content/uploads/2025/12/otkrytka-3708.jpg.webp
Открытка Доброе утро 2696,https://otkrytki.top/wp-content/uploads/2025/03/otkrytka-2696_2.jpg.webp
Открытка доброе утро 2605,https://otkrytki.top/wp-content/uploads/2025/02/otkrytka-2605.jpg.webp
Открытка Доброе утро с кошечкой 3703,https://otkrytki.top/wp-content/uploads/2025/12/otkrytka-3703.jpg.webp
Открытка Доброе утро субботы 3700,https://otkrytki.top/wp-content/uploads/2025/12/otkrytka-3700.jpg.webp
Открытка Доброе утро 3711,https://otkrytki.top/wp-content/uploads/2025/12/otkrytka-3711.jpg.webp
Открытка доброе утро с котиком 3702,https://otkrytki.top/wp-content/uploads/2025/12/otkrytka-3702.jpg.webp
Открытка Доброе утро с котом 3697,https://otkrytki.top/wp-content/uploads/2025/12/otkrytka-3697.jpg.webp
Открытка Доброе утро с таксой 3696,https://otkrytki.top/wp-content/uploads/2025/12/otkrytka-3696.jpg.webp
Видео-открытка добра 3633,https://otkrytki.top/wp-content/uploads/2025/11/otkrytka-3633.jpg.webp
Открытка Доброе утро с котом 3684,https://otkrytki.top/wp-content/uploads/2025/11/otkrytka-3684.jpg.webp
Открытка Доброе утро с каким-то монстриком 3685,https://otkrytki.top/wp-content/uploads/2025/11/otkrytka-3685.jpg.webp
Открытка доброе утро с печеньем 3676,https://otkrytki.top/wp-content/uploads/2025/11/otkrytka-3676.jpg.webp
Открытка Доброе утро с котом 3678,https://otkrytki.top/wp-content/uploads/2025/11/otkrytka-3678.jpg.webp
Открытка Доброе утро 3674,https://otkrytki.top/wp-content/uploads/2025/11/otkrytka-3674.jpg.webp
Открытка доброе утро со снеговиком 3510,https://otkrytki.top/wp-content/uploads/2025/10/otkrytka-3510.jpg.webp
Открытка С добрым утром воскресенья 3665,https://otkrytki.top/wp-content/uploads/2025/11/otkrytka-3665.jpg.webp
Открытка Добрейшее субботнее утро 3669,https://otkrytki.top/wp-content/uploads/2025/11/otkrytka-3669.jpg.webp
Открытка с милыми котятами доброе утро 3653,https://otkrytki.top/wp-content/uploads/2025/11/otkrytka-3653.jpg.webp
Открытка с добрым утром с девочкой и собачкой 3654,https://otkrytki.top/wp-content/uploads/2025/11/otkrytka-3654.jpg.webp
Открытка с котом давай обниму 3655,https://otkrytki.top/wp-content/uploads/2025/11/otkrytka-3655.jpg.webp
Открытка со сладостями доброе утро 3642,https://otkrytki.top/wp-content/uploads/2025/11/otkrytka-3642.jpg.webp
Открытка Всем доброе утро с ребенком 3629,https://otkrytki.top/wp-content/uploads/2025/11/otkrytka-3629.jpg.webp
Открытка с добрым утром любимой 3625,https://otkrytki.top/wp-content/uploads/2025/11/otkrytka-3625.jpg.webp
Открытка доброе утро с котом 3616,https://otkrytki.top/wp-content/uploads/2025/11/otkrytka-3616-2.jpg.webp
Открытка женщине с добрым утром 3613,https://otkrytki.top/wp-content/uploads/2025/11/otkrytka-3613.jpg.webp
Открытка с миньоном Доброе утро 3615,https://otkrytki.top/wp-content/uploads/2025/11/otkrytka-3615.jpg.webp
Осенняя открытка доброе утро с собачкой  3617,https://otkrytki.top/wp-content/uploads/2025/11/otkrytka-3617.jpg.webp
Открытка с пожеланием начать утро позитивно 3605,https://otkrytki.top/wp-content/uploads/2025/11/otkrytka-3605.jpg.webp
Открытка с котиком доброе утро 3608,https://otkrytki.top/wp-content/uploads/2025/11/otkrytka-3608.jpg.webp
Открытка доброе утро с котиком 3609,https://otkrytki.top/wp-content/uploads/2025/11/otkrytka-3609.jpg.webp
Открытка 3604,https://otkrytki.top/wp-content/uploads/2025/11/otkrytka-3604.jpg.webp
Открытка Доброе утро 3601,https://otkrytki.top/wp-content/uploads/2025/11/otkrytka-3601.jpg.webp
Открытка с петухом доброе утро 3598,https://otkrytki.top/wp-content/uploads/2025/11/otkrytka-3598.jpg.webp
Открытка с курочкой Доброе утро 3597,https://otkrytki.top/wp-content/uploads/2025/11/otkrytka-3597.jpg.webp
Открытка доброе утро мужчине 3581,https://otkrytki.top/wp-content/uploads/2025/11/otkrytka-3581.jpg.webp
Открытка С добрым утром 2964,https://otkrytki.top/wp-content/uploads/2025/05/otkrytka-2964.jpg.webp
Открытка Доброе утро с собачкой 3572,https://otkrytki.top/wp-content/uploads/2025/11/otkrytka-3572.jpg.webp
Открытка с лягушкой доброе утро 3547,https://otkrytki.top/wp-content/uploads/2025/10/otkrytka-3547.jpg.webp
Открытка доброе утро со свинкой 3549,https://otkrytki.top/wp-content/uploads/2025/10/otkrytka-3549.jpg.webp
Открытка доброе утро с чудиком 3551,https://otkrytki.top/wp-content/uploads/2025/10/otkrytka-3551.jpg.webp
Открытка с слоном доброго утра 3548,https://otkrytki.top/wp-content/uploads/2025/10/otkrytka-3548.jpg.webp
С новым прекрасным днем 3544,https://otkrytki.top/wp-content/uploads/2025/10/otkrytka-3544.jpg.webp
Открытка доброе утро 3541,https://otkrytki.top/wp-content/uploads/2025/10/otkrytka-3541.jpg.webp
Доброе утро 3545,https://otkrytki.top/wp-content/uploads/2025/10/otkrytka-3545.jpg.webp
Видео-открытка Доброе утро любимый 3508,https://otkrytki.top/wp-content/uploads/2025/10/otkrytka-3508.jpg.webp
Открытка доброе утро с петухами 3530,https://otkrytki.top/wp-content/uploads/2025/10/otkrytka-3530.jpg.webp
Открытка с уставшей собакой и кофе 3502,https://otkrytki.top/wp-content/uploads/2025/10/otkrytka-3502.jpg.webp
Открытка с зайчиком доброе утро 3524,https://otkrytki.top/wp-content/uploads/2025/10/otkrytka-3524.jpg.webp
Открытка с красочной зеброй доброе утро 3505,https://otkrytki.top/wp-content/uploads/2025/10/otkrytka-3505.jpg.webp
Прикольная видео-открытка с собачкой Доброго утречка 3512,https://otkrytki.top/wp-content/uploads/2025/10/otkrytka-3512.jpg.webp
Открытка с цветами для женщины Доброе утро 3485,https://otkrytki.top/wp-content/uploads/2025/10/otkrytka-3485.jpg.webp
Открытка Доброе утро с красивой девушкой 3520,https://otkrytki.top/wp-content/uploads/2025/10/otkrytka-3520.jpg.webp
Видео-открытка девочкам хорошего дня 3514,https://otkrytki.top/wp-content/uploads/2025/10/otkrytka-3514.jpg.webp
"Видео-открытка с котом Доброе утро, Страна 3513",https://otkrytki.top/wp-content/uploads/2025/10/otkrytka-3513.jpg.webp
Осенняя открытка с котом 3503,https://otkrytki.top/wp-content/uploads/2025/10/otkrytka-3503.jpg.webp
Открытка с розами утро доброе 3494,https://otkrytki.top/wp-content/uploads/2025/10/otkrytka-3494.jpg.webp
Открытка с кошкой за рулем Доброе утро пятница 3481,https://otkrytki.top/wp-content/uploads/2025/09/otkrytka-3481.jpg.webp
Открытка доброе утро с корабликом в луже 3492,https://otkrytki.top/wp-content/uploads/2025/10/otkrytka-3492.jpg.webp
Открытка с осенним лесом доброе утро 3490,https://otkrytki.top/wp-content/uploads/2025/10/otkrytka-3490.jpg.webp
Открытка Доброе утро с красивой девушкой 3489,https://otkrytki.top/wp-content/uploads/2025/10/otkrytka-3489.jpg.webp
Открытка с котиком Доброе утро 3491,https://otkrytki.top/wp-content/uploads/2025/10/otkrytka-3491.jpg.webp
Открытка с котиком и кофе доброе утро 3488,https://otkrytki.top/wp-content/uploads/2025/10/otkrytka-3488.jpg.webp
Открытка с зайчиком Приветик 3483,https://otkrytki.top/wp-content/uploads/2025/09/otkrytka-3483.jpg.webp
Открытка жене с собакой доброе утро 3486,https://otkrytki.top/wp-content/uploads/2025/10/otkrytka-3486.jpg.webp
Открытка с волком Доброе утро 3484,https://otkrytki.top/wp-content/uploads/2025/09/otkrytka-3484.jpg.webp
Открытка с котом и кофе доброе утро 3477,https://otkrytki.top/wp-content/uploads/2025/09/otkrytka-3477.jpg.webp
Открытка с щенком доброе утро жене 3482,https://otkrytki.top/wp-content/uploads/2025/09/otkrytka-3482_2.jpg.webp
Открытка с розами доброе утро 3469,https://otkrytki.top/wp-content/uploads/2025/09/otkrytka-3469.jpg.webp
Открытка с обезьяной доброе утро 3466,https://otkrytki.top/wp-content/uploads/2025/09/otkrytka-3466.jpg.webp
Открытка чего молчишь 3506,https://otkrytki.top/wp-content/uploads/2025/10/otkrytka-3506.jpg.webp
Открытка с котом доброго утра 3471,https://otkrytki.top/wp-content/uploads/2025/09/otkrytka-3471.jpg.webp
Осенняя открытка с лисенком 3501,https://otkrytki.top/wp-content/uploads/2025/10/otkrytka-3501.jpg.webp
Открытка с собакой доброе утро 3468,https://otkrytki.top/wp-content/uploads/2025/09/otkrytka-3468.jpg.webp
Открытка с девочкой Привет 3472,https://otkrytki.top/wp-content/uploads/2025/09/otkrytka-3472.jpg.webp
Открытка с цветком Доброе утро хорошего дня 3460,https://otkrytki.top/wp-content/uploads/2025/09/otkrytka-3460.jpg.webp
Открытка доброе утро с разноцветными котиками 3458,https://otkrytki.top/wp-content/uploads/2025/09/otkrytka-3458.jpg.webp
Открытка с котиком и сердечком с пожеланиями 3451,https://otkrytki.top/wp-content/uploads/2025/09/otkrytka-3451.jpg.webp
Открытка со слоном доброе утро 3450,https://otkrytki.top/wp-content/uploads/2025/09/otkrytka-3450.jpg.webp
Открытка с котом доброе утро 3437,https://otkrytki.top/wp-content/uploads/2025/09/otkrytka-3437.jpg.webp
Позитивная открытка с котом доброе утро 3447,https://otkrytki.top/wp-content/uploads/2025/09/otkrytka-3447.jpg.webp
Открытка женщине доброе утро 3438,https://otkrytki.top/wp-content/uploads/2025/09/otkrytka-3438.jpg.webp
Открытка Доброе утро с красивой девушкой 3443,https://otkrytki.top/wp-content/uploads/2025/09/otkrytka-3443.jpg.webp
Осенняя открытка с кофе Доброе утро 3479,https://otkrytki.top/wp-content/uploads/2025/09/otkrytka-3479.jpg.webp
Видео-открытка доброе утро с девушкой 3436,https://otkrytki.top/wp-content/uploads/2025/09/otkrytka-3436.jpg.webp
Открытка женщине с добрым утром 3433,https://otkrytki.top/wp-content/uploads/2025/09/otkrytka-3433.jpg.webp
Солнечная открытка Доброе утро с девочкой 3432,https://otkrytki.top/wp-content/uploads/2025/09/otkrytka-3432.jpg.webp
"Открытка Доброе утро, прекрасной погоды 3242",https://otkrytki.top/wp-content/uploads/2025/08/otkrytka-3242.jpg.webp
Открытка Привет от девушки 3440,https://otkrytki.top/wp-content/uploads/2025/09/otkrytka-3440.jpg.webp
Прикольная открытка доброе утро с обезьянкой 3434,https://otkrytki.top/wp-content/uploads/2025/09/otkrytka-3434.jpg.webp
Открытка с девочкой Доброе утро 3435,https://otkrytki.top/wp-content/uploads/2025/09/otkrytka-3435.jpg.webp
Открытка позитивного тебе утра 3426,https://otkrytki.top/wp-content/uploads/2025/09/otkrytka-3426.jpg.webp
Осенняя открытка доброе утро у крыльца дома 3428,https://otkrytki.top/wp-content/uploads/2025/09/otkrytka-3428.jpg.webp
Доброе утро: Открытка с арбузом 3422,https://otkrytki.top/wp-content/uploads/2025/09/otkrytka-3422.jpg.webp
Открытка с петухом доброе утро 3419,https://otkrytki.top/wp-content/uploads/2025/09/otkrytka-3419.jpg.webp
Милая открытка с улиткой Самый лучший день 3273,https://otkrytki.top/wp-content/uploads/2025/08/otkrytka-3273.jpg.webp
Улыбнись с добрым утром открытка 3423,https://otkrytki.top/wp-content/uploads/2025/09/otkrytka-3423.jpg.webp
Видео-открытка Доброе утро в осеннем лесу 3386,https://otkrytki.top/wp-content/uploads/2025/09/otkrytka-3386.jpg.webp
Видео-открытка с тюльпанами Прекрасного утра 3418,https://otkrytki.top/wp-content/uploads/2025/09/otkrytka-3418.jpg.webp
Открытка с гламурным жирафом доброе утро 3414,https://otkrytki.top/wp-content/uploads/2025/09/otkrytka-3414.jpg.webp
Открытка С добрым утром Четверг 2778,https://otkrytki.top/wp-content/uploads/2025/03/otkrytka-2778.jpg.webp
Открытка с добрым осенним утром 2330,https://otkrytki.top/wp-content/uploads/2024/12/otkrytka-2330.jpg.webp
Открытка с яркой девушкой доброе утро 3420,https://otkrytki.top/wp-content/uploads/2025/09/otkrytka-3420.jpg.webp
Открытка с гламурным гепардом доброе утро - 3416,https://otkrytki.top/wp-content/uploads/2025/09/otkrytka-3416_2.jpg.webp
Видео-открытка с котиком Доброго утра 3413,https://otkrytki.top/wp-content/uploads/2025/09/otkrytka-3413.jpg.webp
Открытка Доброе утро 2770,https://otkrytki.top/wp-content/uploads/2025/03/otkrytka-2770.jpg.webp
Открытка с котом и шариками доброго утра 3411,https://otkrytki.top/wp-content/uploads/2025/09/otkrytka-3411.jpg.webp
Открытка с девушкой с цветами доброе утро 3421,https://otkrytki.top/wp-content/uploads/2025/09/otkrytka-3421.jpg.webp
Открытка с котом в гамаке в воскресенье 3401,https://otkrytki.top/wp-content/uploads/2025/09/otkrytka-3401.jpg.webp
Открытка с котиком на лавочке Хорошего дня 3412,https://otkrytki.top/wp-content/uploads/2025/09/otkrytka-3412.jpg.webp
Открытка доброе утро 2331,https://otkrytki.top/wp-content/uploads/2024/12/otkrytka-2331.jpg.webp
Открытка с конвертом хорошего настроения 3407,https://otkrytki.top/wp-content/uploads/2025/09/otkrytka-3407.jpg.webp
Открытка со слоном хорошего утра 3403,https://otkrytki.top/wp-content/uploads/2025/09/otkrytka-3403.jpg.webp
Открытка с кофе бодрого утра 3408,https://otkrytki.top/wp-content/uploads/2025/09/otkrytka-3408.jpg.webp
Красивая открытка с сиамской кошкой доброе утро 3387,https://otkrytki.top/wp-content/uploads/2025/09/otkrytka-3387.jpg.webp
Открытка С добрым утром 2722,https://otkrytki.top/wp-content/uploads/2025/03/otkrytka-2722.jpg.webp
Открытка доброе утро 2438,https://otkrytki.top/wp-content/uploads/2025/01/otkrytka-2438.gif
Видео-открытка с утенком доброе утро в понедельник 3375,https://otkrytki.top/wp-content/uploads/2025/09/otkrytka-3375.jpg.webp
Открытка с котом доброе утро 3382,https://otkrytki.top/wp-content/uploads/2025/09/otkrytka-3382.jpg.webp
Открытка с котиком на пляже доброе утро 3383,https://otkrytki.top/wp-content/uploads/2025/09/otkrytka-3383.jpg.webp
Открытка с ромашками доброе утро 3370,https://otkrytki.top/wp-content/uploads/2025/09/otkrytka-3370.jpg.webp
Открытка доброе утро 2401,https://otkrytki.top/wp-content/uploads/2025/01/otkrytka-2401.jpg.webp
Открытка 3334,https://otkrytki.top/wp-content/uploads/2025/08/otkrytka-3334.jpg.webp
Открытка с девочкой Четверг. Доброе утро 3371,https://otkrytki.top/wp-content/uploads/2025/09/otkrytka-3371.jpg.webp
Открытка С ромашками Доброе утро 3356,https://otkrytki.top/wp-content/uploads/2025/08/otkrytka-3356.jpg.webp
Открытка с ежиком и укулеле доброе утро 3365,https://otkrytki.top/wp-content/uploads/2025/09/otkrytka-3365.jpg.webp
Открытка доброе утро с танцующей свинкой 3337,https://otkrytki.top/wp-content/uploads/2025/08/otkrytka-3337.jpg.webp
Открытка доброе утро с девочкой 3359,https://otkrytki.top/wp-content/uploads/2025/08/otkrytka-3359.jpg.webp
Открытка Доброго тебе утречка с рыжим котиком 3340,https://otkrytki.top/wp-content/uploads/2025/08/otkrytka-3340.jpg.webp
Открытка доброе утро 2400,https://otkrytki.top/wp-content/uploads/2024/12/otkrytka-2400.jpg.webp
Открытка Доброе утро с котятами 3342,https://otkrytki.top/wp-content/uploads/2025/08/otkrytka-3342.jpg.webp
Открытка с котиком Кофейку? С добрым утром 3338,https://otkrytki.top/wp-content/uploads/2025/08/otkrytka-3338.jpg.webp
"Открытка Пятница, доброе утро 3330",https://otkrytki.top/wp-content/uploads/2025/08/otkrytka-3330.jpg.webp
Открытка с котом Доброго утра 3339,https://otkrytki.top/wp-content/uploads/2025/08/otkrytka-3339.jpg.webp
Женская открытка доброе утро 3323,https://otkrytki.top/wp-content/uploads/2025/08/otkrytka-3323.jpg.webp
Милая открытка с котенком Доброе утро 3332,https://otkrytki.top/wp-content/uploads/2025/08/otkrytka-3332.jpg.webp
Открытка Доброе утро с крокодилом 3329,https://otkrytki.top/wp-content/uploads/2025/08/otkrytka-3329.jpg.webp
Видео-открытка доброе утро 3322,https://otkrytki.top/wp-content/uploads/2025/08/otkrytka-3322.jpg.webp
Открытка с добрым утром 2390,https://otkrytki.top/wp-content/uploads/2024/12/otkrytka-2390.jpg.webp
Открытка с приветом Доброе утречко 3328,https://otkrytki.top/wp-content/uploads/2025/08/otkrytka-3328.jpg.webp
Красивая открытка с девушкой Доброе утро 3336,https://otkrytki.top/wp-content/uploads/2025/08/otkrytka-3336.jpg.webp
Открытка Доброе утро 3324,https://otkrytki.top/wp-content/uploads/2025/08/otkrytka-3324.jpg.webp
"Открытка Вставай, кофе стынет 3318",https://otkrytki.top/wp-content/uploads/2025/08/otkrytka-3318.jpg.webp
Открытка Доброе утро пятница с котом 3302,https://otkrytki.top/wp-content/uploads/2025/08/otkrytka-3302.jpg.webp
Добрая открытка Доброе утро 3305,https://otkrytki.top/wp-content/uploads/2025/08/otkrytka-3305.jpg.webp
Открытка Пиноккио 3310,https://otkrytki.top/wp-content/uploads/2025/08/otkrytka-3310.jpg.webp
Открытка Доброе утро с кроликом,https://otkrytki.top/wp-content/uploads/2025/08/otkrytka-3243.jpg.webp
Открытка с добрым утром 3308,https://otkrytki.top/wp-content/uploads/2025/08/otkrytka-3308.jpg.webp
Открытка с будильником Успешной недели 3309,https://otkrytki.top/wp-content/uploads/2025/08/otkrytka-3309.jpg.webp
Открытка с добрым утречком 3297,https://otkrytki.top/wp-content/uploads/2025/08/otkrytka-3297.jpg.webp
Открытка Доброе утро: Кофе будешь? 3298,https://otkrytki.top/wp-content/uploads/2025/08/otkrytka-3298.jpg.webp
Открытка с брутальным котом Доброе утро 3290,https://otkrytki.top/wp-content/uploads/2025/08/otkrytka-3290.jpg.webp
Открытка С добрым утром 3283,https://otkrytki.top/wp-content/uploads/2025/08/otkrytka-3283.jpg.webp
"Открытка Утро, кофе 3311",https://otkrytki.top/wp-content/uploads/2025/08/otkrytka-3311.jpg.webp
Прикольная открытка с птицей Доброе утро 3274,https://otkrytki.top/wp-content/uploads/2025/08/otkrytka-3274.jpg.webp
Милая открытка Здравствуй утро 3276,https://otkrytki.top/wp-content/uploads/2025/08/otkrytka-3276.jpg.webp
Красивая открытка с цветами С Добрым утром 3275,https://otkrytki.top/wp-content/uploads/2025/08/otkrytka-3275.jpg.webp
Красивая открытка с шикарным букетом Хорошего настроения 3280,https://otkrytki.top/wp-content/uploads/2025/08/otkrytka-3280.jpg.webp
Открытка доброе утро с осликом 3266,https://otkrytki.top/wp-content/uploads/2025/08/otkrytka-3266.jpg.webp
Открытка Доброе утро с котиком,https://otkrytki.top/wp-content/uploads/2025/08/otkrytka-3258.jpg.webp
Креативная открытка доброе утро с девушкой на кухне,https://otkrytki.top/wp-content/uploads/2025/08/otkrytka-3264.jpg.webp
"Открытка с добрым утром, пятница 3261",https://otkrytki.top/wp-content/uploads/2025/08/otkrytka-3261.jpg.webp
Открытка 3265,https://otkrytki.top/wp-content/uploads/2025/08/otkrytka-3265.jpg.webp
Открытка Доброе утро с милым ёжиком,https://otkrytki.top/wp-content/uploads/2025/08/otkrytka-3262.jpg.webp
Открытка с добрым утром с девушкой 3234,https://otkrytki.top/wp-content/uploads/2025/08/otkrytka-3234.jpg.webp
"Открытка с добрым утром, солнышка в душе 3238",https://otkrytki.top/wp-content/uploads/2025/08/otkrytka-3238.jpg.webp
Открытка Доброе утро с розами 3229,https://otkrytki.top/wp-content/uploads/2025/07/otkrytka-3229.jpg.webp
Открытка Утренняя перекличка 3228,https://otkrytki.top/wp-content/uploads/2025/07/otkrytka-3228.jpg.webp
Видео-открытка Доброе утро понедельник 3170,https://otkrytki.top/wp-content/uploads/2025/07/otkrytka-3170.jpg.webp
Видео-открытка С добрым утром 3252,https://otkrytki.top/wp-content/uploads/2025/08/otkrytka-3252.jpg.webp
С добрым утром открытка со скрипкой,https://otkrytki.top/wp-content/uploads/2025/08/otkrytka-3251.jpg.webp
Открытка Доброе утро с подсолнухами 3224,https://otkrytki.top/wp-content/uploads/2025/07/otkrytka-3224.jpg.webp
Открытка женщине Пусть утро будет красивым 3227,https://otkrytki.top/wp-content/uploads/2025/07/otkrytka-3227.jpg.webp
Открытка Всем утренний привет 3218,https://otkrytki.top/wp-content/uploads/2025/07/otkrytka-3218.jpg.webp
"Открытка Доброе, летнее утро 3216",https://otkrytki.top/wp-content/uploads/2025/07/otkrytka-3216.jpg.webp
Открытка Доброе утро 3193,https://otkrytki.top/wp-content/uploads/2025/07/otkrytka-3193.jpg.webp
Открытка С добрым утром 3207,https://otkrytki.top/wp-content/uploads/2025/07/otkrytka-3207.jpg.webp
Открытка Доброе утро 3201,https://otkrytki.top/wp-content/uploads/2025/07/otkrytka-3201.jpg.webp
Открытка Доброе утро с улиткой 3214,https://otkrytki.top/wp-content/uploads/2025/07/otkrytka-3214.jpg.webp
Открытка С добрым летним утром 3188,https://otkrytki.top/wp-content/uploads/2025/07/otkrytka-3188.jpg.webp
"Доброе утро, кофе не было 3198",https://otkrytki.top/wp-content/uploads/2025/07/otkrytka-3198.jpg.webp
Открытка всем доброго утра 3196,https://otkrytki.top/wp-content/uploads/2025/07/otkrytka-3196.jpg.webp
Видео-открытка Доброе утро 3181,https://otkrytki.top/wp-content/uploads/2025/07/otkrytka-3181.jpg.webp
"Открытка День начался, погнали 3176",https://otkrytki.top/wp-content/uploads/2025/07/otkrytka-3176.jpg.webp
Открытка доброе утро 3169,https://otkrytki.top/wp-content/uploads/2025/07/otkrytka-3169.jpg.webp
Видео-открытка 3177,https://otkrytki.top/wp-content/uploads/2025/07/otkrytka-3177.jpg.webp
Открытка Доброго воскресного утра 3167,https://otkrytki.top/wp-content/uploads/2025/07/otkrytka-3167.jpg.webp
Открытка в стихах Бодрого утра 3175,https://otkrytki.top/wp-content/uploads/2025/07/otkrytka-3175.jpg.webp
Открытка Доброе утро 3165,https://otkrytki.top/wp-content/uploads/2025/07/otkrytka-3165.jpg.webp
Открытка с добрым утром  3162,https://otkrytki.top/wp-content/uploads/2025/07/otkrytka-3162.jpg.webp
Открытка Удалить элемент: С добрым утром С добрым утром 3164,https://otkrytki.top/wp-content/uploads/2025/07/otkrytka-3164.jpg.webp
Открытка С добрым утром 3160,https://otkrytki.top/wp-content/uploads/2025/07/otkrytka-3160.jpg.webp
Открытка Привет 3163,https://otkrytki.top/wp-content/uploads/2025/07/otkrytka-3163.jpg.webp
Открытка С добрым утром 3157,https://otkrytki.top/wp-content/uploads/2025/07/otkrytka-3157.jpg.webp
Креативная открытка Доброе утро 3168,https://otkrytki.top/wp-content/uploads/2025/07/otkrytka-3168.jpg.webp
Открытка С добрым утром 3149,https://otkrytki.top/wp-content/uploads/2025/07/otkrytka-3149.jpg.webp
Открытка Доброе утро в летний понедельник 3174,https://otkrytki.top/wp-content/uploads/2025/07/otkrytka-3174.jpg.webp
Картинка Здравствуй утро 3145,https://otkrytki.top/wp-content/uploads/2025/07/otkrytka-3145.jpg.webp
Открытка С добрым утром женщине 3158,https://otkrytki.top/wp-content/uploads/2025/07/otkrytka-3158.jpg.webp
Открытка с добрым утром 3136,https://otkrytki.top/wp-content/uploads/2025/07/otkrytka-3136.jpg.webp
Открытка Доброе утро 3128,https://otkrytki.top/wp-content/uploads/2025/06/otkrytka-3128.jpg.webp
Открытка с добрым утром женщинам 3132,https://otkrytki.top/wp-content/uploads/2025/07/otkrytka-3132.jpg.webp
Открытка доброе утро 3125,https://otkrytki.top/wp-content/uploads/2025/06/otkrytka-3125.jpg.webp
Открытка Доброе утро 3127,https://otkrytki.top/wp-content/uploads/2025/06/otkrytka-3127.jpg.webp
Открытка доброе утро 3124,https://otkrytki.top/wp-content/uploads/2025/06/otkrytka-3124.jpg.webp
Открытка Вижу проснулись 3130,https://otkrytki.top/wp-content/uploads/2025/06/otkrytka-3130.jpg.webp
Открытка утро доброе 3123,https://otkrytki.top/wp-content/uploads/2025/06/otkrytka-3123.jpg.webp
Открытка Доброе утро 3126,https://otkrytki.top/wp-content/uploads/2025/06/otkrytka-3126.jpg.webp
Открытка Доброе утро 3152,https://otkrytki.top/wp-content/uploads/2025/07/otkrytka-3152.jpg.webp
Яркая открытка Доброе утро 3129,https://otkrytki.top/wp-content/uploads/2025/06/otkrytka-3129.jpg.webp
Открытка Доброе утро 3081,https://otkrytki.top/wp-content/uploads/2025/06/otkrytka-3081.jpg.webp
Открытка С добрым утром 3049,https://otkrytki.top/wp-content/uploads/2025/06/otkrytka-3049.jpg.webp
Открытка Доброе утро 3079,https://otkrytki.top/wp-content/uploads/2025/06/otkrytka-3079.jpg.webp
Открытка Вкусного начала дня 3080,https://otkrytki.top/wp-content/uploads/2025/06/otkrytka-3080.jpg.webp
Открытка Здравствуй новый день 3090,https://otkrytki.top/wp-content/uploads/2025/06/otkrytka-3090.jpg.webp
Открытка доброе утро 3074,https://otkrytki.top/wp-content/uploads/2025/06/otkrytka-3074.jpg.webp
Открытка с добрым утром 3075,https://otkrytki.top/wp-content/uploads/2025/06/otkrytka-3075.jpg.webp
Открытка Доброе утро 3078,https://otkrytki.top/wp-content/uploads/2025/06/otkrytka-3078.jpg.webp
Открытка доброе утро 3076,https://otkrytki.top/wp-content/uploads/2025/06/otkrytka-3076.jpg.webp
Открытка 3041,https://otkrytki.top/wp-content/uploads/2025/06/otkrytka-3041.jpg.webp
Открытка доброе утречко 3068,https://otkrytki.top/wp-content/uploads/2025/06/otkrytka-3068.jpg.webp
Открытка С добрым утром 3048,https://otkrytki.top/wp-content/uploads/2025/06/otkrytka-3048.jpg.webp
Открытка прекрасного утра 3038,https://otkrytki.top/wp-content/uploads/2025/06/otkrytka-3038.jpg.webp
Открытка будь счастлива 3039,https://otkrytki.top/wp-content/uploads/2025/06/otkrytka-3039.jpg.webp
Открытка Доброе утро 3066,https://otkrytki.top/wp-content/uploads/2025/06/otkrytka-3066.jpg.webp
Открытка доброе утро 3036,https://otkrytki.top/wp-content/uploads/2025/06/otkrytka-3036.jpg.webp
Открытка Доброе утро 3030,https://otkrytki.top/wp-content/uploads/2025/06/otkrytka-3030.jpg.webp
Открытка С добрым утром воскресенье 3015,https://otkrytki.top/wp-content/uploads/2025/05/otkrytka-3015.jpg.webp
Открытка Доброе утро 3029,https://otkrytki.top/wp-content/uploads/2025/06/otkrytka-3029.jpg.webp
Открытка с пятницей 3050,https://otkrytki.top/wp-content/uploads/2025/06/otkrytka-3050.jpg.webp
Открытка С добрым утром 3055,https://otkrytki.top/wp-content/uploads/2025/06/otkrytka-3055.jpg.webp
Открытка Доброе утро 3028,https://otkrytki.top/wp-content/uploads/2025/06/otkrytka-3028.jpg.webp
Картинка Утро четверга 3043,https://otkrytki.top/wp-content/uploads/2025/06/otkrytka-3043.jpg.webp
Открытка вкусного завтрака 3025,https://otkrytki.top/wp-content/uploads/2025/05/otkrytka-3025.jpg.webp
Открытка с добрым утром 3024,https://otkrytki.top/wp-content/uploads/2025/05/otkrytka-3024.jpg.webp
Открытка С добрым утром 3002,https://otkrytki.top/wp-content/uploads/2025/05/otkrytka-3002.jpg.webp
Открытка С добрым утром 3013,https://otkrytki.top/wp-content/uploads/2025/05/otkrytka-3013.jpg.webp
Открытка С добрым утром 3010,https://otkrytki.top/wp-content/uploads/2025/05/otkrytka-3010.jpg.webp
Открытка Утренний приветик  2995,https://otkrytki.top/wp-content/uploads/2025/05/otkrytka-2995.jpg.webp
Открытка доброго утра 2973,https://otkrytki.top/wp-content/uploads/2025/05/otkrytka-2973.jpg.webp
Открытка С добрым утром 3017,https://otkrytki.top/wp-content/uploads/2025/05/otkrytka-3017.jpg.webp
Открытка Доброе утро 3032,https://otkrytki.top/wp-content/uploads/2025/06/otkrytka-3032.jpg.webp
Открытка 3023 - хочу пожелать доброго утра и хорошего настроения,https://otkrytki.top/wp-content/uploads/2025/05/otkrytka-3023.jpg.webp
Открытка доброе утречко 3033,https://otkrytki.top/wp-content/uploads/2025/06/otkrytka-3033.jpg.webp
Открытка С добрым утром 2998,https://otkrytki.top/wp-content/uploads/2025/05/otkrytka-2998.jpg.webp
Открытка С добрым утром 2958,https://otkrytki.top/wp-content/uploads/2025/05/otkrytka-2958.jpg.webp
Открытка Доброе утречко 2955,https://otkrytki.top/wp-content/uploads/2025/05/otkrytka-2955.jpg.webp
Открытка С добрым утром 2994,https://otkrytki.top/wp-content/uploads/2025/05/otkrytka-2994.jpg.webp
Гиф-открытка доброе утро 2956,https://otkrytki.top/wp-content/uploads/2025/05/otkrytka-2956.gif
Открытка С добрым утром 2988,https://otkrytki.top/wp-content/uploads/2025/05/otkrytka-2988.jpg.webp
Открытка с добрым утром 2799,https://otkrytki.top/wp-content/uploads/2025/04/otkrytka-2799.jpg.webp
Открытка С добрым утром 2744,https://otkrytki.top/wp-content/uploads/2025/03/otkrytka-2744.jpg.webp
Открытка С добрым утром 2743,https://otkrytki.top/wp-content/uploads/2025/03/otkrytka-2743.jpg.webp
Открытка доброе утро 2800,https://otkrytki.top/wp-content/uploads/2025/04/otkrytka-2800.jpg.webp
Открытка Доброе утро 2983,https://otkrytki.top/wp-content/uploads/2025/05/otkrytka-2983.jpg.webp
Открытка С добрым утром 2720,https://otkrytki.top/wp-content/uploads/2025/03/otkrytka-2720.jpg.webp
Открытка С добрым утром 2681,https://otkrytki.top/wp-content/uploads/2025/03/otkrytka-2681.jpg.webp
Открытка Доброе утро 2967,https://otkrytki.top/wp-content/uploads/2025/05/otkrytka-2967.jpg.webp
Открытка Доброе утро 2952,https://otkrytki.top/wp-content/uploads/2025/05/otkrytka-2952.jpg.webp
Открытка С добрым утром 2963,https://otkrytki.top/wp-content/uploads/2025/05/otkrytka-2963.jpg.webp
Открытка доброе утро 2947,https://otkrytki.top/wp-content/uploads/2025/05/otkrytka-2947.jpg.webp
Открытка С добрым утром 2949,https://otkrytki.top/wp-content/uploads/2025/05/otkrytka-2949.jpg.webp
Открытка Всем доброго утра 2945,https://otkrytki.top/wp-content/uploads/2025/05/otkrytka-2945.jpg.webp
Открытка Доброе утро 2944,https://otkrytki.top/wp-content/uploads/2025/05/otkrytka-2944.jpg.webp
Открытка Доброе утро 2953,https://otkrytki.top/wp-content/uploads/2025/05/otkrytka-2953.jpg.webp
Открытка Доброе утро 2936,https://otkrytki.top/wp-content/uploads/2025/05/otkrytka-2936.jpg.webp
Открытка С добрым утром 2937,https://otkrytki.top/wp-content/uploads/2025/05/otkrytka-2937.jpg.webp
Открытка доброе утро 2946,https://otkrytki.top/wp-content/uploads/2025/05/otkrytka-2946.jpg.webp
Открытка Доброе утро 2929,https://otkrytki.top/wp-content/uploads/2025/05/otkrytka-2929.jpg.webp
Открытка С добрым утром 2925,https://otkrytki.top/wp-content/uploads/2025/05/otkrytka-2925.jpg.webp
Открытка С добрым утром 2940,https://otkrytki.top/wp-content/uploads/2025/05/otkrytka-2940.jpg.webp
Открытка С добрым утром 2912,https://otkrytki.top/wp-content/uploads/2025/05/otkrytka-2912.jpg.webp
Открытка С добрым утром 2911,https://otkrytki.top/wp-content/uploads/2025/05/otkrytka-2911.jpg.webp
Открытка Доброго утра 2930,https://otkrytki.top/wp-content/uploads/2025/05/otkrytka-2930.jpg.webp
Открытка доброе утро 2909,https://otkrytki.top/wp-content/uploads/2025/04/otkrytka-2909.jpg.webp
Открытка доброе утро 2908,https://otkrytki.top/wp-content/uploads/2025/04/otkrytka-2908.jpg.webp
Открытка Доброе утро 2906,https://otkrytki.top/wp-content/uploads/2025/04/otkrytka-2906.jpg.webp
Открытка просыпайся 2938,https://otkrytki.top/wp-content/uploads/2025/05/otkrytka-2938.jpg.webp
Открытка С добрым утром 2895,https://otkrytki.top/wp-content/uploads/2025/04/otkrytka-2895.jpg.webp
Открытка доброе утро 2891,https://otkrytki.top/wp-content/uploads/2025/04/otkrytka-2891.jpg.webp
Открытка С добрым утром 2889,https://otkrytki.top/wp-content/uploads/2025/04/otkrytka-2889.jpg.webp
Открытка С добрым утром 2890,https://otkrytki.top/wp-content/uploads/2025/04/otkrytka-2890.jpg.webp
Открытка С добрым утром 2883,https://otkrytki.top/wp-content/uploads/2025/04/otkrytka-2883.jpg.webp
Открытка Чудесного утра 2882,https://otkrytki.top/wp-content/uploads/2025/04/otkrytka-2882.jpg.webp
Открытка Доброго утра 2885,https://otkrytki.top/wp-content/uploads/2025/04/otkrytka-2885.jpg.webp
Открытка Доброе утро 2887,https://otkrytki.top/wp-content/uploads/2025/04/otkrytka-2887.jpg.webp
Открытка С добрым утром 2879,https://otkrytki.top/wp-content/uploads/2025/04/otkrytka-2879.jpg.webp
Открытка доброе утро 2874,https://otkrytki.top/wp-content/uploads/2025/04/otkrytka-2874.jpg.webp
Открытка С добрым утром 2864,https://otkrytki.top/wp-content/uploads/2025/04/otkrytka-2864.jpg.webp
Открытка С добрым утром 2866,https://otkrytki.top/wp-content/uploads/2025/04/otkrytka-2866.jpg.webp
Открытка С добрым утром 2855,https://otkrytki.top/wp-content/uploads/2025/04/otkrytka-2855.jpg.webp
Открытка 2852,https://otkrytki.top/wp-content/uploads/2025/04/otkrytka-2852.jpg.webp
Открытка доброго утра 2851,https://otkrytki.top/wp-content/uploads/2025/04/otkrytka-2851.jpg.webp
Открытка Доброе утро 2877,https://otkrytki.top/wp-content/uploads/2025/04/otkrytka-2877.jpg.webp
Открытка доброе утро 2845,https://otkrytki.top/wp-content/uploads/2025/04/otkrytka-2845.jpg.webp
Открытка доброе утро 2812,https://otkrytki.top/wp-content/uploads/2025/04/otkrytka-2812.gif
Открытка С добрым утром 2849,https://otkrytki.top/wp-content/uploads/2025/04/otkrytka-2849.jpg.webp
Прекрасного весеннего утра - 2837,https://otkrytki.top/wp-content/uploads/2025/04/otkrytka-2837.jpg.webp
Открытка Доброе утро 2826,https://otkrytki.top/wp-content/uploads/2025/04/otkrytka-2826.jpg.webp
Открытка доброе утро 2810,https://otkrytki.top/wp-content/uploads/2025/04/otkrytka-2810.gif
Открытка С добрым утром 2775,https://otkrytki.top/wp-content/uploads/2025/03/otkrytka-2775.jpg.webp
Открытка с добрым утром женщине 2808,https://otkrytki.top/wp-content/uploads/2025/04/otkrytka-2808.gif
Открытка с добрым утром 2796,https://otkrytki.top/wp-content/uploads/2025/04/otkrytka-2796.jpg.webp
Открытка Доброе утро 2806,https://otkrytki.top/wp-content/uploads/2025/04/otkrytka-2806.gif
Открытка с добрым утром 2797,https://otkrytki.top/wp-content/uploads/2025/04/otkrytka-2797.jpg.webp
Открытка доброе утро 2794,https://otkrytki.top/wp-content/uploads/2025/03/otkrytka-2794.jpg.webp
Открытка С добрым утром 2789,https://otkrytki.top/wp-content/uploads/2025/03/otkrytka-2789.jpg.webp
Открытка Доброе утро 2782,https://otkrytki.top/wp-content/uploads/2025/03/otkrytka-2782.jpg.webp
Открытка Утро доброе 2802,https://otkrytki.top/wp-content/uploads/2025/04/otkrytka-2802.gif
Открытка с добрым утром пятницы 2763,https://otkrytki.top/wp-content/uploads/2025/03/otkrytka-2763.jpg.webp
Открытка доброе утро среда 2776,https://otkrytki.top/wp-content/uploads/2025/03/otkrytka-2776.jpg.webp
Открытка С добрым утром 2754,https://otkrytki.top/wp-content/uploads/2025/03/otkrytka-2754.jpg.webp
Открытка С добрым утром 2753,https://otkrytki.top/wp-content/uploads/2025/03/otkrytka-2753.jpg.webp
Открытка С добрым утром 2786,https://otkrytki.top/wp-content/uploads/2025/03/otkrytka-2786.jpg.webp
Открытка доброе утро 2752,https://otkrytki.top/wp-content/uploads/2025/03/otkrytka-2752.jpg.webp
Открытка с добрым субботним утром 2751,https://otkrytki.top/wp-content/uploads/2025/03/otkrytka-2751.jpg.webp
Открытка Доброе утро 2742,https://otkrytki.top/wp-content/uploads/2025/03/otkrytka-2742.jpg.webp
Открытка Доброе утро 2745,https://otkrytki.top/wp-content/uploads/2025/03/otkrytka-2745.jpg.webp
Открытка легкого дня 2739,https://otkrytki.top/wp-content/uploads/2025/03/otkrytka-2739.jpg.webp
Открытка С добрым утром 2730,https://otkrytki.top/wp-content/uploads/2025/03/otkrytka-2730.jpg.webp
Открытка С добрым утром 2762,https://otkrytki.top/wp-content/uploads/2025/03/otkrytka-2762.jpg.webp
Открытка доброе утро 2715,https://otkrytki.top/wp-content/uploads/2025/03/otkrytka-2715.jpg.webp
Открытка Доброе утро 2714,https://otkrytki.top/wp-content/uploads/2025/03/otkrytka-2714.jpg.webp
Открытка доброе утро 2710,https://otkrytki.top/wp-content/uploads/2025/03/otkrytka-2710.jpg.webp
Открытка С добрым утром 2708,https://otkrytki.top/wp-content/uploads/2025/03/otkrytka-2708.jpg.webp
Открытка Доброе утро 2705,https://otkrytki.top/wp-content/uploads/2025/03/otkrytka-2705.jpg.webp
Открытка хорошего настроения 2704,https://otkrytki.top/wp-content/uploads/2025/03/otkrytka-2704.jpg.webp
Открытка Доброе утро 2701,https://otkrytki.top/wp-content/uploads/2025/03/otkrytka-2701.jpg.webp
Открытка доброе утро 2451,https://otkrytki.top/wp-content/uploads/2025/01/otkrytka-2451.jpg.webp
Открытка доброе утро 2699,https://otkrytki.top/wp-content/uploads/2025/03/otkrytka-2699.jpg.webp
Открытка С добрым утром 2697,https://otkrytki.top/wp-content/uploads/2025/03/otkrytka-2697.jpg.webp
Открытка Доброе утро 2688,https://otkrytki.top/wp-content/uploads/2025/03/otkrytka-2688.gif
Открытка доброе утро 2341,https://otkrytki.top/wp-content/uploads/2024/12/otkrytka-2341.gif
Открытка Доброе утро 2677,https://otkrytki.top/wp-content/uploads/2025/03/otkrytka-2677.jpg.webp
Картинка про утро 2652,https://otkrytki.top/wp-content/uploads/2025/03/otkrytka-2652.jpg.webp
Открытка доброго утра 2664,https://otkrytki.top/wp-content/uploads/2025/03/otkrytka-2664.jpg.webp
Открытка доброе утро 2599,https://otkrytki.top/wp-content/uploads/2025/02/otkrytka-2599.jpg.webp
Открытка доброе утро 2661,https://otkrytki.top/wp-content/uploads/2025/03/otkrytka-2661.jpg.webp
Открытка 2651,https://otkrytki.top/wp-content/uploads/2025/03/otkrytka-2651.jpg.webp
Открытка доброе нежное утро 2639,https://otkrytki.top/wp-content/uploads/2025/02/otkrytka-2639.jpg.webp
Открытка с утрой 2650,https://otkrytki.top/wp-content/uploads/2025/03/otkrytka-2650.jpg.webp
Открытка доброго утра 2649,https://otkrytki.top/wp-content/uploads/2025/03/otkrytka-2649.jpg.webp
Открытка всем доброе утро 2645,https://otkrytki.top/wp-content/uploads/2025/03/otkrytka-2645.jpg.webp
Открытка доброе утро 2690,https://otkrytki.top/wp-content/uploads/2025/03/otkrytka-2690.gif
Открытка доброго утра 2601,https://otkrytki.top/wp-content/uploads/2025/02/otkrytka-2601.jpg.webp
Открытка доброе утро 2334,https://otkrytki.top/wp-content/uploads/2024/12/otkrytka-2334.jpg.webp
Открытка доброе утро с тюльпанами 2643,https://otkrytki.top/wp-content/uploads/2025/03/otkrytka-2643.jpg.webp
Открытка доброе утро 2611,https://otkrytki.top/wp-content/uploads/2025/02/otkrytka-2611.jpg.webp
Открытка с добрым утром 2642,https://otkrytki.top/wp-content/uploads/2025/02/otkrytka-2642.jpg.webp
Открытка доброе утро 2641,https://otkrytki.top/wp-content/uploads/2025/02/otkrytka-2641.jpg.webp
Открытка доброе утро 2644,https://otkrytki.top/wp-content/uploads/2025/03/otkrytka-2644.jpg.webp
Открытка С добрым утром 2625,https://otkrytki.top/wp-content/uploads/2025/02/otkrytka-2625.jpg.webp
Открытка доброе  утро 2640,https://otkrytki.top/wp-content/uploads/2025/02/otkrytka-2640.jpg.webp
Открытка доброе утро 2638,https://otkrytki.top/wp-content/uploads/2025/02/otkrytka-2638.jpg.webp
Открытка с добрым утром 2618,https://otkrytki.top/wp-content/uploads/2025/02/otkrytka-2618.jpg.webp
Открытка доброе утро 2637,https://otkrytki.top/wp-content/uploads/2025/02/otkrytka-2637.jpg.webp
Гиф-открытка 8 марта 34,https://otkrytki.top/wp-content/uploads/2025/02/otkrytka-8-marta-34.gif
Открытка доброе утро 2606,https://otkrytki.top/wp-content/uploads/2025/02/otkrytka-2606.jpg.webp
Открытка доброе весеннее утро 2635,https://otkrytki.top/wp-content/uploads/2025/02/otkrytka-2635.jpg.webp
Открытка доброе утро 2636,https://otkrytki.top/wp-content/uploads/2025/02/otkrytka-2636.jpg.webp
Открытка доброе весеннее утро 2634,https://otkrytki.top/wp-content/uploads/2025/02/otkrytka-2634.jpg.webp
Открытка доброе весеннее утро 2633,https://otkrytki.top/wp-content/uploads/2025/02/otkrytka-2633.jpg.webp
Открытка доброго утра 2623,https://otkrytki.top/wp-content/uploads/2025/02/otkrytka-2623.jpg.webp
Открытка доброе утро 2583,https://otkrytki.top/wp-content/uploads/2025/02/otkrytka-2583.jpg.webp
Открытка Доброе утро 2589,https://otkrytki.top/wp-content/uploads/2025/02/otkrytka-2589.jpg.webp
Открытка доброго зимнего утра 2630,https://otkrytki.top/wp-content/uploads/2025/02/otkrytka-2630.jpg.webp
Открытка доброе утро 2585,https://otkrytki.top/wp-content/uploads/2025/02/otkrytka-2585.jpg.webp
Открытка доброе утро 2582,https://otkrytki.top/wp-content/uploads/2025/02/otkrytka-2582.jpg.webp
С добрым утром понедельник 2562,https://otkrytki.top/wp-content/uploads/2025/02/otkrytka-2562.jpg.webp
Открытка С добрым утром 2626,https://otkrytki.top/wp-content/uploads/2025/02/otkrytka-2626.jpg.webp
Открытка доброе утро 2572,https://otkrytki.top/wp-content/uploads/2025/02/otkrytka-2572.jpg.webp
Открытка доброе утро 2570,https://otkrytki.top/wp-content/uploads/2025/02/otkrytka-2570.jpg.webp
Открытка 2568,https://otkrytki.top/wp-content/uploads/2025/02/otkrytka-2568.jpg.webp
Открытка доброе утро 2552,https://otkrytki.top/wp-content/uploads/2025/02/otkrytka-2552.jpg.webp
Открытка доброе утро 2549,https://otkrytki.top/wp-content/uploads/2025/02/otkrytka-2549.jpg.webp
Открытка доброе утро 2543,https://otkrytki.top/wp-content/uploads/2025/02/otkrytka-2543.jpg.webp
Открытка доброе утро 2574,https://otkrytki.top/wp-content/uploads/2025/02/otkrytka-2574.jpg.webp
Открытка привет утро 2541,https://otkrytki.top/wp-content/uploads/2025/02/otkrytka-2541.jpg.webp
Открытка доброе зимнее утро 2563,https://otkrytki.top/wp-content/uploads/2025/02/otkrytka-2563.jpg.webp
Открытка доброе утро 2540,https://otkrytki.top/wp-content/uploads/2025/02/otkrytka-2540.jpg.webp
Открытка доброе утро 2548,https://otkrytki.top/wp-content/uploads/2025/02/otkrytka-2548.jpg.webp
Открытка с добрым утром  2537,https://otkrytki.top/wp-content/uploads/2025/02/otkrytka-2537.jpg.webp
Открытка доброе утро 2547,https://otkrytki.top/wp-content/uploads/2025/02/otkrytka-2547.jpg.webp
Открытка доброе утро 2539,https://otkrytki.top/wp-content/uploads/2025/02/otkrytka-2539.jpg.webp
Доброе утро открытка 2538,https://otkrytki.top/wp-content/uploads/2025/02/otkrytka-2538.jpg.webp
Открытка доброе утро 2536,https://otkrytki.top/wp-content/uploads/2025/02/otkrytka-2536.jpg.webp
Открытка Доброе утро 2535,https://otkrytki.top/wp-content/uploads/2025/02/otkrytka-2535.jpg.webp
Открытка доброе утро мандариновое 2555,https://otkrytki.top/wp-content/uploads/2025/02/otkrytka-2555.jpg.webp
Открытка понедельник утро 2522,https://otkrytki.top/wp-content/uploads/2025/02/otkrytka-2522.jpg.webp
Доброе утро открытка 2534,https://otkrytki.top/wp-content/uploads/2025/02/otkrytka-2534.jpg.webp
Открытка доброе утро 2533,https://otkrytki.top/wp-content/uploads/2025/02/otkrytka-2533.jpg.webp
Открытка доброе зимнее утро 2532,https://otkrytki.top/wp-content/uploads/2025/02/otkrytka-2532.jpg.webp
Открытка С добрым утром 2531,https://otkrytki.top/wp-content/uploads/2025/02/otkrytka-2531.jpg.webp
Открытка С добрым утром 2530,https://otkrytki.top/wp-content/uploads/2025/02/otkrytka-2530.jpg.webp
Открытка доброе утро 2529,https://otkrytki.top/wp-content/uploads/2025/02/otkrytka-2529.jpg.webp
Открытка 2347,https://otkrytki.top/wp-content/uploads/2024/12/otkrytka-2347.gif
Открытка доброе утро 2518,https://otkrytki.top/wp-content/uploads/2025/02/otkrytka-2518.jpg.webp
Открытка 2515,https://otkrytki.top/wp-content/uploads/2025/01/otkrytka-2515.jpg.webp
Открытка доброе зимнее утро 2511,https://otkrytki.top/wp-content/uploads/2025/01/otkrytka-2511.jpg.webp
Открытка доброе утро зимой 2509,https://otkrytki.top/wp-content/uploads/2025/01/otkrytka-2509.jpg.webp
Открытка с добрым утром 2508,https://otkrytki.top/wp-content/uploads/2025/01/otkrytka-2508.jpg.webp
Открытка доброго зимнего утра 2504,https://otkrytki.top/wp-content/uploads/2025/01/otkrytka-2504.jpg.webp
Открытка доброе утро вторник 2500,https://otkrytki.top/wp-content/uploads/2025/01/otkrytka-2500.jpg.webp
Открытка 2501,https://otkrytki.top/wp-content/uploads/2025/01/otkrytka-2501.jpg.webp
Открытка доброе утро 2493,https://otkrytki.top/wp-content/uploads/2025/01/otkrytka-2493.jpg.webp
Открытка доброе утро люблю тебя 2482,https://otkrytki.top/wp-content/uploads/2025/01/otkrytka-2482.jpg.webp
Открытка не доброе утро 2478,https://otkrytki.top/wp-content/uploads/2025/01/otkrytka-2478.jpg.webp
Открытка доброе утро прикольная 2472,https://otkrytki.top/wp-content/uploads/2025/01/otkrytka-2472.jpg.webp
Открытка с добрым утром 2345,https://otkrytki.top/wp-content/uploads/2024/12/otkrytka-2345.gif
Открытка доброе утро 2468,https://otkrytki.top/wp-content/uploads/2025/01/otkrytka-2468.jpg.webp
Открытка доброе утро 2441,https://otkrytki.top/wp-content/uploads/2025/01/otkrytka-2441.jpg.webp
Открытка с добрым утром 2439,https://otkrytki.top/wp-content/uploads/2025/01/otkrytka-2439.jpg.webp
Открытка 2454,https://otkrytki.top/wp-content/uploads/2025/01/otkrytka-2454.jpg.webp
Открытка 2432,https://otkrytki.top/wp-content/uploads/2025/01/otkrytka-2432.jpg.webp
Открытка С добрым утром 2424,https://otkrytki.top/wp-content/uploads/2025/01/otkrytka-2424.jpg.webp
Открытка доброе утро 2422,https://otkrytki.top/wp-content/uploads/2025/01/otkrytka-2422.jpg.webp
Открытка доброе утро понедельника 2378,https://otkrytki.top/wp-content/uploads/2024/12/otkrytka-2378.jpg.webp
Открытка доброе зимнее утро 2433,https://otkrytki.top/wp-content/uploads/2025/01/otkrytka-2433.jpg.webp
Открытка доброе утро 2421,https://otkrytki.top/wp-content/uploads/2025/01/otkrytka-2421.jpg.webp
Открытка хорошего утра 2429,https://otkrytki.top/wp-content/uploads/2025/01/otkrytka-2429.jpg.webp
Открытка 2420,https://otkrytki.top/wp-content/uploads/2025/01/otkrytka-2420.jpg.webp
Открытка 2418,https://otkrytki.top/wp-content/uploads/2025/01/otkrytka-2418.jpg.webp
Открытка Доброе утро 2414,https://otkrytki.top/wp-content/uploads/2025/01/otkrytka-2414.jpg.webp
Открытка доброе утро 2410,https://otkrytki.top/wp-content/uploads/2025/01/otkrytka-2410.jpg.webp
Открытка доброе утро 2409,https://otkrytki.top/wp-content/uploads/2025/01/otkrytka-2409.jpg.webp
Открытка доброе утро 2405,https://otkrytki.top/wp-content/uploads/2025/01/otkrytka-2405.jpg.webp
Гиф-открытка доброе утро 2344,https://otkrytki.top/wp-content/uploads/2024/12/otkrytka-2344.gif
Открытка с добрым утром 1409,https://otkrytki.top/wp-content/uploads/2024/04/otkrytka-1409.jpg.webp
Открытка доброе утро 2395,https://otkrytki.top/wp-content/uploads/2024/12/otkrytka-2395.jpg.webp
Открытка доброе утро 1310,https://otkrytki.top/wp-content/uploads/2024/03/otkrytka-1310.jpg.webp
Открытка 2388,https://otkrytki.top/wp-content/uploads/2024/12/otkrytka-2388.jpg.webp
Открытка с котами на утро 2379,https://otkrytki.top/wp-content/uploads/2024/12/otkrytka-2379.jpg.webp
Открытка хорошего дня 1298,https://otkrytki.top/wp-content/uploads/2024/12/otkrytka-1298_2.jpg.webp
Открытка доброе утро 2343,https://otkrytki.top/wp-content/uploads/2024/12/otkrytka-2343.gif
Открытка с добрым зимним утром 2375,https://otkrytki.top/wp-content/uploads/2024/12/otkrytka-2375.jpg.webp
Открытка с добрым утром зимы 2369,https://otkrytki.top/wp-content/uploads/2024/12/otkrytka-2369.jpg.webp
Открытка доброе утро зимой 2366,https://otkrytki.top/wp-content/uploads/2024/12/otkrytka-2366.jpg.webp
Открытка доброго зимнего утра 1299,https://otkrytki.top/wp-content/uploads/2024/03/otkrytka-1299.jpg.webp
Прикольная гифка про вставать на работу 2338,https://otkrytki.top/wp-content/uploads/2024/12/otkrytka-2338.gif
Открытка доброе утро 2327,https://otkrytki.top/wp-content/uploads/2024/12/otkrytka-2327.jpg.webp
Открытка доброе утро зимой 2358,https://otkrytki.top/wp-content/uploads/2024/12/otkrytka-2358.jpg.webp
Гиф-открытка с добрым утром 2350,https://otkrytki.top/wp-content/uploads/2024/12/otkrytka-2350.gif
Открытка доброе утро 2315,https://otkrytki.top/wp-content/uploads/2024/12/otkrytka-2315.jpg.webp
Открытка доброе утро 2324,https://otkrytki.top/wp-content/uploads/2024/12/otkrytka-2324.jpg.webp
Открытка 2313,https://otkrytki.top/wp-content/uploads/2024/12/otkrytka-2313.jpg.webp
Открытка чудесного утра 2320,https://otkrytki.top/wp-content/uploads/2024/12/otkrytka-2320.jpg.webp
Открытка с добрым зимним утром 2314,https://otkrytki.top/wp-content/uploads/2024/12/otkrytka-2314.jpg.webp
Открытка доброе утро 2311,https://otkrytki.top/wp-content/uploads/2024/12/otkrytka-2311.jpg.webp
Открытка доброе утро зимнее 2310,https://otkrytki.top/wp-content/uploads/2024/12/otkrytka-2310.jpg.webp
открытка 2271,https://otkrytki.top/wp-content/uploads/2024/11/otkrytka-2271.jpg.webp
Открытка хорошего зимнего дня 2309,https://otkrytki.top/wp-content/uploads/2024/12/otkrytka-2309.jpg.webp
Открытка доброе утро 2319,https://otkrytki.top/wp-content/uploads/2024/12/otkrytka-2319.jpg.webp
Открытка доброе утро 2308,https://otkrytki.top/wp-content/uploads/2024/12/otkrytka-2308.jpg.webp
Открытка доброе утро 2307,https://otkrytki.top/wp-content/uploads/2024/12/otkrytka-2307.jpg.webp
Открытка с добрым утром 2306,https://otkrytki.top/wp-content/uploads/2024/12/otkrytka-2306.jpg.webp
Открытка доброе утро зимнее 2305,https://otkrytki.top/wp-content/uploads/2024/12/otkrytka-2305.jpg.webp
Открытка с добрым зимнем утром 2301,https://otkrytki.top/wp-content/uploads/2024/12/otkrytka-2301.jpg.webp
Открытка утро доброе 2297,https://otkrytki.top/wp-content/uploads/2024/11/otkrytka-2297.jpg.webp
Открытка доброго утра 2300,https://otkrytki.top/wp-content/uploads/2024/11/otkrytka-2300.jpg.webp
Открытка доброе утро 2294,https://otkrytki.top/wp-content/uploads/2024/11/otkrytka-2294.jpg.webp
Открытка С добрым зимним утром 2303,https://otkrytki.top/wp-content/uploads/2024/12/otkrytka-2303.jpg.webp
открытка доброе утро 2292,https://otkrytki.top/wp-content/uploads/2024/11/otkrytka-2292.jpg.webp
открытка 2268,https://otkrytki.top/wp-content/uploads/2024/11/otkrytka-2268.jpg.webp
Открытка доброе утро зима 2299,https://otkrytki.top/wp-content/uploads/2024/11/otkrytka-2299.jpg.webp
Открытка доброе утро 2298,https://otkrytki.top/wp-content/uploads/2024/11/otkrytka-2298.jpg.webp
открытка доброе утро 2285,https://otkrytki.top/wp-content/uploads/2024/11/otkrytka-2285.jpg.webp
открытка приветик 2265,https://otkrytki.top/wp-content/uploads/2024/11/otkrytka-2265.jpg.webp
Открытка доброе утро 2296,https://otkrytki.top/wp-content/uploads/2024/11/otkrytka-2296.jpg.webp
открытка доброе утро 2280,https://otkrytki.top/wp-content/uploads/2024/11/otkrytka-2280.jpg.webp
Открытка доброе утро 2295,https://otkrytki.top/wp-content/uploads/2024/11/otkrytka-2295.jpg.webp
Картинка про утро 2266,https://otkrytki.top/wp-content/uploads/2024/11/otkrytka-2266.jpg.webp
открытка 2260,https://otkrytki.top/wp-content/uploads/2024/11/otkrytka-2260.jpg.webp
Открытка доброе утро 2293,https://otkrytki.top/wp-content/uploads/2024/11/otkrytka-2293.jpg.webp
открытка с добрым утром 2255,https://otkrytki.top/wp-content/uploads/2024/11/otkrytka-2255.jpg.webp
открытка доброе утро 2250,https://otkrytki.top/wp-content/uploads/2024/11/otkrytka-2250.jpg.webp
открытка 2248,https://otkrytki.top/wp-content/uploads/2024/11/otkrytka-2248.jpg.webp
Открытка доброе утро 2276,https://otkrytki.top/wp-content/uploads/2024/11/otkrytka-2276.gif
открытка доброе утро 2244,https://otkrytki.top/wp-content/uploads/2024/11/otkrytka-2244.jpg.webp
открытка 2236,https://otkrytki.top/wp-content/uploads/2024/11/otkrytka-2236.jpg.webp
открытка доброе утро 2239,https://otkrytki.top/wp-content/uploads/2024/11/otkrytka-2239.jpg.webp
открытка 2230,https://otkrytki.top/wp-content/uploads/2024/11/otkrytka-2230.jpg.webp
открытка доброе утро 2228,https://otkrytki.top/wp-content/uploads/2024/11/otkrytka-2228.jpg.webp
открытка доброе утро четверг 2226,https://otkrytki.top/wp-content/uploads/2024/11/otkrytka-2226.jpg.webp
открытка доброе утро 2221,https://otkrytki.top/wp-content/uploads/2024/11/otkrytka-2221.jpg.webp
Открытка 2217,https://otkrytki.top/wp-content/uploads/2024/11/otkrytka-2217.jpg.webp
Веселая картинка 2212,https://otkrytki.top/wp-content/uploads/2024/11/otkrytka-2212.jpg.webp
Открытка доброе утро 2208,https://otkrytki.top/wp-content/uploads/2024/11/otkrytka-2208.jpg.webp
Открытка с добрым утром 2203,https://otkrytki.top/wp-content/uploads/2024/11/otkrytka-2203.jpg.webp
Открытка 2195,https://otkrytki.top/wp-content/uploads/2024/11/otkrytka-2195.jpg.webp
Открытка доброе утро 2190,https://otkrytki.top/wp-content/uploads/2024/11/otkrytka-2190.jpg.webp
Открытка доброго понедельника 2154,https://otkrytki.top/wp-content/uploads/2024/10/otkrytka-2154.jpg.webp
Открытка доброе утро 2187,https://otkrytki.top/wp-content/uploads/2024/11/otkrytka-2187.jpg.webp
Открытка 2185,https://otkrytki.top/wp-content/uploads/2024/11/otkrytka-2185.jpg.webp
Открытка доброе утро 2184,https://otkrytki.top/wp-content/uploads/2024/11/otkrytka-2184.jpg.webp
Открытка 2181,https://otkrytki.top/wp-content/uploads/2024/11/otkrytka-2181.jpg.webp
Открытка доброе осеннее утро 2173,https://otkrytki.top/wp-content/uploads/2024/10/otkrytka-2173.jpg.webp
Открытка легкого понедельника 2153,https://otkrytki.top/wp-content/uploads/2024/10/otkrytka-2153.jpg.webp
Открытка доброе утро 2152,https://otkrytki.top/wp-content/uploads/2024/10/otkrytka-2152.jpg.webp
Открытка доброе утро 2158,https://otkrytki.top/wp-content/uploads/2024/10/otkrytka-2158.jpg.webp
Открытка доброе утро 2141,https://otkrytki.top/wp-content/uploads/2024/10/otkrytka-2141.jpg.webp
Добрые картинки 2136,https://otkrytki.top/wp-content/uploads/2024/10/otkrytka-2136.gif
Открытка с добрым утром 2107,https://otkrytki.top/wp-content/uploads/2024/10/otkrytka-2107.gif
Открытка с добрым утром 2140,https://otkrytki.top/wp-content/uploads/2024/10/otkrytka-2140.jpg.webp
Открытка доброе утро 2102,https://otkrytki.top/wp-content/uploads/2024/10/otkrytka-2102.jpg.webp
Открытка доброго утра 2101,https://otkrytki.top/wp-content/uploads/2024/10/otkrytka-2101.jpg.webp
Открытка доброе утро 2098,https://otkrytki.top/wp-content/uploads/2024/10/otkrytka-2098.jpg.webp
Открытка доброго утра 2096,https://otkrytki.top/wp-content/uploads/2024/10/otkrytka-2096.jpg.webp
Открытка доброе утро 2094,https://otkrytki.top/wp-content/uploads/2024/10/otkrytka-2094.jpg.webp
Открытка доброе утро 2092,https://otkrytki.top/wp-content/uploads/2024/10/otkrytka-2092.jpg.webp
Открытка 2089,https://otkrytki.top/wp-content/uploads/2024/10/otkrytka-2089.jpg.webp
Красивая открытка доброе утро 2080,https://otkrytki.top/wp-content/uploads/2024/10/otkrytka-2080.gif
Картинка про утреннее кофе 2070,https://otkrytki.top/wp-content/uploads/2024/10/otkrytka-2070.jpg.webp
Открытка доброе утро 2067,https://otkrytki.top/wp-content/uploads/2024/10/otkrytka-2067.jpg.webp
Открытка с добрым утром  2068,https://otkrytki.top/wp-content/uploads/2024/10/otkrytka-2068.jpg.webp
Открытка с добрым утром 2059,https://otkrytki.top/wp-content/uploads/2024/10/otkrytka-2059.jpg.webp
картинка про осень 2057,https://otkrytki.top/wp-content/uploads/2024/10/otkrytka-2057.jpg.webp
Открытка доброе утро четверга 2056,https://otkrytki.top/wp-content/uploads/2024/10/otkrytka-2056.jpg.webp
Открытка доброе утро 2055,https://otkrytki.top/wp-content/uploads/2024/10/otkrytka-2055.jpg.webp
Открытка доброе утро 2054,https://otkrytki.top/wp-content/uploads/2024/10/otkrytka-2054.gif
Открытка 2049,https://otkrytki.top/wp-content/uploads/2024/09/otkrytka-2049.jpg.webp
Открытка доброе утро 2035,https://otkrytki.top/wp-content/uploads/2024/09/otkrytka-2035.jpg.webp
Открытка доброе утро 2032,https://otkrytki.top/wp-content/uploads/2024/09/otkrytka-2032.jpg.webp
Открытка с добрым утром 2020,https://otkrytki.top/wp-content/uploads/2024/09/otkrytka-2020.jpg.webp
Открытка с утренними пожеланиями 2018,https://otkrytki.top/wp-content/uploads/2024/09/otkrytka-2018.jpg.webp
Открытка доброе утро смешная 2015,https://otkrytki.top/wp-content/uploads/2024/09/otkrytka-2015.jpg.webp
Открытка с добрым утром 2013,https://otkrytki.top/wp-content/uploads/2024/09/otkrytka-2013.jpg.webp
Смешная картинка про утро 2010,https://otkrytki.top/wp-content/uploads/2024/09/otkrytka-2010.jpg.webp
Открытка с добрым утром 2008,https://otkrytki.top/wp-content/uploads/2024/09/otkrytka-2008.jpg.webp
открытка доброе утро 2004,https://otkrytki.top/wp-content/uploads/2024/09/otkrytka-2004.gif
открытка 2002,https://otkrytki.top/wp-content/uploads/2024/09/otkrytka-2002.jpg.webp
открытка с добрым утром  1986,https://otkrytki.top/wp-content/uploads/2024/09/otkrytka-1986.jpg.webp
Открытка доброе утро 1943,https://otkrytki.top/wp-content/uploads/2024/09/otkrytka-1943.jpg.webp
открытка доброе утро 1978,https://otkrytki.top/wp-content/uploads/2024/09/otkrytka-1978.jpg.webp
Открытка доброе утро 1984,https://otkrytki.top/wp-content/uploads/2024/09/otkrytka-1984.jpg.webp
Открытка доброе утро 1937,https://otkrytki.top/wp-content/uploads/2024/09/otkrytka-1937.jpg.webp
Открытка врываемся в понедельник 1933,https://otkrytki.top/wp-content/uploads/2024/09/otkrytka-1933.gif
Открытка доброе утро 1930,https://otkrytki.top/wp-content/uploads/2024/08/otkrytka-1930.gif
Открытка пятница доброе утро 1912,https://otkrytki.top/wp-content/uploads/2024/08/otkrytka-1912.jpg.webp
открытка с добрым утром 1977,https://otkrytki.top/wp-content/uploads/2024/09/otkrytka-1977.jpg.webp
открытка доброе утро 1973,https://otkrytki.top/wp-content/uploads/2024/09/otkrytka-1973.jpg.webp
Открытка доброго утра 1940,https://otkrytki.top/wp-content/uploads/2024/09/otkrytka-1940.jpg.webp
Открытка хорошего настроения  1932,https://otkrytki.top/wp-content/uploads/2024/08/otkrytka-1932.jpg.webp
Открытка с добрым утром 1928,https://otkrytki.top/wp-content/uploads/2024/08/otkrytka-1928.jpg.webp
Открытка с добрым утром 1911,https://otkrytki.top/wp-content/uploads/2024/08/otkrytka-1911.jpg.webp
Открытка 1910,https://otkrytki.top/wp-content/uploads/2024/08/otkrytka-1910.jpg.webp
Открытка чудесного утра 1908,https://otkrytki.top/wp-content/uploads/2024/08/otkrytka-1908.gif
Открытка доброе утро  1927,https://otkrytki.top/wp-content/uploads/2024/08/otkrytka-1927.gif
Открытка доброе утро 1906,https://otkrytki.top/wp-content/uploads/2024/08/otkrytka-1906.jpg.webp
Открытка доброе утро 1892,https://otkrytki.top/wp-content/uploads/2024/08/otkrytka-1892.gif
Открытка с добрым утром 1887,https://otkrytki.top/wp-content/uploads/2024/08/otkrytka-1887.jpg.webp
Открытка доброго утра 1886,https://otkrytki.top/wp-content/uploads/2024/08/otkrytka-1886.jpg.webp
Открытка 1917,https://otkrytki.top/wp-content/uploads/2024/08/otkrytka-1917.jpg.webp
Открытка с добрым утром 1879,https://otkrytki.top/wp-content/uploads/2024/08/otkrytka-1879.jpg.webp
Открытка доброе утро 1873,https://otkrytki.top/wp-content/uploads/2024/08/otkrytka-1873.jpg.webp
Открытка с добрым утром  1870,https://otkrytki.top/wp-content/uploads/2024/08/otkrytka-1870.jpg.webp
Открытка доброго утра 1866,https://otkrytki.top/wp-content/uploads/2024/08/otkrytka-1866.jpg.webp
Открытка доброе утро 1862,https://otkrytki.top/wp-content/uploads/2024/08/otkrytka-1862.jpg.webp
Открытка доброе утро 1859,https://otkrytki.top/wp-content/uploads/2024/08/otkrytka-1859.jpg.webp
Открытка доброе утро 1858,https://otkrytki.top/wp-content/uploads/2024/08/otkrytka-1858.jpg.webp
Открытка доброе утро 1857,https://otkrytki.top/wp-content/uploads/2024/08/otkrytka-1857.gif
Открытка доброе утро 1851,https://otkrytki.top/wp-content/uploads/2024/08/otkrytka-1851.jpg.webp
Открытка доброе утро 1844,https://otkrytki.top/wp-content/uploads/2024/08/otkrytka-1844.gif
Открытка доброго утра 1842,https://otkrytki.top/wp-content/uploads/2024/08/otkrytka-1842.gif
Открытка доброе утро 1840,https://otkrytki.top/wp-content/uploads/2024/08/otkrytka-1840.gif
Анимированная Открытка доброе утро 1839,https://otkrytki.top/wp-content/uploads/2024/08/otkrytka-1839.gif
Открытка доброе утро 1830,https://otkrytki.top/wp-content/uploads/2024/08/otkrytka-1830.jpg.webp
Открытка доброе утро 1827,https://otkrytki.top/wp-content/uploads/2024/08/otkrytka-1827.jpg.webp
Открытка утро доброе 1810,https://otkrytki.top/wp-content/uploads/2024/07/otkrytka-1810.gif
Открытка 1817,https://otkrytki.top/wp-content/uploads/2024/07/otkrytka-1817.jpg.webp
Открытка доброе утро 1811,https://otkrytki.top/wp-content/uploads/2024/07/otkrytka-1811.gif
Открытка С добрым утром 1804,https://otkrytki.top/wp-content/uploads/2024/07/otkrytka-1804.gif
Открытка доброе утро 1809,https://otkrytki.top/wp-content/uploads/2024/07/otkrytka-1809.gif
Открытка доброе утро 1805,https://otkrytki.top/wp-content/uploads/2024/07/otkrytka-1805.gif
Открытка доброе утро среды 1794,https://otkrytki.top/wp-content/uploads/2024/07/otkrytka-1794.jpg.webp
Открытка доброе утро 1803,https://otkrytki.top/wp-content/uploads/2024/07/otkrytka-1803.gif
Открытка 1801,https://otkrytki.top/wp-content/uploads/2024/07/otkrytka-1801.gif
Открытка доброе утро 1753,https://otkrytki.top/wp-content/uploads/2024/07/otkrytka-1753.jpg.webp
Открытка доброе утро 1745,https://otkrytki.top/wp-content/uploads/2024/07/otkrytka-1745.jpg.webp
Открытка добрым утром 1744,https://otkrytki.top/wp-content/uploads/2024/07/otkrytka-1744.jpg.webp
Веселая открытка с добрым утром 1743,https://otkrytki.top/wp-content/uploads/2024/07/otkrytka-1743.jpg.webp
Открытка 1737,https://otkrytki.top/wp-content/uploads/2024/07/otkrytka-1737.jpg.webp
Открытка доброго утра 1799,https://otkrytki.top/wp-content/uploads/2024/07/otkrytka-1799.jpg.webp
Открытка 1789,https://otkrytki.top/wp-content/uploads/2024/07/otkrytka-1789.jpg.webp
Открытка доброе утро 1767,https://otkrytki.top/wp-content/uploads/2024/07/otkrytka-1767.jpg.webp
Живая открытка с добрым утром 1736,https://otkrytki.top/wp-content/uploads/2024/07/otkrytka-1736.gif
Открытка доброе утро 1732,https://otkrytki.top/wp-content/uploads/2024/07/otkrytka-1732.gif
Открытка просыпаемся 1731,https://otkrytki.top/wp-content/uploads/2024/07/otkrytka-1731.gif
Открытка Доброе утро 1730,https://otkrytki.top/wp-content/uploads/2024/07/otkrytka-1730.gif
Открытка с добрым утром  1729,https://otkrytki.top/wp-content/uploads/2024/07/otkrytka-1729.jpg.webp
Открытка доброго утра 1727,https://otkrytki.top/wp-content/uploads/2024/07/otkrytka-1727.jpg.webp
Открытка успешного дня  1724,https://otkrytki.top/wp-content/uploads/2024/07/otkrytka-1724.jpg.webp
Открытка 1720,https://otkrytki.top/wp-content/uploads/2024/07/otkrytka-1720.jpg.webp
Открытка улыбнись 1711,https://otkrytki.top/wp-content/uploads/2024/07/otkrytka-1711.jpg.webp
Открытка доброе утро любимому 1696,https://otkrytki.top/wp-content/uploads/2024/06/otkrytka-1696.jpg.webp
Открытка доброе утро 1694,https://otkrytki.top/wp-content/uploads/2024/06/otkrytka-1694.jpg.webp
Открытка с добрым утром 1687,https://otkrytki.top/wp-content/uploads/2024/06/otkrytka-1687.jpg.webp
Открытка доброе утро 1685,https://otkrytki.top/wp-content/uploads/2024/06/otkrytka-1685.jpg.webp
Открытка доброе утро 1683,https://otkrytki.top/wp-content/uploads/2024/06/otkrytka-1683.jpg.webp
Открытка с пятницей 1646,https://otkrytki.top/wp-content/uploads/2024/06/otkrytka-1646.gif
Открытка с добрым утром 1681,https://otkrytki.top/wp-content/uploads/2024/06/otkrytka-1681.jpg.webp
Открытка с добрым утречком 1678,https://otkrytki.top/wp-content/uploads/2024/06/otkrytka-1678.jpg.webp
Открытка с добрым утром 1666,https://otkrytki.top/wp-content/uploads/2024/06/otkrytka-1666.gif
Открытка с добрым утром 1664,https://otkrytki.top/wp-content/uploads/2024/06/otkrytka-1664.gif
Открытка Доброе утро 1640,https://otkrytki.top/wp-content/uploads/2024/06/otkrytka-1640.gif
Открытка доброе утро 1639,https://otkrytki.top/wp-content/uploads/2024/06/otkrytka-1639.jpg.webp
Открытка доброго утра 1638,https://otkrytki.top/wp-content/uploads/2024/06/otkrytka-1638.jpg.webp
Открытка доброго утра 1636,https://otkrytki.top/wp-content/uploads/2024/06/otkrytka-1636.jpg.webp
Открытка с добрым утром 1634,https://otkrytki.top/wp-content/uploads/2024/06/otkrytka-1634.jpg.webp
Открытка доброе утро 1633,https://otkrytki.top/wp-content/uploads/2024/06/otkrytka-1633.gif
Открытка доброе утро 1627,https://otkrytki.top/wp-content/uploads/2024/06/otkrytka-1627.jpg.webp
Открытка доброе утро 1628,https://otkrytki.top/wp-content/uploads/2024/06/otkrytka-1628.gif
Открытка доброе утро 1625,https://otkrytki.top/wp-content/uploads/2024/06/otkrytka-1625.jpg.webp
Открытка доброе утро 1620,https://otkrytki.top/wp-content/uploads/2024/06/otkrytka-1620.jpg.webp
Открытка доброе утро 1618,https://otkrytki.top/wp-content/uploads/2024/06/otkrytka-1618.jpg.webp
Открытка с добрым утром 1617,https://otkrytki.top/wp-content/uploads/2024/06/otkrytka-1617.jpg.webp
Открытка доброе утро 1615,https://otkrytki.top/wp-content/uploads/2024/06/otkrytka-1615.jpg.webp
Открытка доброе утро 1614,https://otkrytki.top/wp-content/uploads/2024/06/otkrytka-1614.jpg.webp
Открытка с добрым утром 1610,https://otkrytki.top/wp-content/uploads/2024/06/otkrytka-1610.jpg.webp
Открытка доброе утро 1604,https://otkrytki.top/wp-content/uploads/2024/06/otkrytka-1604.jpg.webp
Открытка доброе утро 1599,https://otkrytki.top/wp-content/uploads/2024/05/otkrytka-1599.jpg.webp
Открытка с добрым утром  1594,https://otkrytki.top/wp-content/uploads/2024/05/otkrytka-1594.jpg.webp
Открытка доброе утро 1591,https://otkrytki.top/wp-content/uploads/2024/05/otkrytka-1591.jpg.webp
Открытка Доброе утро 1582,https://otkrytki.top/wp-content/uploads/2024/05/otkrytka-1582.jpg.webp
Открытка доброе утро 1584,https://otkrytki.top/wp-content/uploads/2024/05/otkrytka-1584.jpg.webp
Открытка Доброе утро 1577,https://otkrytki.top/wp-content/uploads/2024/05/otkrytka-1577.jpg.webp
Открытка Доброе утро 1573,https://otkrytki.top/wp-content/uploads/2024/05/otkrytka-1573.jpg.webp
Открытка счастливого утра 1569,https://otkrytki.top/wp-content/uploads/2024/05/otkrytka-1569.jpg.webp
Открытка с пожеланием доброго утра 1550,https://otkrytki.top/wp-content/uploads/2024/05/otkrytka-1550.jpg.webp
Открытка с добрым утром 1540,https://otkrytki.top/wp-content/uploads/2024/05/otkrytka-1540.jpg.webp
Открытка доброе утро 1539,https://otkrytki.top/wp-content/uploads/2024/05/otkrytka-1539.jpg.webp
Картинка доброе утро 1538,https://otkrytki.top/wp-content/uploads/2024/05/otkrytka-1538.jpg.webp
Открытка доброе утро 1537,https://otkrytki.top/wp-content/uploads/2024/05/otkrytka-1537.jpg.webp
Открытка доброе утро 1532,https://otkrytki.top/wp-content/uploads/2024/05/otkrytka-1532.jpg.webp
Открытка с добрым утром 1531,https://otkrytki.top/wp-content/uploads/2024/05/otkrytka-1531.jpg.webp
Открытка доброе утро 1529,https://otkrytki.top/wp-content/uploads/2024/05/otkrytka-1529.jpg.webp
Открытка с добрым утром 1528,https://otkrytki.top/wp-content/uploads/2024/05/otkrytka-1528.jpg.webp
Открытка доброе утро понедельника 1546,https://otkrytki.top/wp-content/uploads/2024/05/otkrytka-1546.jpg.webp
Открытка доброе утро 1523,https://otkrytki.top/wp-content/uploads/2024/05/otkrytka-1523.jpg.webp
Открытка доброе утро 1516,https://otkrytki.top/wp-content/uploads/2024/05/otkrytka-1516.jpg.webp
Открытка это тебе 1513,https://otkrytki.top/wp-content/uploads/2024/05/otkrytka-1513.jpg.webp
Открытка с добрым утром 1512,https://otkrytki.top/wp-content/uploads/2024/05/otkrytka-1512.jpg.webp
Картинка с добрым утром 1510,https://otkrytki.top/wp-content/uploads/2024/05/otkrytka-1510.jpg.webp
Открытка доброе утро 1557,https://otkrytki.top/wp-content/uploads/2024/05/otkrytka-1557.jpg.webp
Открытка доброе утро 1544,https://otkrytki.top/wp-content/uploads/2024/05/otkrytka-1544.gif
Открытка 1542,https://otkrytki.top/wp-content/uploads/2024/05/otkrytka-1542.jpg.webp
Картинка приглашение на кофе 1508,https://otkrytki.top/wp-content/uploads/2024/05/otkrytka-1508.jpg.webp
Открытка с добрым утром 1502,https://otkrytki.top/wp-content/uploads/2024/05/otkrytka-1502.gif
Открытка просыпайся 1500,https://otkrytki.top/wp-content/uploads/2024/05/otkrytka-1500.gif
Открытка доброго утра 1527,https://otkrytki.top/wp-content/uploads/2024/05/otkrytka-1527.jpg.webp
Открытка с добрым утром 1496,https://otkrytki.top/wp-content/uploads/2024/05/otkrytka-1496.gif
Gif открытка бодрого утра 1495,https://otkrytki.top/wp-content/uploads/2024/04/otkrytka-1495.gif
Гиф открытка с добрым утром  1494,https://otkrytki.top/wp-content/uploads/2024/04/otkrytka-1494.gif
Прикольная открытка с добрым утром 1491,https://otkrytki.top/wp-content/uploads/2024/04/otkrytka-1491.gif
Открытка вам кофе 1481,https://otkrytki.top/wp-content/uploads/2024/04/otkrytka-1481.jpg.webp
Открытка с добрым утром 1477,https://otkrytki.top/wp-content/uploads/2024/04/otkrytka-1477.jpg.webp
Открытка про доброе утро 1469,https://otkrytki.top/wp-content/uploads/2024/04/otkrytka-1469.jpg.webp
Доброе утро открытка 1468,https://otkrytki.top/wp-content/uploads/2024/04/otkrytka-1468.jpg.webp
Открытка утром добрым 1474,https://otkrytki.top/wp-content/uploads/2024/04/otkrytka-1474.jpg.webp
Открытка с добрым утром женщине 1473,https://otkrytki.top/wp-content/uploads/2024/04/otkrytka-1473.jpg.webp
Открытка с добрым утром 1471,https://otkrytki.top/wp-content/uploads/2024/04/otkrytka-1471.jpg.webp
Чистый четверг открытка 07,https://otkrytki.top/wp-content/uploads/2024/04/chistyj-chetverg-otkrytka-07.jpg.webp
Чистый четверг открытка 06,https://otkrytki.top/wp-content/uploads/2024/04/chistyj-chetverg-otkrytka-06.jpg.webp
Открытка 1431,https://otkrytki.top/wp-content/uploads/2024/04/otkrytka-1431.jpg.webp
Доброе утро открытка 1449,https://otkrytki.top/wp-content/uploads/2024/04/otkrytka-1449.jpg.webp
Открытка с добрым утром 1447,https://otkrytki.top/wp-content/uploads/2024/04/otkrytka-1447.jpg.webp
Открытка 1421,https://otkrytki.top/wp-content/uploads/2024/04/otkrytka-1421.gif
Открытка с добрым утром 1433,https://otkrytki.top/wp-content/uploads/2024/04/otkrytka-1433.jpg.webp
Открытка слава труду 1382,https://otkrytki.top/wp-content/uploads/2024/04/otkrytka-1382.jpg.webp
Открытка 1404 Доброе утро,https://otkrytki.top/wp-content/uploads/2024/04/otkrytka-1404.jpg.webp
Открытка Доброе утро 1381,https://otkrytki.top/wp-content/uploads/2024/04/otkrytka-1381.jpg.webp
Открытка Доброе утро 1378,https://otkrytki.top/wp-content/uploads/2024/04/otkrytka-1378.jpg.webp
Открытка 1375,https://otkrytki.top/wp-content/uploads/2024/04/otkrytka-1375.jpg.webp
Открытка 1294,https://otkrytki.top/wp-content/uploads/2024/03/otkrytka-1294.jpg.webp
Открытка доброе утро 1342,https://otkrytki.top/wp-content/uploads/2024/04/otkrytka-1342.jpg.webp
Открытка доброе утро 1345,https://otkrytki.top/wp-content/uploads/2024/04/otkrytka-1345.jpg.webp
Открытка доброе утречко 1321,https://otkrytki.top/wp-content/uploads/2024/03/otkrytka-1321.jpg.webp
Открытка 1316,https://otkrytki.top/wp-content/uploads/2024/03/otkrytka-1316.jpg.webp
Открытка 1315,https://otkrytki.top/wp-content/uploads/2024/03/otkrytka-1315.gif
Открытка 1313,https://otkrytki.top/wp-content/uploads/2024/03/otkrytka-1313.jpg.webp
Открытка 1304,https://otkrytki.top/wp-content/uploads/2024/03/otkrytka-1304.jpg.webp
Открытка 1291,https://otkrytki.top/wp-content/uploads/2024/03/otkrytka-1291.jpg.webp
Открытка 1224,https://otkrytki.top/wp-content/uploads/2024/02/otkrytka-1224.jpg.webp
Открытка 1283,https://otkrytki.top/wp-content/uploads/2024/03/otkrytka-1283.jpg.webp
Открытка 1267,https://otkrytki.top/wp-content/uploads/2024/03/otkrytka-1267.jpg.webp
Открытка 1277,https://otkrytki.top/wp-content/uploads/2024/03/otkrytka-1277.jpg.webp
Открытка с масленницей 4,https://otkrytki.top/wp-content/uploads/2024/03/otkrytka-s-maslenniczej-4.jpg.webp
Открытка 1257,https://otkrytki.top/wp-content/uploads/2024/03/otkrytka-1257.jpg.webp
Открытка 1213,https://otkrytki.top/wp-content/uploads/2024/02/otkrytka-1213.gif
Открытка 1235,https://otkrytki.top/wp-content/uploads/2024/03/otkrytka-1235.jpg.webp
Открытка 1233,https://otkrytki.top/wp-content/uploads/2024/03/otkrytka-1233.gif
Открытка 1253,https://otkrytki.top/wp-content/uploads/2024/03/otkrytka-1253.gif
Открытка 1201,https://otkrytki.top/wp-content/uploads/2024/02/otkrytka-1201.jpg.webp
Открытка 1186,https://otkrytki.top/wp-content/uploads/2024/02/otkrytka-1186.gif
Открытка 1177,https://otkrytki.top/wp-content/uploads/2024/02/otkrytka-1177.jpg.webp
Открытка 1174,https://otkrytki.top/wp-content/uploads/2024/02/otkrytka-1174.jpg.webp
Открытка 1165,https://otkrytki.top/wp-content/uploads/2024/02/otkrytka-1165.jpg.webp
Открытка 1149,https://otkrytki.top/wp-content/uploads/2024/02/otkrytka-1149.jpg.webp
Открытка 1164,https://otkrytki.top/wp-content/uploads/2024/02/otkrytka-1164.jpg.webp
Открытка 1128,https://otkrytki.top/wp-content/uploads/2024/02/otkrytka-1128.jpg.webp
Открытка 1176,https://otkrytki.top/wp-content/uploads/2024/02/otkrytka-1176.jpg.webp
Открытка 1114,https://otkrytki.top/wp-content/uploads/2024/01/otkrytka-1114.jpg.webp
Открытка 1163,https://otkrytki.top/wp-content/uploads/2024/02/otkrytka-1163.jpg.webp
Открытка 1143,https://otkrytki.top/wp-content/uploads/2024/02/otkrytka-1143.jpg.webp
Открытка 1141,https://otkrytki.top/wp-content/uploads/2024/02/otkrytka-1141.jpg.webp
Открытка 1138,https://otkrytki.top/wp-content/uploads/2024/02/otkrytka-1138.jpg.webp
Открытка 1134,https://otkrytki.top/wp-content/uploads/2024/02/otkrytka-1134.jpg.webp
Открытка 1131,https://otkrytki.top/wp-content/uploads/2024/02/otkrytka-1131.jpg.webp
Открытка 1185,https://otkrytki.top/wp-content/uploads/2024/02/otkrytka-1185.jpg.webp
Открытка 1123,https://otkrytki.top/wp-content/uploads/2024/01/otkrytka-1123.jpg.webp
Открытка 1153,https://otkrytki.top/wp-content/uploads/2024/02/otkrytka-1153.jpg.webp
Открытка 1121,https://otkrytki.top/wp-content/uploads/2024/01/otkrytka-1121.jpg.webp
Открытка 1130,https://otkrytki.top/wp-content/uploads/2024/02/otkrytka-1130.jpg.webp
Открытка 1129,https://otkrytki.top/wp-content/uploads/2024/02/otkrytka-1129.jpg.webp
Открытка 1109,https://otkrytki.top/wp-content/uploads/2024/01/otkrytka-1109.jpg.webp
Открытка 1108,https://otkrytki.top/wp-content/uploads/2024/01/otkrytka-1108.jpg.webp
Открытка 1106,https://otkrytki.top/wp-content/uploads/2024/01/otkrytka-1106.jpg.webp
Открытка 1098,https://otkrytki.top/wp-content/uploads/2024/01/otkrytka-1098.jpg.webp
Открытка 1084,https://otkrytki.top/wp-content/uploads/2024/01/otkrytka-1084.jpg.webp
Открытка 1076,https://otkrytki.top/wp-content/uploads/2024/01/otkrytka-1076.jpg.webp
Открытка 1077,https://otkrytki.top/wp-content/uploads/2024/01/otkrytka-1077.jpg.webp
Открытка 1064,https://otkrytki.top/wp-content/uploads/2024/01/otkrytka-1064.jpg.webp
Открытка 1062,https://otkrytki.top/wp-content/uploads/2024/01/otkrytka-1062.jpg.webp
Открытка 1030,https://otkrytki.top/wp-content/uploads/2024/01/otkrytka-1030.jpg.webp
Открытка 1051,https://otkrytki.top/wp-content/uploads/2024/01/otkrytka-1051.jpg.webp
Открытка 1046,https://otkrytki.top/wp-content/uploads/2024/01/otkrytka-1046.jpg.webp
Открытка 1017,https://otkrytki.top/wp-content/uploads/2024/01/otkrytka-1017.gif
Открытка 1016,https://otkrytki.top/wp-content/uploads/2024/01/otkrytka-1016.gif
Открытка 1079,https://otkrytki.top/wp-content/uploads/2024/01/otkrytka-1079.jpg.webp
Открытка 1015,https://otkrytki.top/wp-content/uploads/2024/01/otkrytka-1015.gif
Открытка 1013,https://otkrytki.top/wp-content/uploads/2024/01/otkrytka-1013.gif
Открытка 1033,https://otkrytki.top/wp-content/uploads/2024/01/otkrytka-1033.jpg.webp
Открытка 800,https://otkrytki.top/wp-content/uploads/2024/01/otkrytka-800-2.jpg.webp
Открытка 1005,https://otkrytki.top/wp-content/uploads/2024/01/otkrytka-1005.jpg.webp
Открытка 997,https://otkrytki.top/wp-content/uploads/2024/01/otkrytka-997.jpg.webp
Открытка 990,https://otkrytki.top/wp-content/uploads/2024/01/otkrytka-990.jpg.webp
Открытка 974,https://otkrytki.top/wp-content/uploads/2023/12/otkrytka-974.jpg.webp
Открытка 965,https://otkrytki.top/wp-content/uploads/2023/12/otkrytka-965.jpg.webp
Открытка 986,https://otkrytki.top/wp-content/uploads/2023/12/otkrytka-986.jpg.webp
Открытка 972,https://otkrytki.top/wp-content/uploads/2023/12/otkrytka-972.jpg.webp
Открытка 962,https://otkrytki.top/wp-content/uploads/2023/12/otkrytka-962.jpg.webp
Открытка 947,https://otkrytki.top/wp-content/uploads/2023/12/otkrytka-947.jpg.webp
Открытка 950,https://otkrytki.top/wp-content/uploads/2023/12/otkrytka-950.jpg.webp
Открытка 956,https://otkrytki.top/wp-content/uploads/2023/12/otkrytka-956.jpg.webp
Открытка 932,https://otkrytki.top/wp-content/uploads/2023/12/otkrytka-932.jpg.webp
Открытка 954,https://otkrytki.top/wp-content/uploads/2023/12/otkrytka-954.jpg.webp
Открытка 931,https://otkrytki.top/wp-content/uploads/2023/12/otkrytka-931.jpg.webp
Открытка 910,https://otkrytki.top/wp-content/uploads/2023/12/otkrytka-910.jpg.webp
Открытка 903,https://otkrytki.top/wp-content/uploads/2023/12/otkrytka-903.jpg.webp
Открытка 904,https://otkrytki.top/wp-content/uploads/2023/12/otkrytka-904.jpg.webp
Открытка 856,https://otkrytki.top/wp-content/uploads/2023/12/otkrytka-856.jpg.webp
Открытка 850,https://otkrytki.top/wp-content/uploads/2023/12/otkrytka-850.jpg.webp
Открытка 838,https://otkrytki.top/wp-content/uploads/2023/12/otkrytka-838.jpg.webp
Открытка 837,https://otkrytki.top/wp-content/uploads/2023/12/otkrytka-837.jpg.webp
Открытка 836,https://otkrytki.top/wp-content/uploads/2023/12/otkrytka-836.jpg.webp
Открытка 827,https://otkrytki.top/wp-content/uploads/2023/12/otkrytka-827.jpg.webp
Открытка 821,https://otkrytki.top/wp-content/uploads/2023/11/otkrytka-821.jpg.webp
Открытка 809,https://otkrytki.top/wp-content/uploads/2023/11/otkrytka-809.jpg.webp
Открытка 803,https://otkrytki.top/wp-content/uploads/2023/11/otkrytka-803.jpg.webp
Открытка 795,https://otkrytki.top/wp-content/uploads/2023/11/otkrytka-795.jpg.webp
Открытка 789,https://otkrytki.top/wp-content/uploads/2023/11/otkrytka-789.jpg.webp
Открытка 787,https://otkrytki.top/wp-content/uploads/2023/11/otkrytka-787.jpg.webp
Открытка 781,https://otkrytki.top/wp-content/uploads/2023/11/s-novym-godom-otkrytka-02.jpg.webp
Открытка 777,https://otkrytki.top/wp-content/uploads/2023/11/otkrytka-777.jpg.webp
Открытка 775,https://otkrytki.top/wp-content/uploads/2023/11/otkrytka-775.jpg.webp
Открытка 630,https://otkrytki.top/wp-content/uploads/2023/10/otkrytka-630.jpg.webp
Открытка 612,https://otkrytki.top/wp-content/uploads/2023/10/otkrytka-612.jpg.webp
Открытка 601,https://otkrytki.top/wp-content/uploads/2023/10/otkrytka-601.jpg.webp
Смешная картинка про настроение 599,https://otkrytki.top/wp-content/uploads/2023/10/otkrytka-599.jpg.webp
Открытка 595,https://otkrytki.top/wp-content/uploads/2023/10/otkrytka-595.jpg.webp
Открытка 594,https://otkrytki.top/wp-content/uploads/2023/10/otkrytka-594.jpg.webp
Открытка 593,https://otkrytki.top/wp-content/uploads/2023/10/otkrytka-593.jpg.webp
Открытка 592,https://otkrytki.top/wp-content/uploads/2023/10/otkrytka-592.jpg.webp
Открытка 598,https://otkrytki.top/wp-content/uploads/2023/10/otkrytka-598.jpg.webp
Открытка 588,https://otkrytki.top/wp-content/uploads/2023/10/otkrytka-588.jpg.webp
Открытка 589,https://otkrytki.top/wp-content/uploads/2023/10/otkrytka-589.gif
Открытка 580,https://otkrytki.top/wp-content/uploads/2023/10/otkrytka-580.jpg.webp
Открытка 574,https://otkrytki.top/wp-content/uploads/2023/10/otkrytka-574.jpg.webp
Открытка 570,https://otkrytki.top/wp-content/uploads/2023/10/570_otkrytka.jpg.webp
Открытка 565,https://otkrytki.top/wp-content/uploads/2023/10/565_otkrytka.jpg.webp
Открытка 556,https://otkrytki.top/wp-content/uploads/2023/10/556_otkrytka.jpg.webp
Открытка 528,https://otkrytki.top/wp-content/uploads/2023/09/528_otkrytka.jpg.webp
Открытка 502,https://otkrytki.top/wp-content/uploads/2023/09/502_otkrytka.jpg.webp
Открытка 496,https://otkrytki.top/wp-content/uploads/2023/09/496_otkrytka.jpg.webp
Открытка 478,https://otkrytki.top/wp-content/uploads/2023/09/478_otkrytka.jpg.webp
Открытка 472,https://otkrytki.top/wp-content/uploads/2023/09/472_otkrytka.jpg.webp
Открытка 469,https://otkrytki.top/wp-content/uploads/2023/09/469_otkrytka.jpg.webp
Открытка 465,https://otkrytki.top/wp-content/uploads/2023/09/465_otkrytka.jpg.webp
Открытка 454,https://otkrytki.top/wp-content/uploads/2023/09/454_otkrytka.jpg.webp
Открытка 455,https://otkrytki.top/wp-content/uploads/2023/09/455_otkrytka.jpg.webp
Открытка 446,https://otkrytki.top/wp-content/uploads/2023/09/446_otkrytka.jpg.webp
Открытка 447,https://otkrytki.top/wp-content/uploads/2023/09/447_otkrytka.jpg.webp
Открытка 427,https://otkrytki.top/wp-content/uploads/2023/09/427_otkrytka.jpg.webp
Открытка 405,https://otkrytki.top/wp-content/uploads/2023/08/405_otkrytka.jpg.webp
Открытка 438,https://otkrytki.top/wp-content/uploads/2023/09/438_otkrytka.jpg.webp
Открытка 433,https://otkrytki.top/wp-content/uploads/2023/09/433_otkrytka.jpg.webp
Открытка 432,https://otkrytki.top/wp-content/uploads/2023/09/432_otkrytka.jpg.webp
Открытка 428,https://otkrytki.top/wp-content/uploads/2023/09/428_otkrytka.jpg.webp
Открытка 416,https://otkrytki.top/wp-content/uploads/2023/08/416_otkrytka.jpg.webp
Открытка 412,https://otkrytki.top/wp-content/uploads/2023/08/412_otkrytka.jpg.webp
Открытка 411,https://otkrytki.top/wp-content/uploads/2023/08/411_otkrytka.jpg.webp
Открытка 394,https://otkrytki.top/wp-content/uploads/2023/08/394_otkrytka.jpg.webp
Открытка 393,https://otkrytki.top/wp-content/uploads/2023/08/393_otkrytka.jpg.webp
Открытка 392,https://otkrytki.top/wp-content/uploads/2023/08/392_otkrytka.jpg.webp
Открытка 368,https://otkrytki.top/wp-content/uploads/2023/08/368_otkrytka.jpg.webp
Открытка 360,https://otkrytki.top/wp-content/uploads/2023/08/360_otkrytka.jpg.webp
Открытка 361,https://otkrytki.top/wp-content/uploads/2023/08/361_otkrytka.jpg.webp
Открытка 367,https://otkrytki.top/wp-content/uploads/2023/08/367_otkrytka.jpg.webp
Открытка 337,https://otkrytki.top/wp-content/uploads/2023/08/337_otkrytka.jpg.webp
Открытка 343,https://otkrytki.top/wp-content/uploads/2023/08/343_otkrytka.jpg.webp
Открытка 342,https://otkrytki.top/wp-content/uploads/2023/08/342_otkrytka.jpg.webp
Открытка 324,https://otkrytki.top/wp-content/uploads/2023/08/324_otkrytka.jpg.webp
Открытка 289,https://otkrytki.top/wp-content/uploads/2023/08/289_otkrytka.jpg.webp
Открытка 285,https://otkrytki.top/wp-content/uploads/2023/08/285_otkrytka.jpg.webp
Открытка 225,https://otkrytki.top/wp-content/uploads/2023/07/225_otkrytka.jpg.webp
Открытка 252,https://otkrytki.top/wp-content/uploads/2023/07/252_otkrytka.jpg.webp
Открытка 251,https://otkrytki.top/wp-content/uploads/2023/07/251_otkrytka.jpg.webp
Открытка с добрым утром 248,https://otkrytki.top/wp-content/uploads/2023/07/248_otkrytka.jpg.webp
Открытка 214,https://otkrytki.top/wp-content/uploads/2023/07/214_otkrytka.jpg.webp
Открытка 236,https://otkrytki.top/wp-content/uploads/2023/07/236_otkrytka.jpg.webp
Открытка 231,https://otkrytki.top/wp-content/uploads/2023/07/231_otkrytka.jpg.webp
Открытка 210,https://otkrytki.top/wp-content/uploads/2023/07/210_otkrytka.jpg.webp
Открытка 198,https://otkrytki.top/wp-content/uploads/2023/07/198_otkrytka.jpg.webp
Открытка 206,https://otkrytki.top/wp-content/uploads/2023/07/206_otkrytka.jpg.webp
Открытка 197,https://otkrytki.top/wp-content/uploads/2023/07/197_otkrytka.jpg.webp
Открытка 201,https://otkrytki.top/wp-content/uploads/2023/07/201_otkrytka.jpg.webp
Открытка 203,https://otkrytki.top/wp-content/uploads/2023/07/203_otkrytka.jpg.webp
Открытка 175,https://otkrytki.top/wp-content/uploads/2023/07/175_otkrytka.jpg.webp
Открытка 168,https://otkrytki.top/wp-content/uploads/2023/07/168_otkrytka.jpg.webp
Открытка 165,https://otkrytki.top/wp-content/uploads/2023/07/165_otkrytka.jpg.webp
Открытка 159,https://otkrytki.top/wp-content/uploads/2023/07/159_otkrytka.jpg.webp
Открытка 124,https://otkrytki.top/wp-content/uploads/2023/07/124_otkrytka.jpg.webp
Открытка 148,https://otkrytki.top/wp-content/uploads/2023/07/148_otkrytka.jpg.webp
Открытка 123,https://otkrytki.top/wp-content/uploads/2023/07/123_otkrytka.jpg.webp
Открытка 121,https://otkrytki.top/wp-content/uploads/2023/07/121_otkrytka.jpg.webp
Открытка 120,https://otkrytki.top/wp-content/uploads/2023/07/120_otkrytka.jpg.webp
Открытка 118,https://otkrytki.top/wp-content/uploads/2023/07/118_otkrytka.jpg.webp
Открытка 117,https://otkrytki.top/wp-content/uploads/2023/07/117_otkrytka.jpg.webp
Открытка 113,https://otkrytki.top/wp-content/uploads/2023/07/113_otkrytka.jpg.webp
Открытка 111,https://otkrytki.top/wp-content/uploads/2023/07/111_otkrytka.jpg.webp
Открытка 110,https://otkrytki.top/wp-content/uploads/2023/07/110_otkrytka.jpg.webp
Открытка 108,https://otkrytki.top/wp-content/uploads/2023/07/108_otkrytka.jpg.webp
Открытка 106,https://otkrytki.top/wp-content/uploads/2023/07/106_otkrytka.jpg.webp
Открытка 105,https://otkrytki.top/wp-content/uploads/2023/06/105_otkrytka.jpg.webp
открытка 64,https://otkrytki.top/wp-content/uploads/2023/06/64_otkrytka.jpg.webp
Открытка 92,https://otkrytki.top/wp-content/uploads/2023/06/92_otkrytka.jpg.webp
открытка 86,https://otkrytki.top/wp-content/uploads/2023/06/86_otkrytka.jpg.webp
(открытка 91),https://otkrytki.top/wp-content/uploads/2023/06/91_otkrytka.jpg.webp
открытка 85,https://otkrytki.top/wp-content/uploads/2023/06/85_otkrytka.jpg.webp
открытка 69,https://otkrytki.top/wp-content/uploads/2023/06/69_otkrytka.jpg.webp
открытка 83,https://otkrytki.top/wp-content/uploads/2023/06/83_otkrytka.jpg.webp
открытка 82,https://otkrytki.top/wp-content/uploads/2023/06/82_otkrytka.jpg.webp
Открытка 58,https://otkrytki.top/wp-content/uploads/2023/06/58_otkrytka.jpg.webp
Открытка 57,https://otkrytki.top/wp-content/uploads/2023/06/57_otkrytka.jpg.webp
Открытка 34,https://otkrytki.top/wp-content/uploads/2023/06/34_otkrytka.jpg.webp
открытка 37,https://otkrytki.top/wp-content/uploads/2023/06/37_otkrytka.jpg.webp
Открытка 29,https://otkrytki.top/wp-content/uploads/2023/06/29_otkrytka.jpg.webp
Открытка 28,https://otkrytki.top/wp-content/uploads/2023/06/28_otkrytka.jpg.webp
(Открытка 24),https://otkrytki.top/wp-content/uploads/2023/05/24_otkrytka.jpg.webp
Открытка 18,https://otkrytki.top/wp-content/uploads/2023/05/18_otkrytka.jpg.webp
Открытка 14,https://otkrytki.top/wp-content/uploads/2023/05/14_otkrytka.jpg.webp
,https://otkrytki.top/wp-content/uploads/2023/05/6_otkrytka-1.jpg.webp
Открытка на среду,https://otkrytki.top/wp-content/uploads/2023/05/6_otkrytka.jpg.webp
Открытка привет осенний день 3726,https://otkrytki.top/wp-content/uploads/2025/12/otkrytka-3726.jpg.webp
Открытка Хорошего дня 4537,https://otkrytki.top/wp-content/uploads/2026/08/otkrytka-4537.jpg.webp
Открытка С добрым утром 4531,https://otkrytki.top/wp-content/uploads/2026/08/otkrytka-4531.jpg.webp
Открытка Хорошего летнего дня 4499,https://otkrytki.top/wp-content/uploads/2026/08/otkrytka-4499.jpg.webp
Открытка Прекрасного дня 4453,https://otkrytki.top/wp-content/uploads/2026/08/otkrytka-4453.jpg.webp
Открытка Все будет хорошо 4470,https://otkrytki.top/wp-content/uploads/2026/08/otkrytka-4470.jpg.webp
Открытка с пятницей  4340,https://otkrytki.top/wp-content/uploads/2026/07/otkrytka-4340.jpg.webp
Открытка на день 4334,https://otkrytki.top/wp-content/uploads/2026/07/otkrytka-4334-1.jpg.webp
Открытка доброго утра 4324,https://otkrytki.top/wp-content/uploads/2026/06/otkrytka-4324.jpg.webp
Открытка доброе утро 4321,https://otkrytki.top/wp-content/uploads/2026/06/otkrytka-4321.jpg.webp
Прикольная открытка Хорошего дня 4303,https://otkrytki.top/wp-content/uploads/2026/06/otkrytka-4303.jpg.webp
Открытка Доброе утро 4306,https://otkrytki.top/wp-content/uploads/2026/06/otkrytka-4306.jpg.webp
Открытка Хорошего дня женщине 4269,https://otkrytki.top/wp-content/uploads/2026/06/otkrytka-4269.jpg.webp
Открытка Тебя ждет прекрасный день 4228,https://otkrytki.top/wp-content/uploads/2026/05/otkrytka-4228.jpg.webp
Открытка Хорошего дня 4230,https://otkrytki.top/wp-content/uploads/2026/06/otkrytka-4230.jpg.webp
Открытка Хорошего дня 4226,https://otkrytki.top/wp-content/uploads/2026/05/otkrytka-4226.jpg.webp
Открытка Хорошего дня 4217,https://otkrytki.top/wp-content/uploads/2026/05/otkrytka-4217.jpg.webp
Открытка Нежности в душе 3950,https://otkrytki.top/wp-content/uploads/2026/03/otkrytka-3950.jpg.webp
Открытка Хорошего денечка 4182,https://otkrytki.top/wp-content/uploads/2026/05/otkrytka-4182.jpg.webp
Открытка Хорошего дня 4167,https://otkrytki.top/wp-content/uploads/2026/05/otkrytka-4167.jpg.webp
Открытка С добрым утром 4136,https://otkrytki.top/wp-content/uploads/2026/05/otkrytka-4136.jpg.webp
Нежная открытка Доброе утро 4106,https://otkrytki.top/wp-content/uploads/2026/04/otkrytka-4106.jpg.webp
Открытка с котом Хорошего дня 4118,https://otkrytki.top/wp-content/uploads/2026/04/otkrytka-4118.jpg.webp
Зеленая открытка Доброе утро с клевером 4105,https://otkrytki.top/wp-content/uploads/2026/04/otkrytka-4105.jpg.webp
Яркая открытка Доброе утро 4107,https://otkrytki.top/wp-content/uploads/2026/04/otkrytka-4107.jpg.webp
Открытка Доброе утро 4097,https://otkrytki.top/wp-content/uploads/2026/04/otkrytka-4097.jpg.webp
Красивая открытка Хорошего дня 4099,https://otkrytki.top/wp-content/uploads/2026/04/otkrytka-4099.jpg.webp
Открытка Хорошего дня 4088,https://otkrytki.top/wp-content/uploads/2026/04/otkrytka-4088.jpg.webp
Открытка женщине Доброе утро с цветами 4095,https://otkrytki.top/wp-content/uploads/2026/04/otkrytka-4095.jpg.webp
открытка с розами Хорошего дня 4073,https://otkrytki.top/wp-content/uploads/2026/04/otkrytka-4073.jpg.webp
открытка хорошего дня с цветами 4055,https://otkrytki.top/wp-content/uploads/2026/04/otkrytka-4055.jpg.webp
Красивая открытка Доброе утро 4020,https://otkrytki.top/wp-content/uploads/2026/03/otkrytka-4020.jpg.webp
открытка хорошего дня доброе утро  4021,https://otkrytki.top/wp-content/uploads/2026/03/otkrytka-4021.jpg.webp
открытка Целую обнимаю 4029,https://otkrytki.top/wp-content/uploads/2026/03/otkrytka-4029.jpg.webp
Доброе утро открытка с цветком 4022,https://otkrytki.top/wp-content/uploads/2026/03/otkrytka-4022.jpg.webp
Открытка с гусем 3995,https://otkrytki.top/wp-content/uploads/2026/03/otkrytka-3995.jpg.webp
Открытка Хорошего дня 3987,https://otkrytki.top/wp-content/uploads/2026/03/otkrytka-3987.jpg.webp
Открытка хорошего дня 3975,https://otkrytki.top/wp-content/uploads/2026/03/otkrytka-3975.jpg.webp
открытка хорошему человеку 3991,https://otkrytki.top/wp-content/uploads/2026/03/otkrytka-3991.jpg.webp
Открытка Хорошего дня 3973,https://otkrytki.top/wp-content/uploads/2026/03/otkrytka-3973.jpg.webp
Видео-открытка с приветом с котиками 3960,https://otkrytki.top/wp-content/uploads/2026/03/otkrytka-3961.jpg.webp
Открытка хорошего дня с цветами 3957,https://otkrytki.top/wp-content/uploads/2026/03/otkrytka-3957.jpg.webp
Открытка с котом целую обнимаю 3946,https://otkrytki.top/wp-content/uploads/2026/03/otkrytka-3946.jpg.webp
Открытка доброе утро с цветами 3945,https://otkrytki.top/wp-content/uploads/2026/03/otkrytka-3945.jpg.webp
Яркая открытка хорошего дня 3921,https://otkrytki.top/wp-content/uploads/2026/02/otkrytka-3921.jpg.webp
Открытка Хорошего дня 3907,https://otkrytki.top/wp-content/uploads/2026/02/otkrytka-3907.jpg.webp
"Открытка Привет, счастливого дня 3899",https://otkrytki.top/wp-content/uploads/2026/02/otkrytka-3899.jpg.webp
Открытка Хорошего тебе дня 3861,https://otkrytki.top/wp-content/uploads/2026/02/otkrytka-3861.jpg.webp
Открытка Доброго утра 3867,https://otkrytki.top/wp-content/uploads/2026/02/otkrytka-3867.jpg.webp
Открытка Хорошего дня 3829,https://otkrytki.top/wp-content/uploads/2026/01/otkrytka-3829.jpg.webp
Открытка Хорошего дня 3859,https://otkrytki.top/wp-content/uploads/2026/02/otkrytka-3859.jpg.webp
Открытка С добрым утром с вороной 3825,https://otkrytki.top/wp-content/uploads/2026/01/otkrytka-3825.jpg.webp
Открытка доброе утро завтрак 3816,https://otkrytki.top/wp-content/uploads/2026/01/otkrytka-3816.jpg.webp
Открытка Хорошего дня 3796,https://otkrytki.top/wp-content/uploads/2026/01/otkrytka-3796.jpg.webp
Открытка Добрейшего утра! Прекрасного дня 3786,https://otkrytki.top/wp-content/uploads/2026/01/otkrytka-3786.jpg.webp
Открытка Доброе утро 3768,https://otkrytki.top/wp-content/uploads/2026/01/otkrytka-3768.jpg.webp
Открытка желаю доброго утра 3771,https://otkrytki.top/wp-content/uploads/2026/01/otkrytka-3771.jpg.webp
Открытка Доброе утро 3789,https://otkrytki.top/wp-content/uploads/2026/01/otkrytka-3789.jpg.webp
Открытка женщине доброе утро 3772,https://otkrytki.top/wp-content/uploads/2026/01/otkrytka-3772.jpg.webp
Зимняя открытка Доброе утро счастливого дня 3744,https://otkrytki.top/wp-content/uploads/2025/12/otkrytka-3744.jpg.webp
Открытка 3740,https://otkrytki.top/wp-content/uploads/2025/12/otkrytka-3740.jpg.webp
Открытка Доброе утро с галантным котом 3720,https://otkrytki.top/wp-content/uploads/2025/12/otkrytka-3720.jpg.webp
Открытка с котом хорошего дня 3706,https://otkrytki.top/wp-content/uploads/2025/12/otkrytka-3706.jpg.webp
Зимняя открытка Позитивного дня с котом 3721,https://otkrytki.top/wp-content/uploads/2025/12/otkrytka-3721_3.jpg.webp
Открытка Успешного дня с собачкой 3707,https://otkrytki.top/wp-content/uploads/2025/12/otkrytka-3707.jpg.webp
Открытка Доброе утро 2696,https://otkrytki.top/wp-content/uploads/2025/03/otkrytka-2696_2.jpg.webp
Открытка доброе утро со снеговиком 3510,https://otkrytki.top/wp-content/uploads/2025/10/otkrytka-3510.jpg.webp
Открытка Замурчательного дня 3668,https://otkrytki.top/wp-content/uploads/2025/11/otkrytka-3668.jpg.webp
Открытка Хорошего дня с печеньками 3664,https://otkrytki.top/wp-content/uploads/2025/11/otkrytka-3664.jpg.webp
Открытка для мужчины удачного дня 3647,https://otkrytki.top/wp-content/uploads/2025/11/otkrytka-3647.jpg.webp
Открытка сердечками замечательного дня 3652,https://otkrytki.top/wp-content/uploads/2025/11/otkrytka-3652.jpg.webp
Открытка с добрым утром с девочкой и собачкой 3654,https://otkrytki.top/wp-content/uploads/2025/11/otkrytka-3654.jpg.webp
Видео-открытка хорошего денечка 3641,https://otkrytki.top/wp-content/uploads/2025/11/otkrytka-3641.jpg.webp
Открытка Хорошего дня 3628,https://otkrytki.top/wp-content/uploads/2025/11/otkrytka-3628.jpg.webp
Открытка 3623,https://otkrytki.top/wp-content/uploads/2025/11/otkrytka-3623.jpg.webp
Открытка с котами Всем здоровья 3606,https://otkrytki.top/wp-content/uploads/2025/11/otkrytka-3606.jpg.webp
Открытка доброе утро 3541,https://otkrytki.top/wp-content/uploads/2025/10/otkrytka-3541.jpg.webp
Осенняя открытка доброе утро 3539,https://otkrytki.top/wp-content/uploads/2025/10/otkrytka-3539.jpg.webp
Видео-открытка с котом Пусть добрым будет день 3516,https://otkrytki.top/wp-content/uploads/2025/10/otkrytka-3516.jpg.webp
Открытка Мирного дня 3526,https://otkrytki.top/wp-content/uploads/2025/10/otkrytka-3526.jpg.webp
Прикольная видео-открытка с собачкой Доброго утречка 3512,https://otkrytki.top/wp-content/uploads/2025/10/otkrytka-3512.jpg.webp
Видео-открытка девочкам хорошего дня 3514,https://otkrytki.top/wp-content/uploads/2025/10/otkrytka-3514.jpg.webp
Видео-открытка с морем и чайкой хорошего дня 3476,https://otkrytki.top/wp-content/uploads/2025/10/otkrytka-3476.jpg.webp
Открытка с котом доброго утра 3471,https://otkrytki.top/wp-content/uploads/2025/09/otkrytka-3471.jpg.webp
Открытка с цветком Доброе утро хорошего дня 3460,https://otkrytki.top/wp-content/uploads/2025/09/otkrytka-3460.jpg.webp
Открытка с собакой пусть все будет отлично 3473,https://otkrytki.top/wp-content/uploads/2025/09/otkrytka-3473.jpg.webp
Открытка с улыбающимся рыжим котом хорошего дня 3480,https://otkrytki.top/wp-content/uploads/2025/09/otkrytka-3480.jpg.webp
Открытка позитивного тебе утра 3426,https://otkrytki.top/wp-content/uploads/2025/09/otkrytka-3426.jpg.webp
Открытка с зайчиком Хорошего дня в стихах 3462,https://otkrytki.top/wp-content/uploads/2025/09/otkrytka-3462.jpg.webp
Видео-открытка с котиком Доброго утра 3413,https://otkrytki.top/wp-content/uploads/2025/09/otkrytka-3413.jpg.webp
Открытка с котиком на лавочке Хорошего дня 3412,https://otkrytki.top/wp-content/uploads/2025/09/otkrytka-3412.jpg.webp
Видео-открытка с девушкой привет пятница 3405,https://otkrytki.top/wp-content/uploads/2025/09/otkrytka-3405.jpg.webp
Прикольная видео-открытка с девушкой и собакой хорошего дня 3400,https://otkrytki.top/wp-content/uploads/2025/09/otkrytka-3400.jpg.webp
Открытка хорошего дня всем нам 3385,https://otkrytki.top/wp-content/uploads/2025/09/otkrytka-3385.jpg.webp
Открытка 2415,https://otkrytki.top/wp-content/uploads/2025/01/otkrytka-2415.jpg.webp
Открытка с котиком с сердечком отличного дня 3384,https://otkrytki.top/wp-content/uploads/2025/09/otkrytka-3384.jpg.webp
Открытка с ягодами Хорошего дня 3352,https://otkrytki.top/wp-content/uploads/2025/08/otkrytka-3352.jpg.webp
Открытка с ромашками Хорошего дня 3369,https://otkrytki.top/wp-content/uploads/2025/09/otkrytka-3369.jpg.webp
Видео-открытка с собакой По кофейку? 3368,https://otkrytki.top/wp-content/uploads/2025/09/otkrytka-3368.jpg.webp
Открытка с котом Доброго утра 3339,https://otkrytki.top/wp-content/uploads/2025/08/otkrytka-3339.jpg.webp
Открытка женщине Прекрасного дня 3363,https://otkrytki.top/wp-content/uploads/2025/09/otkrytka-3363.jpg.webp
Открытка Доброе утро с крокодилом 3329,https://otkrytki.top/wp-content/uploads/2025/08/otkrytka-3329.jpg.webp
Видео-открытка доброе утро 3322,https://otkrytki.top/wp-content/uploads/2025/08/otkrytka-3322.jpg.webp
Открытка Доброе утро 3324,https://otkrytki.top/wp-content/uploads/2025/08/otkrytka-3324.jpg.webp
Милая открытка Здравствуй утро 3276,https://otkrytki.top/wp-content/uploads/2025/08/otkrytka-3276.jpg.webp
Открытка Сегодня будет хороший день 3277,https://otkrytki.top/wp-content/uploads/2025/08/otkrytka-3277.jpg.webp
Открытка 3278,https://otkrytki.top/wp-content/uploads/2025/08/otkrytka-3278.jpg.webp
Открытка Доброе утро с котиком,https://otkrytki.top/wp-content/uploads/2025/08/otkrytka-3258.jpg.webp
Открытка Классного дня 3237,https://otkrytki.top/wp-content/uploads/2025/08/otkrytka-3237.jpg.webp
Открытка Чудесного дня женщине 3222,https://otkrytki.top/wp-content/uploads/2025/07/otkrytka-3222.jpg.webp
Открытка Отличного дня 3226,https://otkrytki.top/wp-content/uploads/2025/07/otkrytka-3226.jpg.webp
Открытка Прекрасного летнего денечка 3235,https://otkrytki.top/wp-content/uploads/2025/08/otkrytka-3235.jpg.webp
Открытка девушке Хорошего дня 3223,https://otkrytki.top/wp-content/uploads/2025/07/otkrytka-3223.jpg.webp
Пускай всегда на смену дню счастливому 3209,https://otkrytki.top/wp-content/uploads/2025/07/otkrytka-3209.jpg.webp
Открытка Доброе утро 3193,https://otkrytki.top/wp-content/uploads/2025/07/otkrytka-3193.jpg.webp
Открытка Хорошего дня с цветами,https://otkrytki.top/wp-content/uploads/2025/07/otkrytka-3213.jpg.webp
Видео-открытка Доброе утро 3181,https://otkrytki.top/wp-content/uploads/2025/07/otkrytka-3181.jpg.webp
Видео-открытка 3177,https://otkrytki.top/wp-content/uploads/2025/07/otkrytka-3177.jpg.webp
Открытка Замечательного дня 3178,https://otkrytki.top/wp-content/uploads/2025/07/otkrytka-3178.jpg.webp
Открытка Хорошего дня 3156,https://otkrytki.top/wp-content/uploads/2025/07/otkrytka-3156.jpg.webp
Открытка Доброе утро 3127,https://otkrytki.top/wp-content/uploads/2025/06/otkrytka-3127.jpg.webp
Открытка Хорошего дня 3122,https://otkrytki.top/wp-content/uploads/2025/06/otkrytka-3122.jpg.webp
Открытка Отличного дня 3088,https://otkrytki.top/wp-content/uploads/2025/06/otkrytka-3088.jpg.webp
Открытка Хорошего дня 3084,https://otkrytki.top/wp-content/uploads/2025/06/otkrytka-3084.jpg.webp
Открытка Здравствуй вторник 3077,https://otkrytki.top/wp-content/uploads/2025/06/otkrytka-3077.jpg.webp
Открытка С добрым утром 3055,https://otkrytki.top/wp-content/uploads/2025/06/otkrytka-3055.jpg.webp
Открытка доброе утречко 3033,https://otkrytki.top/wp-content/uploads/2025/06/otkrytka-3033.jpg.webp
Открытка Доброе утро 2967,https://otkrytki.top/wp-content/uploads/2025/05/otkrytka-2967.jpg.webp
Открытка С добрым утром 2963,https://otkrytki.top/wp-content/uploads/2025/05/otkrytka-2963.jpg.webp
Открытка С добрым утром 2949,https://otkrytki.top/wp-content/uploads/2025/05/otkrytka-2949.jpg.webp
Открытка Чудесного дня 2948,https://otkrytki.top/wp-content/uploads/2025/05/otkrytka-2948.jpg.webp
Открытка 2950,https://otkrytki.top/wp-content/uploads/2025/05/otkrytka-2950.jpg.webp
Открытка доброе утро 2908,https://otkrytki.top/wp-content/uploads/2025/04/otkrytka-2908.jpg.webp
Открытка Веселого дня 2924,https://otkrytki.top/wp-content/uploads/2025/05/otkrytka-2924.jpg.webp
Открытка С добрым утром 2890,https://otkrytki.top/wp-content/uploads/2025/04/otkrytka-2890.jpg.webp
Открытка Хорошего дня 2939,https://otkrytki.top/wp-content/uploads/2025/05/otkrytka-2939.jpg.webp
Открытка Доброго утра 2885,https://otkrytki.top/wp-content/uploads/2025/04/otkrytka-2885.jpg.webp
Открытка Хорошего дня 2870,https://otkrytki.top/wp-content/uploads/2025/04/otkrytka-2870.jpg.webp
Открытка Хорошего весеннего дня 2860,https://otkrytki.top/wp-content/uploads/2025/04/otkrytka-2860.jpg.webp
Открытка Хорошего дня 2853,https://otkrytki.top/wp-content/uploads/2025/04/otkrytka-2853.jpg.webp
Открытка доброе утро 2812,https://otkrytki.top/wp-content/uploads/2025/04/otkrytka-2812.gif
Открытка радостного дня 2832,https://otkrytki.top/wp-content/uploads/2025/04/otkrytka-2832.jpg.webp
Открытка доброе утро 2810,https://otkrytki.top/wp-content/uploads/2025/04/otkrytka-2810.gif
Открытка Доброе утро 2806,https://otkrytki.top/wp-content/uploads/2025/04/otkrytka-2806.gif
Открытка хорошего дня 2821,https://otkrytki.top/wp-content/uploads/2025/04/otkrytka-2821.jpg.webp
Открытка хорошего дня 2811,https://otkrytki.top/wp-content/uploads/2025/04/otkrytka-2811.gif
Открытка Доброе утро 2782,https://otkrytki.top/wp-content/uploads/2025/03/otkrytka-2782.jpg.webp
Открытка С добрым утром 2786,https://otkrytki.top/wp-content/uploads/2025/03/otkrytka-2786.jpg.webp
Открытка Доброе утро 2745,https://otkrytki.top/wp-content/uploads/2025/03/otkrytka-2745.jpg.webp
Открытка легкого дня 2739,https://otkrytki.top/wp-content/uploads/2025/03/otkrytka-2739.jpg.webp
Открытка Хорошего дня 2772,https://otkrytki.top/wp-content/uploads/2025/03/otkrytka-2772.jpg.webp
Открытка Отличного настроения 2768,https://otkrytki.top/wp-content/uploads/2025/03/otkrytka-2768.jpg.webp
Открытка Хорошего дня 2692,https://otkrytki.top/wp-content/uploads/2025/03/otkrytka-2692.gif
Открытка Хорошего дня 2723,https://otkrytki.top/wp-content/uploads/2025/03/otkrytka-2723.jpg.webp
Открытка 2674,https://otkrytki.top/wp-content/uploads/2025/03/otkrytka-2674.jpg.webp
Открытка привет 2653,https://otkrytki.top/wp-content/uploads/2025/03/otkrytka-2653.jpg.webp
Открытка хорошего дня 2592,https://otkrytki.top/wp-content/uploads/2025/02/otkrytka-2592.gif
Хорошего дня 2627,https://otkrytki.top/wp-content/uploads/2025/02/otkrytka-2627.gif
Открытка доброе утро 2637,https://otkrytki.top/wp-content/uploads/2025/02/otkrytka-2637.jpg.webp
Открытка Хорошего дня 2619,https://otkrytki.top/wp-content/uploads/2025/02/otkrytka-2619.jpg.webp
Открытка прекрасного настроения 2610,https://otkrytki.top/wp-content/uploads/2025/02/otkrytka-2610.jpg.webp
Открытка хорошего дня 2595,https://otkrytki.top/wp-content/uploads/2025/02/otkrytka-2595.jpg.webp
Открытка 2568,https://otkrytki.top/wp-content/uploads/2025/02/otkrytka-2568.jpg.webp
Открытка доброе утро 2540,https://otkrytki.top/wp-content/uploads/2025/02/otkrytka-2540.jpg.webp
Открытка с добрым утром  2537,https://otkrytki.top/wp-content/uploads/2025/02/otkrytka-2537.jpg.webp
Открытка доброе утро 2533,https://otkrytki.top/wp-content/uploads/2025/02/otkrytka-2533.jpg.webp
Открытка доброе зимнее утро 2532,https://otkrytki.top/wp-content/uploads/2025/02/otkrytka-2532.jpg.webp
Открытка хорошего дня 2505,https://otkrytki.top/wp-content/uploads/2025/01/otkrytka-2505.jpg.webp
Открытка доброго зимнего утра 2504,https://otkrytki.top/wp-content/uploads/2025/01/otkrytka-2504.jpg.webp
Открытка хорошего дня 2510,https://otkrytki.top/wp-content/uploads/2025/01/otkrytka-2510.jpg.webp
Открытка доброе утро 2441,https://otkrytki.top/wp-content/uploads/2025/01/otkrytka-2441.jpg.webp
Открытка хорошего дня 2423,https://otkrytki.top/wp-content/uploads/2025/01/otkrytka-2423.jpg.webp
Открытка хорошего зимнего дня 2417,https://otkrytki.top/wp-content/uploads/2025/01/otkrytka-2417.jpg.webp
Открытка 2407,https://otkrytki.top/wp-content/uploads/2025/01/otkrytka-2407.jpg.webp
Открытка хорошего дня 2402,https://otkrytki.top/wp-content/uploads/2025/01/otkrytka-2402.jpg.webp
Открытка целую 2398,https://otkrytki.top/wp-content/uploads/2024/12/otkrytka-2398.jpg.webp
Открытка хорошего дня 1298,https://otkrytki.top/wp-content/uploads/2024/12/otkrytka-1298_2.jpg.webp
Открытка Привет 2362,https://otkrytki.top/wp-content/uploads/2024/12/otkrytka-2362.jpg.webp
Открытка 2340,https://otkrytki.top/wp-content/uploads/2024/12/otkrytka-2340.jpg.webp
Открытка 2313,https://otkrytki.top/wp-content/uploads/2024/12/otkrytka-2313.jpg.webp
Открытка хорошего зимнего дня 2309,https://otkrytki.top/wp-content/uploads/2024/12/otkrytka-2309.jpg.webp
Открытка доброе утро 2308,https://otkrytki.top/wp-content/uploads/2024/12/otkrytka-2308.jpg.webp
Открытка хорошего дня 2302,https://otkrytki.top/wp-content/uploads/2024/12/otkrytka-2302.jpg.webp
открытка хорошего дня 2286,https://otkrytki.top/wp-content/uploads/2024/11/otkrytka-2286.jpg.webp
открытка хорошего дня 2283,https://otkrytki.top/wp-content/uploads/2024/11/otkrytka-2283.jpg.webp
открытка хорошего дня 2279,https://otkrytki.top/wp-content/uploads/2024/11/otkrytka-2279.jpg.webp
Открытка доброе утро 2295,https://otkrytki.top/wp-content/uploads/2024/11/otkrytka-2295.jpg.webp
открытка хорошего дня 2262,https://otkrytki.top/wp-content/uploads/2024/11/otkrytka-2262.jpg.webp
открытка 2249,https://otkrytki.top/wp-content/uploads/2024/11/otkrytka-2249.jpg.webp
открытка хорошего дня 2256,https://otkrytki.top/wp-content/uploads/2024/11/otkrytka-2256.jpg.webp
открытка доброе утро 2228,https://otkrytki.top/wp-content/uploads/2024/11/otkrytka-2228.jpg.webp
открытка хорошего дня 2251,https://otkrytki.top/wp-content/uploads/2024/11/otkrytka-2251.jpg.webp
Открытка 2217,https://otkrytki.top/wp-content/uploads/2024/11/otkrytka-2217.jpg.webp
Открытка 2214,https://otkrytki.top/wp-content/uploads/2024/11/otkrytka-2214.jpg.webp
Открытка хорошего дня 2202,https://otkrytki.top/wp-content/uploads/2024/11/otkrytka-2202.jpg.webp
Открытка 2200,https://otkrytki.top/wp-content/uploads/2024/11/otkrytka-2200.jpg.webp
Открытка хорошего дня 2193,https://otkrytki.top/wp-content/uploads/2024/11/otkrytka-2193.jpg.webp
Открытка 2181,https://otkrytki.top/wp-content/uploads/2024/11/otkrytka-2181.jpg.webp
Открытка с пожеланиями хорошего дня 2170,https://otkrytki.top/wp-content/uploads/2024/10/otkrytka-2170.jpg.webp
Открытка 2162,https://otkrytki.top/wp-content/uploads/2024/10/otkrytka-2162.jpg.webp
Открытка доброе утро 2158,https://otkrytki.top/wp-content/uploads/2024/10/otkrytka-2158.jpg.webp
Открытка про понедельник 2138,https://otkrytki.top/wp-content/uploads/2024/10/otkrytka-2138.jpg.webp
Открытка хорошего дня 2134,https://otkrytki.top/wp-content/uploads/2024/10/otkrytka-2134.gif
Открытка доброго утра 2101,https://otkrytki.top/wp-content/uploads/2024/10/otkrytka-2101.jpg.webp
Открытка хорошего дня 2133,https://otkrytki.top/wp-content/uploads/2024/10/otkrytka-2133.gif
Открытка доброе утро 2132,https://otkrytki.top/wp-content/uploads/2024/10/otkrytka-2132.gif
Открытка хорошего дня 2091,https://otkrytki.top/wp-content/uploads/2024/10/otkrytka-2091.jpg.webp
Открытка осеннего дня 2087,https://otkrytki.top/wp-content/uploads/2024/10/otkrytka-2087.jpg.webp
Открытка удачи 2063,https://otkrytki.top/wp-content/uploads/2024/10/otkrytka-2063.jpg.webp
открытка 2036,https://otkrytki.top/wp-content/uploads/2024/09/otkrytka-2036.gif
Открытка доброе утро 2032,https://otkrytki.top/wp-content/uploads/2024/09/otkrytka-2032.jpg.webp
Открытка доброго дня 2014,https://otkrytki.top/wp-content/uploads/2024/09/otkrytka-2014.gif
Открытка хорошего дня 2028,https://otkrytki.top/wp-content/uploads/2024/09/otkrytka-2028.jpg.webp
Открытка хорошего дня 2011,https://otkrytki.top/wp-content/uploads/2024/09/otkrytka-2011.gif
открытка 1994,https://otkrytki.top/wp-content/uploads/2024/09/otkrytka-1994.jpg.webp
открытка хорошего дня 1965,https://otkrytki.top/wp-content/uploads/2024/09/otkrytka-1965.jpg.webp
открытка доброе утро 1973,https://otkrytki.top/wp-content/uploads/2024/09/otkrytka-1973.jpg.webp
Открытка хорошего дня 1941,https://otkrytki.top/wp-content/uploads/2024/09/otkrytka-1941.jpg.webp
Открытка 1938,https://otkrytki.top/wp-content/uploads/2024/09/otkrytka-1938.jpg.webp
Открытка доброе утро  1927,https://otkrytki.top/wp-content/uploads/2024/08/otkrytka-1927.gif
Открытка хорошего дня  1922,https://otkrytki.top/wp-content/uploads/2024/08/otkrytka-1922.jpg.webp
Открытка хорошего дня 1877,https://otkrytki.top/wp-content/uploads/2024/08/otkrytka-1877.jpg.webp
Открытка хорошего дня 1875,https://otkrytki.top/wp-content/uploads/2024/08/otkrytka-1875.jpg.webp
Открытка хорошего настроения 1847,https://otkrytki.top/wp-content/uploads/2024/08/otkrytka-1847.gif
Открытка хорошего дня женщинам 1846,https://otkrytki.top/wp-content/uploads/2024/08/otkrytka-1846.gif
Открытка хорошего дня 1841,https://otkrytki.top/wp-content/uploads/2024/08/otkrytka-1841.gif
Открытка хорошего дня 1838,https://otkrytki.top/wp-content/uploads/2024/08/otkrytka-1838.gif
Открытка хорошего денечка  1835,https://otkrytki.top/wp-content/uploads/2024/08/otkrytka-1835.jpg.webp
Открытка хорошего дня 1831,https://otkrytki.top/wp-content/uploads/2024/08/otkrytka-1831.jpg.webp
Картинка хорошего дня 1825,https://otkrytki.top/wp-content/uploads/2024/08/otkrytka-1825.jpg.webp
Открытка доброе утро 1745,https://otkrytki.top/wp-content/uploads/2024/07/otkrytka-1745.jpg.webp
Открытка хорошего дня 1795,https://otkrytki.top/wp-content/uploads/2024/07/otkrytka-1795.jpg.webp
Открытка хорошего дня 1788,https://otkrytki.top/wp-content/uploads/2024/07/otkrytka-1788.gif
Открытка доброе утро 1732,https://otkrytki.top/wp-content/uploads/2024/07/otkrytka-1732.gif
Открытка хорошего дня 1775,https://otkrytki.top/wp-content/uploads/2024/07/otkrytka-1775.jpg.webp
Открытка Доброе утро 1730,https://otkrytki.top/wp-content/uploads/2024/07/otkrytka-1730.gif
Открытка 1766,https://otkrytki.top/wp-content/uploads/2024/07/otkrytka-1766.gif
Открытка успешного дня  1724,https://otkrytki.top/wp-content/uploads/2024/07/otkrytka-1724.jpg.webp
Открытка прекрасного дня 1760,https://otkrytki.top/wp-content/uploads/2024/07/otkrytka-1760.jpg.webp
Открытка с пожеланиями на каждый день 1719,https://otkrytki.top/wp-content/uploads/2024/07/otkrytka-1719.jpg.webp
Открытка доброе утро 1694,https://otkrytki.top/wp-content/uploads/2024/06/otkrytka-1694.jpg.webp
Открытка доброе утро 1683,https://otkrytki.top/wp-content/uploads/2024/06/otkrytka-1683.jpg.webp
Картинка с пожеланием 1725,https://otkrytki.top/wp-content/uploads/2024/07/otkrytka-1725.jpg.webp
Открытка доброго утра 1636,https://otkrytki.top/wp-content/uploads/2024/06/otkrytka-1636.jpg.webp
Открытка доброе утро 1618,https://otkrytki.top/wp-content/uploads/2024/06/otkrytka-1618.jpg.webp
Открытка с добрым утром 1617,https://otkrytki.top/wp-content/uploads/2024/06/otkrytka-1617.jpg.webp
Открытка доброе утро 1615,https://otkrytki.top/wp-content/uploads/2024/06/otkrytka-1615.jpg.webp
Открытка доброе утро 1591,https://otkrytki.top/wp-content/uploads/2024/05/otkrytka-1591.jpg.webp
Открытка 1648,https://otkrytki.top/wp-content/uploads/2024/06/otkrytka-1648.jpg.webp
Открытка хорошего дня 1612,https://otkrytki.top/wp-content/uploads/2024/06/otkrytka-1612.jpg.webp
Открытка хорошего дня 1601,https://otkrytki.top/wp-content/uploads/2024/06/otkrytka-1601.jpg.webp
Открытка Чудесного дня 1585,https://otkrytki.top/wp-content/uploads/2024/05/otkrytka-1585.jpg.webp
Открытка 1543,https://otkrytki.top/wp-content/uploads/2024/05/otkrytka-1543.jpg.webp
Открытка солнечного дня 1522,https://otkrytki.top/wp-content/uploads/2024/05/otkrytka-1522.jpg.webp
Открытка хорошего дня 1534,https://otkrytki.top/wp-content/uploads/2024/05/otkrytka-1534.jpg.webp
Открытка хорошего дня  1511,https://otkrytki.top/wp-content/uploads/2024/05/otkrytka-1511.jpg.webp
Открытка хорошего настроения 1514,https://otkrytki.top/wp-content/uploads/2024/05/otkrytka-1514.jpg.webp
Открытка прекрасного дня  1489,https://otkrytki.top/wp-content/uploads/2024/04/otkrytka-1489.jpg.webp
Открытка 1475,https://otkrytki.top/wp-content/uploads/2024/04/otkrytka-1475.jpg.webp
Открытка доброго дня 1484,https://otkrytki.top/wp-content/uploads/2024/04/otkrytka-1484.jpg.webp
Открытка хорошего дня 1478,https://otkrytki.top/wp-content/uploads/2024/04/otkrytka-1478.jpg.webp
Открытка хорошего дня 1464,https://otkrytki.top/wp-content/uploads/2024/04/otkrytka-1464.jpg.webp
Открытка слава труду 1382,https://otkrytki.top/wp-content/uploads/2024/04/otkrytka-1382.jpg.webp
Открытка хорошего дня 1415,https://otkrytki.top/wp-content/uploads/2024/04/otkrytka-1415.jpg.webp
Открытка 1428,https://otkrytki.top/wp-content/uploads/2024/04/otkrytka-1428.jpg.webp
Открытка 1373,https://otkrytki.top/wp-content/uploads/2024/04/otkrytka-1373.jpg.webp
Открытка 1245,https://otkrytki.top/wp-content/uploads/2024/03/otkrytka-1245.jpg.webp
Открытка 1276,https://otkrytki.top/wp-content/uploads/2024/03/otkrytka-1276.jpg.webp
Открытка 1273,https://otkrytki.top/wp-content/uploads/2024/03/otkrytka-1273.jpg.webp
Открытка 1143,https://otkrytki.top/wp-content/uploads/2024/02/otkrytka-1143.jpg.webp
Открытка 1156,https://otkrytki.top/wp-content/uploads/2024/02/otkrytka-1156.jpg.webp
Открытка 1185,https://otkrytki.top/wp-content/uploads/2024/02/otkrytka-1185.jpg.webp
Открытка 1121,https://otkrytki.top/wp-content/uploads/2024/01/otkrytka-1121.jpg.webp
Открытка 1102,https://otkrytki.top/wp-content/uploads/2024/01/otkrytka-1102.jpg.webp
Открытка 1083,https://otkrytki.top/wp-content/uploads/2024/01/otkrytka-1083.jpg.webp
Открытка 1064,https://otkrytki.top/wp-content/uploads/2024/01/otkrytka-1064.jpg.webp
Открытка 1058,https://otkrytki.top/wp-content/uploads/2024/01/otkrytka-1058.gif
Открытка 1050,https://otkrytki.top/wp-content/uploads/2024/01/otkrytka-1050.jpg.webp
Открытка 1041,https://otkrytki.top/wp-content/uploads/2024/01/otkrytka-1041.jpg.webp
Открытка 1016,https://otkrytki.top/wp-content/uploads/2024/01/otkrytka-1016.gif
Открытка 1032,https://otkrytki.top/wp-content/uploads/2024/01/otkrytka-1032.jpg.webp
Открытка 1034,https://otkrytki.top/wp-content/uploads/2024/01/otkrytka-1034.jpg.webp
Открытка 998,https://otkrytki.top/wp-content/uploads/2024/01/otkrytka-998.jpg.webp
Открытка 994,https://otkrytki.top/wp-content/uploads/2024/01/otkrytka-994.jpg.webp
Открытка 977,https://otkrytki.top/wp-content/uploads/2023/12/otkrytka-977.jpg.webp
Открытка 973,https://otkrytki.top/wp-content/uploads/2023/12/otkrytka-973.jpg.webp
Открытка 964,https://otkrytki.top/wp-content/uploads/2023/12/otkrytka-964.jpg.webp
Открытка 963,https://otkrytki.top/wp-content/uploads/2023/12/otkrytka-963.jpg.webp
Открытка 970,https://otkrytki.top/wp-content/uploads/2023/12/otkrytka-970.jpg.webp
Открытка 935,https://otkrytki.top/wp-content/uploads/2023/12/otkrytka-935.jpg.webp
Открытка 903,https://otkrytki.top/wp-content/uploads/2023/12/otkrytka-903.jpg.webp
Открытка 782,https://otkrytki.top/wp-content/uploads/2023/11/otkrytka-782.gif
Открытка 853,https://otkrytki.top/wp-content/uploads/2023/12/otkrytka-853.jpg.webp
Открытка 847,https://otkrytki.top/wp-content/uploads/2023/12/otkrytka-847.jpg.webp
Открытка 845,https://otkrytki.top/wp-content/uploads/2023/12/otkrytka-845.jpg.webp
Открытка 844,https://otkrytki.top/wp-content/uploads/2023/12/otkrytka-844.jpg.webp
Открытка 862,https://otkrytki.top/wp-content/uploads/2023/12/otkrytka-862.jpg.webp
Открытка 827,https://otkrytki.top/wp-content/uploads/2023/12/otkrytka-827.jpg.webp
Открытка 806,https://otkrytki.top/wp-content/uploads/2023/11/otkrytka-806.gif
Открытка 780,https://otkrytki.top/wp-content/uploads/2023/11/otkrytka-780.gif
Открытка 574,https://otkrytki.top/wp-content/uploads/2023/10/otkrytka-574.jpg.webp
Открытка 545,https://otkrytki.top/wp-content/uploads/2023/09/545_otkrytka.jpg.webp
Открытка 538,https://otkrytki.top/wp-content/uploads/2023/09/538_otkrytka.jpg.webp
Открытка 528,https://otkrytki.top/wp-content/uploads/2023/09/528_otkrytka.jpg.webp
Открытка 508,https://otkrytki.top/wp-content/uploads/2023/09/508_otkrytka.jpg.webp
Открытка 437,https://otkrytki.top/wp-content/uploads/2023/09/437_otkrytka.jpg.webp
Открытка 420,https://otkrytki.top/wp-content/uploads/2023/08/420_otkrytka.jpg.webp
Открытка 404,https://otkrytki.top/wp-content/uploads/2023/08/404_otkrytka.jpg.webp
Открытка 413,https://otkrytki.top/wp-content/uploads/2023/08/413_otkrytka.jpg.webp
Открытка 408,https://otkrytki.top/wp-content/uploads/2023/08/408_otkrytka.jpg.webp
Открытка 411,https://otkrytki.top/wp-content/uploads/2023/08/411_otkrytka.jpg.webp
Открытка 297,https://otkrytki.top/wp-content/uploads/2023/08/297_otkrytka.jpg.webp
Открытка 125,https://otkrytki.top/wp-content/uploads/2023/07/125_otkrytka.jpg.webp
Открытка 119,https://otkrytki.top/wp-content/uploads/2023/07/119_otkrytka.jpg.webp
Открытка на среду,https://otkrytki.top/wp-content/uploads/2023/05/6_otkrytka.jpg.webp
Открытка Хорошего настроения 4542,https://otkrytki.top/wp-content/uploads/2026/08/otkrytka-4542.jpg.webp
Открытка отличного настроения 4512,https://otkrytki.top/wp-content/uploads/2026/08/otkrytka-4512.jpg.webp
Открытка понедельник 4510,https://otkrytki.top/wp-content/uploads/2026/08/otkrytka-4510.jpg.webp
Открытка доброе летнее утро 4479,https://otkrytki.top/wp-content/uploads/2026/08/otkrytka-4479.jpg.webp
Открытка веселого утречка 4412,https://otkrytki.top/wp-content/uploads/2026/07/otkrytka-4412.jpg.webp
Открытка для поднятия настроения 4385,https://otkrytki.top/wp-content/uploads/2026/07/otkrytka-4385.jpg.webp
Открытка Доброго утра 4307,https://otkrytki.top/wp-content/uploads/2026/06/otkrytka-4307.jpg.webp
Открытка Выходные 4216,https://otkrytki.top/wp-content/uploads/2026/05/otkrytka-4216.jpg.webp
Открытка Доброе утро с мопсом 4155,https://otkrytki.top/wp-content/uploads/2026/05/otkrytka-4155.jpg.webp
Открытка с собачкой Хорошего настроения 4178,https://otkrytki.top/wp-content/uploads/2026/05/otkrytka-4178.jpg.webp
Открытка Хорошего дня 4167,https://otkrytki.top/wp-content/uploads/2026/05/otkrytka-4167.jpg.webp
Открытка Доброго утра 4175,https://otkrytki.top/wp-content/uploads/2026/05/otkrytka-4175.jpg.webp
Открытка доброе утро 4149,https://otkrytki.top/wp-content/uploads/2026/05/otkrytka-4149.jpg.webp
Открытка Привет новый день 4119,https://otkrytki.top/wp-content/uploads/2026/04/otkrytka-4119.jpg.webp
Открытка Хорошего дня 4088,https://otkrytki.top/wp-content/uploads/2026/04/otkrytka-4088.jpg.webp
открытка Утра доброго 4044,https://otkrytki.top/wp-content/uploads/2026/04/otkrytka-4044.jpg.webp
открытка с цветами доброе утро 4033,https://otkrytki.top/wp-content/uploads/2026/03/otkrytka-4033.jpg.webp
открытка хорошего дня доброе утро  4021,https://otkrytki.top/wp-content/uploads/2026/03/otkrytka-4021.jpg.webp
Открытка добрый день с кошкой 3976,https://otkrytki.top/wp-content/uploads/2026/03/otkrytka-3976.jpg.webp
Открытка с добрым утром и котом в цветах 3963,https://otkrytki.top/wp-content/uploads/2026/03/otkrytka-3963.jpg.webp
Открытка Хорошего настроения 3949,https://otkrytki.top/wp-content/uploads/2026/03/otkrytka-3949.jpg.webp
Открытка с тюльпанами Доброе утро и дня 3335,https://otkrytki.top/wp-content/uploads/2025/08/otkrytka-3335.jpg.webp
Видео открытка Доброе зимнее утро 3900,https://otkrytki.top/wp-content/uploads/2026/02/otkrytka-3900.jpg.webp
Открытка Доброе утро 3778,https://otkrytki.top/wp-content/uploads/2026/01/otkrytka-3778.jpg.webp
Открытка доброе утро с белкой 3775,https://otkrytki.top/wp-content/uploads/2026/01/otkrytka-3775.jpg.webp
Открытка Доброе утро 3789,https://otkrytki.top/wp-content/uploads/2026/01/otkrytka-3789.jpg.webp
Открытка доброе утро 2711,https://otkrytki.top/wp-content/uploads/2025/03/otkrytka-2711.jpg.webp
Открытка Доброе утро с пожеланием 2591,https://otkrytki.top/wp-content/uploads/2025/02/otkrytka-2591.jpg.webp
Открытка Доброе утро 2696,https://otkrytki.top/wp-content/uploads/2025/03/otkrytka-2696_2.jpg.webp
Открытка Доброе утро с котом 3697,https://otkrytki.top/wp-content/uploads/2025/12/otkrytka-3697.jpg.webp
Открытка с зимним настроением 3680,https://otkrytki.top/wp-content/uploads/2025/11/otkrytka-3680.jpg.webp
Открытка с пожеланием начать утро позитивно 3605,https://otkrytki.top/wp-content/uploads/2025/11/otkrytka-3605.jpg.webp
Открытка Доброе утро с красивой девушкой 3489,https://otkrytki.top/wp-content/uploads/2025/10/otkrytka-3489.jpg.webp
Открытка с собакой и цветами хорошего настроения 3478,https://otkrytki.top/wp-content/uploads/2025/09/otkrytka-3478.jpg.webp
Открытка с яркой девушкой доброе утро 3420,https://otkrytki.top/wp-content/uploads/2025/09/otkrytka-3420.jpg.webp
Открытка с конвертом хорошего настроения 3407,https://otkrytki.top/wp-content/uploads/2025/09/otkrytka-3407.jpg.webp
Открытка с ежиком и укулеле доброе утро 3365,https://otkrytki.top/wp-content/uploads/2025/09/otkrytka-3365.jpg.webp
Открытка Хорошего настроения с котиком 3346,https://otkrytki.top/wp-content/uploads/2025/08/otkrytka-3346.jpg.webp
Открытка с котиком добрый вечер 3381,https://otkrytki.top/wp-content/uploads/2025/09/otkrytka-3381.jpg.webp
Открытка женщине Прекрасного дня 3363,https://otkrytki.top/wp-content/uploads/2025/09/otkrytka-3363.jpg.webp
Открытка Доброе утро 3324,https://otkrytki.top/wp-content/uploads/2025/08/otkrytka-3324.jpg.webp
Открытка с хорошим настроением 3312,https://otkrytki.top/wp-content/uploads/2025/08/otkrytka-3312.jpg.webp
"Открытка Утро, кофе 3311",https://otkrytki.top/wp-content/uploads/2025/08/otkrytka-3311.jpg.webp
Красивая открытка с шикарным букетом Хорошего настроения 3280,https://otkrytki.top/wp-content/uploads/2025/08/otkrytka-3280.jpg.webp
Открытка Доброе утро с милым ёжиком,https://otkrytki.top/wp-content/uploads/2025/08/otkrytka-3262.jpg.webp
Открытка всем доброго утра 3196,https://otkrytki.top/wp-content/uploads/2025/07/otkrytka-3196.jpg.webp
Открытка Хорошего дня 3122,https://otkrytki.top/wp-content/uploads/2025/06/otkrytka-3122.jpg.webp
Открытка хорошего отдыха 3095,https://otkrytki.top/wp-content/uploads/2025/07/otkrytka-3095.jpg.webp
Открытка утро доброе 3123,https://otkrytki.top/wp-content/uploads/2025/06/otkrytka-3123.jpg.webp
Открытка не разрешайте себе плохое настроение 3062,https://otkrytki.top/wp-content/uploads/2025/06/otkrytka-3062.jpg.webp
Открытка Доброе утро 3066,https://otkrytki.top/wp-content/uploads/2025/06/otkrytka-3066.jpg.webp
Открытка хорошего настроения 3069,https://otkrytki.top/wp-content/uploads/2025/06/otkrytka-3069.jpg.webp
Открытка с добрым утром 3024,https://otkrytki.top/wp-content/uploads/2025/05/otkrytka-3024.jpg.webp
Открытка 3023 - хочу пожелать доброго утра и хорошего настроения,https://otkrytki.top/wp-content/uploads/2025/05/otkrytka-3023.jpg.webp
Открытка С добрым утром 2958,https://otkrytki.top/wp-content/uploads/2025/05/otkrytka-2958.jpg.webp
Открытка С добрым утром 2744,https://otkrytki.top/wp-content/uploads/2025/03/otkrytka-2744.jpg.webp
Открытка С добрым утром 2720,https://otkrytki.top/wp-content/uploads/2025/03/otkrytka-2720.jpg.webp
Открытка Доброе утро 2967,https://otkrytki.top/wp-content/uploads/2025/05/otkrytka-2967.jpg.webp
Открытка С добрым утром 2963,https://otkrytki.top/wp-content/uploads/2025/05/otkrytka-2963.jpg.webp
Открытка 2950,https://otkrytki.top/wp-content/uploads/2025/05/otkrytka-2950.jpg.webp
Открытка Доброе утро 2929,https://otkrytki.top/wp-content/uploads/2025/05/otkrytka-2929.jpg.webp
Открытка С добрым утром 2940,https://otkrytki.top/wp-content/uploads/2025/05/otkrytka-2940.jpg.webp
Открытка С добрым утром 2890,https://otkrytki.top/wp-content/uploads/2025/04/otkrytka-2890.jpg.webp
Открытка Чудесного утра 2882,https://otkrytki.top/wp-content/uploads/2025/04/otkrytka-2882.jpg.webp
Открытка Весеннего настроения 2880,https://otkrytki.top/wp-content/uploads/2025/04/otkrytka-2880.jpg.webp
Открытка Всего хорошего 2868,https://otkrytki.top/wp-content/uploads/2025/04/otkrytka-2868.jpg.webp
Прекрасного весеннего утра - 2837,https://otkrytki.top/wp-content/uploads/2025/04/otkrytka-2837.jpg.webp
Открытка доброе утро 2794,https://otkrytki.top/wp-content/uploads/2025/03/otkrytka-2794.jpg.webp
Открытка Хорошего настроения 2783,https://otkrytki.top/wp-content/uploads/2025/03/otkrytka-2783.jpg.webp
Открытка С добрым утром 2786,https://otkrytki.top/wp-content/uploads/2025/03/otkrytka-2786.jpg.webp
Открытка легкого дня 2739,https://otkrytki.top/wp-content/uploads/2025/03/otkrytka-2739.jpg.webp
Открытка С добрым утром 2762,https://otkrytki.top/wp-content/uploads/2025/03/otkrytka-2762.jpg.webp
Открытка С добрым утром 2708,https://otkrytki.top/wp-content/uploads/2025/03/otkrytka-2708.jpg.webp
Открытка хорошего настроения 2704,https://otkrytki.top/wp-content/uploads/2025/03/otkrytka-2704.jpg.webp
Картинка про настроение  2737,https://otkrytki.top/wp-content/uploads/2025/03/otkrytka-2737.jpg.webp
Открытка Отличного настроения 2768,https://otkrytki.top/wp-content/uploads/2025/03/otkrytka-2768.jpg.webp
Открытка доброе утро 2341,https://otkrytki.top/wp-content/uploads/2024/12/otkrytka-2341.gif
Открытка Доброе утро 2677,https://otkrytki.top/wp-content/uploads/2025/03/otkrytka-2677.jpg.webp
Открытка все будет хорошо 2620,https://otkrytki.top/wp-content/uploads/2025/02/otkrytka-2620.jpg.webp
Открытка прекрасного настроения 2610,https://otkrytki.top/wp-content/uploads/2025/02/otkrytka-2610.jpg.webp
Открытка хорошего настроения 2632,https://otkrytki.top/wp-content/uploads/2025/02/otkrytka-2632.jpg.webp
Открытка доброе утро 2540,https://otkrytki.top/wp-content/uploads/2025/02/otkrytka-2540.jpg.webp
Открытка с добрым утром  2537,https://otkrytki.top/wp-content/uploads/2025/02/otkrytka-2537.jpg.webp
Открытка Доброе утро 2535,https://otkrytki.top/wp-content/uploads/2025/02/otkrytka-2535.jpg.webp
Открытка доброе утро 2533,https://otkrytki.top/wp-content/uploads/2025/02/otkrytka-2533.jpg.webp
Открытка 2489,https://otkrytki.top/wp-content/uploads/2025/01/otkrytka-2489.jpg.webp
Открытка Доброе утро 2414,https://otkrytki.top/wp-content/uploads/2025/01/otkrytka-2414.jpg.webp
Открытка 2407,https://otkrytki.top/wp-content/uploads/2025/01/otkrytka-2407.jpg.webp
Открытка 2325,https://otkrytki.top/wp-content/uploads/2024/12/otkrytka-2325.jpg.webp
Открытка доброе утро 2311,https://otkrytki.top/wp-content/uploads/2024/12/otkrytka-2311.jpg.webp
Открытка С добрым зимним утром 2303,https://otkrytki.top/wp-content/uploads/2024/12/otkrytka-2303.jpg.webp
открытка хорошего дня 2286,https://otkrytki.top/wp-content/uploads/2024/11/otkrytka-2286.jpg.webp
открытка добрый вечер 2243,https://otkrytki.top/wp-content/uploads/2024/11/otkrytka-2243.jpg.webp
Открытка настроения 2086,https://otkrytki.top/wp-content/uploads/2024/10/otkrytka-2086.jpg.webp
Открытка хорошего настроения  2058,https://otkrytki.top/wp-content/uploads/2024/10/otkrytka-2058.jpg.webp
Открытка 2039,https://otkrytki.top/wp-content/uploads/2024/09/otkrytka-2039.jpg.webp
открытка 1969,https://otkrytki.top/wp-content/uploads/2024/09/otkrytka-1969.gif
Открытка хорошего настроения  1932,https://otkrytki.top/wp-content/uploads/2024/08/otkrytka-1932.jpg.webp
Открытка добрый вечер 1869,https://otkrytki.top/wp-content/uploads/2024/08/otkrytka-1869.jpg.webp
Открытка хорошего вечера 1759,https://otkrytki.top/wp-content/uploads/2024/07/otkrytka-1759.jpg.webp
Открытка с добрым утром 1617,https://otkrytki.top/wp-content/uploads/2024/06/otkrytka-1617.jpg.webp
Открытка люблю тебя 1654,https://otkrytki.top/wp-content/uploads/2024/06/otkrytka-1654.jpg.webp
Картинка доброе утро 1538,https://otkrytki.top/wp-content/uploads/2024/05/otkrytka-1538.jpg.webp
Открытка хорошего вечера 1624,https://otkrytki.top/wp-content/uploads/2024/06/otkrytka-1624.jpg.webp
Открытка хорошего дня 1612,https://otkrytki.top/wp-content/uploads/2024/06/otkrytka-1612.jpg.webp
Открытка добрый день 1572,https://otkrytki.top/wp-content/uploads/2024/05/otkrytka-1572.gif
Открытка 1535,https://otkrytki.top/wp-content/uploads/2024/05/otkrytka-1535.jpg.webp
Открытка Добрый день 1524,https://otkrytki.top/wp-content/uploads/2024/05/otkrytka-1524.jpg.webp
Открытка солнечного дня 1522,https://otkrytki.top/wp-content/uploads/2024/05/otkrytka-1522.jpg.webp
Открытка хорошего настроения 1514,https://otkrytki.top/wp-content/uploads/2024/05/otkrytka-1514.jpg.webp
Открытка хорошего настроения 1463,https://otkrytki.top/wp-content/uploads/2024/04/otkrytka-1463.jpg.webp
Открытка с добрым утром 1447,https://otkrytki.top/wp-content/uploads/2024/04/otkrytka-1447.jpg.webp
Открытка Доброе утро 1381,https://otkrytki.top/wp-content/uploads/2024/04/otkrytka-1381.jpg.webp
Открытка 1306,https://otkrytki.top/wp-content/uploads/2024/03/otkrytka-1306.jpg.webp
Открытка 1178,https://otkrytki.top/wp-content/uploads/2024/02/otkrytka-1178.jpg.webp
Открытка 1142,https://otkrytki.top/wp-content/uploads/2024/02/otkrytka-1142.jpg.webp
Открытка 1152,https://otkrytki.top/wp-content/uploads/2024/02/otkrytka-1152.jpg.webp
Открытка 1042,https://otkrytki.top/wp-content/uploads/2024/01/otkrytka-1042.jpg.webp
Открытка 1016,https://otkrytki.top/wp-content/uploads/2024/01/otkrytka-1016.gif
Открытка 1034,https://otkrytki.top/wp-content/uploads/2024/01/otkrytka-1034.jpg.webp
Открытка 837,https://otkrytki.top/wp-content/uploads/2023/12/otkrytka-837.jpg.webp
Открытка 789,https://otkrytki.top/wp-content/uploads/2023/11/otkrytka-789.jpg.webp
Смешная картинка про настроение 599,https://otkrytki.top/wp-content/uploads/2023/10/otkrytka-599.jpg.webp
Открытка 598,https://otkrytki.top/wp-content/uploads/2023/10/otkrytka-598.jpg.webp
Открытка 538,https://otkrytki.top/wp-content/uploads/2023/09/538_otkrytka.jpg.webp
Открытка 508,https://otkrytki.top/wp-content/uploads/2023/09/508_otkrytka.jpg.webp
открытка 39,https://otkrytki.top/wp-content/uploads/2023/06/39_otkrytka.jpg.webp
Открытка 23,https://otkrytki.top/wp-content/uploads/2023/05/23_otkrytka.jpg.webp
Прикольная открытка спокойной ночи 3732,https://otkrytki.top/wp-content/uploads/2025/12/otkrytka-3732.jpg.webp
открытка Спокойной ночи 4069,https://otkrytki.top/wp-content/uploads/2026/04/otkrytka-4069.jpg.webp
Открытка жопу мыть и спать,https://otkrytki.top/wp-content/uploads/2025/08/otkrytka-3247.jpg.webp
Открытка Спокойной ночи 4302,https://otkrytki.top/wp-content/uploads/2026/06/otkrytka-4302.jpg.webp
Открытка Спокойной ночи 4592,https://otkrytki.top/wp-content/uploads/2026/09/otkrytka-4592.jpg.webp
Открытка Спокойной ночи 4589,https://otkrytki.top/wp-content/uploads/2026/09/otkrytka-4589.jpg.webp
Открытка доброй ночи 4580,https://otkrytki.top/wp-content/uploads/2026/08/otkrytka-4580.jpg.webp
Открытка доброй ночи 4581,https://otkrytki.top/wp-content/uploads/2026/08/otkrytka-4581.jpg.webp
Открытка Спокойной ночи 4567,https://otkrytki.top/wp-content/uploads/2026/08/otkrytka-4567.jpg.webp
Открытка Спокойной ночи 4588,https://otkrytki.top/wp-content/uploads/2026/09/otkrytka-4588.jpg.webp
Открытка ложись спать 4566,https://otkrytki.top/wp-content/uploads/2026/08/otkrytka-4566.jpg.webp
Открытка всем спать 4583,https://otkrytki.top/wp-content/uploads/2026/08/otkrytka-4583.jpg.webp
Открытка Спокойной ночи 4568,https://otkrytki.top/wp-content/uploads/2026/08/otkrytka-4568.jpg.webp
Открытка Доброго вечера и спокойной ночи 4574,https://otkrytki.top/wp-content/uploads/2026/08/otkrytka-4574.jpg.webp
Открытка Доброй мирной ночи 4562,https://otkrytki.top/wp-content/uploads/2026/08/otkrytka-4562.jpg.webp
Открытка Спокойной ночи с котом 4564,https://otkrytki.top/wp-content/uploads/2026/08/otkrytka-4564.jpg.webp
Открытка Спокойной ночи 4565,https://otkrytki.top/wp-content/uploads/2026/08/otkrytka-4565.jpg.webp
Открытка Спокойной ночи 4556,https://otkrytki.top/wp-content/uploads/2026/08/otkrytka-4556.jpg.webp
Открытка Спокойной ночи 4541,https://otkrytki.top/wp-content/uploads/2026/08/otkrytka-4541.jpg.webp
Открытка Спокойной ночи 4520,https://otkrytki.top/wp-content/uploads/2026/08/otkrytka-4520.jpg.webp
Открытка Спокойной ночи 4522,https://otkrytki.top/wp-content/uploads/2026/08/otkrytka-4522.jpg.webp
Открытка Хорошего отдыха 4523,https://otkrytki.top/wp-content/uploads/2026/08/otkrytka-4523.jpg.webp
Открытка Спокойной ночи 4521,https://otkrytki.top/wp-content/uploads/2026/08/otkrytka-4521.jpg.webp
Открытка Сладких снов  4491,https://otkrytki.top/wp-content/uploads/2026/08/otkrytka-4491.jpg.webp
Открытка спокойной ночи 4493,https://otkrytki.top/wp-content/uploads/2026/08/otkrytka-4493.jpg.webp
Открытка Спокойной ночи 4457,https://otkrytki.top/wp-content/uploads/2026/08/otkrytka-4457.jpg.webp
Открытка Приятных снов 4458,https://otkrytki.top/wp-content/uploads/2026/08/otkrytka-4458.jpg.webp
Открытка Сладких снов 4459,https://otkrytki.top/wp-content/uploads/2026/08/otkrytka-4459.jpg.webp
Открытка Спокойной ночи 4456,https://otkrytki.top/wp-content/uploads/2026/08/otkrytka-4456.jpg.webp
Открытка Доброй ночи 4455,https://otkrytki.top/wp-content/uploads/2026/08/otkrytka-4455.jpg.webp
Открытка Иди спать 4422,https://otkrytki.top/wp-content/uploads/2026/07/otkrytka-4422.jpg.webp
Открытка Спокойной ночи 4421,https://otkrytki.top/wp-content/uploads/2026/07/otkrytka-4421.jpg.webp
Прикольная открытка с енотом 4415,https://otkrytki.top/wp-content/uploads/2026/07/otkrytka-4415.jpg.webp
Открытка спокойной ночи 4372,https://otkrytki.top/wp-content/uploads/2026/07/otkrytka-4372.jpg.webp
Открытка женщине хороших снов 4362,https://otkrytki.top/wp-content/uploads/2026/07/otkrytka-4362.jpg.webp
"Открытка Спокойной ночи, любимый 4367",https://otkrytki.top/wp-content/uploads/2026/07/otkrytka-4367.jpg.webp
Открытка спокойной ночи мужчине 4366,https://otkrytki.top/wp-content/uploads/2026/07/otkrytka-4366.jpg.webp
Открытка спокойной ночи любимая  4365,https://otkrytki.top/wp-content/uploads/2026/07/otkrytka-4365.jpg.webp
Открытка спокойной ночи 4388,https://otkrytki.top/wp-content/uploads/2026/07/otkrytka-4388.jpg.webp
Открытка Спокойной ночи женщине 4364,https://otkrytki.top/wp-content/uploads/2026/07/otkrytka-4364.jpg.webp
Открытка женщине спокойной ночи 4363,https://otkrytki.top/wp-content/uploads/2026/07/otkrytka-4363.jpg.webp
Открытка на горшок и спать 4387,https://otkrytki.top/wp-content/uploads/2026/07/otkrytka-4387.jpg.webp
Открытка спокойной ночи любимому 4361,https://otkrytki.top/wp-content/uploads/2026/07/otkrytka-4361.jpg.webp
Открытка спокойной ночи 4389,https://otkrytki.top/wp-content/uploads/2026/07/otkrytka-4389.jpg.webp
Открытка женщине дорой ночи 4360,https://otkrytki.top/wp-content/uploads/2026/07/otkrytka-4360.jpg.webp
Открытка спокойной ночи 4359,https://otkrytki.top/wp-content/uploads/2026/07/otkrytka-4359.jpg.webp
Открытка Спокойной ночи 4358,https://otkrytki.top/wp-content/uploads/2026/07/otkrytka-4358.jpg.webp
Открытка Спокойной ночи 4357,https://otkrytki.top/wp-content/uploads/2026/07/otkrytka-4357.jpg.webp
Открытка спокойной ночи 4379,https://otkrytki.top/wp-content/uploads/2026/07/otkrytka-4379.jpg.webp
Открытка спокойной ночи 4355,https://otkrytki.top/wp-content/uploads/2026/07/otkrytka-4355.jpg.webp
Открытка идем спать 4354,https://otkrytki.top/wp-content/uploads/2026/07/otkrytka-4354.jpg.webp
Открытка Спокойной ночи 4302,https://otkrytki.top/wp-content/uploads/2026/06/otkrytka-4302.jpg.webp
Открытка Доброй ночи 4301,https://otkrytki.top/wp-content/uploads/2026/06/otkrytka-4301.jpg.webp
Открытка Спокойной ночи 4294,https://otkrytki.top/wp-content/uploads/2026/06/otkrytka-4294.jpg.webp
Открытка Спокойной ночи 4280,https://otkrytki.top/wp-content/uploads/2026/06/otkrytka-4280.jpg.webp
Открытка спокойной ночи 4279,https://otkrytki.top/wp-content/uploads/2026/06/otkrytka-4279.jpg.webp
Открытка с розой доброй ночи 4278,https://otkrytki.top/wp-content/uploads/2026/06/otkrytka-4278.jpg.webp
Том и Джерри Доброй ночи 4276,https://otkrytki.top/wp-content/uploads/2026/06/otkrytka-4276.jpg.webp
Открытка Доброй ночи с цветами 4277,https://otkrytki.top/wp-content/uploads/2026/06/otkrytka-4277.jpg.webp
Открытка Добрых снов 4274,https://otkrytki.top/wp-content/uploads/2026/06/otkrytka-4274.jpg.webp
Открытка спокойной ночи 4288,https://otkrytki.top/wp-content/uploads/2026/06/otkrytka-4288.jpg.webp
Открытка Доброй ночи влюбленным 4259,https://otkrytki.top/wp-content/uploads/2026/06/otkrytka-4259.jpg.webp
Открытка Доброй ночи 4266,https://otkrytki.top/wp-content/uploads/2026/06/otkrytka-4266.jpg.webp
Видео открытка спокойной ночи 4257,https://otkrytki.top/wp-content/uploads/2026/06/otkrytka-4257.jpg.webp
Открытка Спокойной ночи 4258,https://otkrytki.top/wp-content/uploads/2026/06/otkrytka-4258.jpg.webp
Открытка Доброй ночи 4252,https://otkrytki.top/wp-content/uploads/2026/06/otkrytka-4252.jpg.webp
Открытка с котом спокойной ночи 4244,https://otkrytki.top/wp-content/uploads/2026/06/otkrytka-4244.jpg.webp
Открытка Спокойной ночи 4249,https://otkrytki.top/wp-content/uploads/2026/06/otkrytka-4249.jpg.webp
Открытка Доброй ночи 4250,https://otkrytki.top/wp-content/uploads/2026/06/otkrytka-4250.jpg.webp
Открытка Спокойной ночи 4248,https://otkrytki.top/wp-content/uploads/2026/06/otkrytka-4248.jpg.webp
Открытка Отдыхай Спокойной ночи 4251,https://otkrytki.top/wp-content/uploads/2026/06/otkrytka-4251.jpg.webp
Открытка с котами Ко сну готовы 4238,https://otkrytki.top/wp-content/uploads/2026/06/otkrytka-4238.jpg.webp
Открытка Доброй ночи 4243,https://otkrytki.top/wp-content/uploads/2026/06/otkrytka-4243.jpg.webp
Открытка Спокойной ночи с котом 4240,https://otkrytki.top/wp-content/uploads/2026/06/otkrytka-4240.jpg.webp
Открытка Спокойной ночи с собакой 4237,https://otkrytki.top/wp-content/uploads/2026/06/otkrytka-4237.jpg.webp
Открытка спокойной ночи 4239,https://otkrytki.top/wp-content/uploads/2026/06/otkrytka-4239.jpg.webp
Открытка Спокойной ночи 4229,https://otkrytki.top/wp-content/uploads/2026/06/otkrytka-4229.jpg.webp
Открытка любимой Доброй ночи 4174,https://otkrytki.top/wp-content/uploads/2026/05/otkrytka-4174.jpg.webp
Открытка Спокойной ночи 4224,https://otkrytki.top/wp-content/uploads/2026/05/otkrytka-4224.jpg.webp
Открытка Спокойной ночи с цветами 4223,https://otkrytki.top/wp-content/uploads/2026/05/otkrytka-4223.jpg.webp
Открытка Доброй ночи 4203,https://otkrytki.top/wp-content/uploads/2026/05/otkrytka-4203.jpg.webp
Открытка Сладких снов 4200,https://otkrytki.top/wp-content/uploads/2026/05/otkrytka-4200.jpg.webp
Открытка Спокойной ночи 4204,https://otkrytki.top/wp-content/uploads/2026/05/otkrytka-4204.jpg.webp
Открытка Мирной ночи 4190,https://otkrytki.top/wp-content/uploads/2026/05/otkrytka-4190.jpg.webp
Открытка Спокойной ночи 4194,https://otkrytki.top/wp-content/uploads/2026/05/otkrytka-4194.jpg.webp
Открытка Доброй ночи 4193,https://otkrytki.top/wp-content/uploads/2026/05/otkrytka-4193.jpg.webp
Открытка Спокойной ночи 4180,https://otkrytki.top/wp-content/uploads/2026/05/otkrytka-4180.jpg.webp
Открытка Доброй ночи 4177,https://otkrytki.top/wp-content/uploads/2026/05/otkrytka-4177.jpg.webp
Открытка Спокойной ночи 4183,https://otkrytki.top/wp-content/uploads/2026/05/otkrytka-4183.jpg.webp
Открытка Доброй ночи 4185,https://otkrytki.top/wp-content/uploads/2026/05/otkrytka-4185.jpg.webp
Открытка Доброй ночи 4186,https://otkrytki.top/wp-content/uploads/2026/05/otkrytka-4186.jpg.webp
Открытка Спокойной ночи 4126,https://otkrytki.top/wp-content/uploads/2026/05/otkrytka-4126.jpg.webp
Открытка Спокойной ночи 4123,https://otkrytki.top/wp-content/uploads/2026/05/otkrytka-4123.jpg.webp
Открытка Спокойной ночи с розой 4117,https://otkrytki.top/wp-content/uploads/2026/04/otkrytka-4117.jpg.webp
Красивая открытка с розами Спокойной ночи 4116,https://otkrytki.top/wp-content/uploads/2026/04/otkrytka-4116.jpg.webp
Открытка спокойной ночи 4100,https://otkrytki.top/wp-content/uploads/2026/04/otkrytka-4100.jpg.webp
Открытка Спокойной ночи 4091,https://otkrytki.top/wp-content/uploads/2026/04/otkrytka-4091.jpg.webp
открытка Спокойной ночи 4077,https://otkrytki.top/wp-content/uploads/2026/04/otkrytka-4077.jpg.webp
Смешная открытка сладких снов 4075,https://otkrytki.top/wp-content/uploads/2026/04/otkrytka-4075.jpg.webp
открытка спокойной ночи ч кошкой 4076,https://otkrytki.top/wp-content/uploads/2026/04/otkrytka-4076.jpg.webp
открытка Спокойной ночи 4069,https://otkrytki.top/wp-content/uploads/2026/04/otkrytka-4069.jpg.webp
открытка с цветами Спокойной ночи 4070,https://otkrytki.top/wp-content/uploads/2026/04/otkrytka-4070.jpg.webp
открытка Спокойной ночи 4057,https://otkrytki.top/wp-content/uploads/2026/04/otkrytka-4057.jpg.webp
Милая открытка с хомяком доброй ночи 4054,https://otkrytki.top/wp-content/uploads/2026/04/otkrytka-4054.jpg.webp
"открытка спокойной ночи, люблю тебя 4031",https://otkrytki.top/wp-content/uploads/2026/03/otkrytka-4031.jpg.webp
открытка Сладких снов 4016,https://otkrytki.top/wp-content/uploads/2026/03/otkrytka-4016.jpg.webp
открытка с собакой спокойной ночи 4032,https://otkrytki.top/wp-content/uploads/2026/03/otkrytka-4032.jpg.webp
открытка Спокойной ночи 4017,https://otkrytki.top/wp-content/uploads/2026/03/otkrytka-4017.jpg.webp
открытка Спокойной ночи 4008,https://otkrytki.top/wp-content/uploads/2026/03/otkrytka-4008.jpg.webp
открытка Спокойной ночи с клубникой 4007,https://otkrytki.top/wp-content/uploads/2026/03/otkrytka-4007.jpg.webp
открытка доброй ночи 3996,https://otkrytki.top/wp-content/uploads/2026/03/otkrytka-3996.jpg.webp
открытка мирного неба 3997,https://otkrytki.top/wp-content/uploads/2026/03/otkrytka-3997.jpg.webp
открытка доброй ночи 3999,https://otkrytki.top/wp-content/uploads/2026/03/otkrytka-3999.jpg.webp
открытка доброй ночи 3998,https://otkrytki.top/wp-content/uploads/2026/03/otkrytka-3998.jpg.webp
Красивая открытка Спокойной ночи 3882,https://otkrytki.top/wp-content/uploads/2026/02/otkrytka-3882.jpg.webp
Открытка Доброй зимней ночи 3893,https://otkrytki.top/wp-content/uploads/2026/02/otkrytka-3893.jpg.webp
Открытка 3881,https://otkrytki.top/wp-content/uploads/2026/02/otkrytka-3881.jpg.webp
Открытка Доброй ночи 3876,https://otkrytki.top/wp-content/uploads/2026/02/otkrytka-3876.jpg.webp
Открытка Спокойной ночи с белкой 3854,https://otkrytki.top/wp-content/uploads/2026/02/otkrytka-3854.jpg.webp
Открытка Спокойной ночи 3863,https://otkrytki.top/wp-content/uploads/2026/02/otkrytka-3863.jpg.webp
Открытка Доброй ночи 3834,https://otkrytki.top/wp-content/uploads/2026/01/otkrytka-3834.jpg.webp
Открытка Сладких снов 3832,https://otkrytki.top/wp-content/uploads/2026/01/otkrytka-3832.jpg.webp
Открытка Спокойной ночи 3831,https://otkrytki.top/wp-content/uploads/2026/01/otkrytka-3831.jpg.webp
Открытка Приятных сновидений 3822,https://otkrytki.top/wp-content/uploads/2026/01/otkrytka-3822.jpg.webp
Открытка Спокойной ночи прикольная 3821,https://otkrytki.top/wp-content/uploads/2026/01/otkrytka-3821.jpg.webp
Открытка Спокойной ночи с черным котом 3820,https://otkrytki.top/wp-content/uploads/2026/01/otkrytka-3820.jpg.webp
Открытка Спокойной ночи 3811,https://otkrytki.top/wp-content/uploads/2026/01/otkrytka-3811.jpg.webp
Открытка Спокойной ночи с медведем 3810,https://otkrytki.top/wp-content/uploads/2026/01/otkrytka-3810.jpg.webp
Открытка спокойной ночи с котом 3798,https://otkrytki.top/wp-content/uploads/2026/01/otkrytka-3798.jpg.webp
Открытка Чудесных снов 3795,https://otkrytki.top/wp-content/uploads/2026/01/otkrytka-3795.jpg.webp
Открытка Сладких снов 3793,https://otkrytki.top/wp-content/uploads/2026/01/otkrytka-3793.jpg.webp
Прикольная открытка спокойной ночи 3732,https://otkrytki.top/wp-content/uploads/2025/12/otkrytka-3732.jpg.webp
Открытка спокойной ночи 2693,https://otkrytki.top/wp-content/uploads/2025/03/otkrytka-2693.gif
Открытка спокойной ночи  2823,https://otkrytki.top/wp-content/uploads/2025/04/otkrytka-2823.jpg.webp
Открытка Спокойной ночи 3677,https://otkrytki.top/wp-content/uploads/2025/11/otkrytka-3677.jpg.webp
Милая открытка спокойной ночи 3675,https://otkrytki.top/wp-content/uploads/2025/11/otkrytka-3675.jpg.webp
Красивая открытка Доброй ночи 3666,https://otkrytki.top/wp-content/uploads/2025/11/otkrytka-3666.jpg.webp
Открытка спокойной ночи с ленивцем 3670,https://otkrytki.top/wp-content/uploads/2025/11/otkrytka-3670.jpg.webp
Открытка Спокойной ночи 3667,https://otkrytki.top/wp-content/uploads/2025/11/otkrytka-3667.jpg.webp
Открытка спокойной ночи 3657,https://otkrytki.top/wp-content/uploads/2025/11/otkrytka-3657.jpg.webp
Открытка доброй ночи с месяцем 3659,https://otkrytki.top/wp-content/uploads/2025/11/otkrytka-3659.jpg.webp
Открытка Приятных снов 3646,https://otkrytki.top/wp-content/uploads/2025/11/otkrytka-3646.jpg.webp
Красивая открытка сладких снов 3644,https://otkrytki.top/wp-content/uploads/2025/11/otkrytka-3644.jpg.webp
Видео-открытка спокойной ночи 3635,https://otkrytki.top/wp-content/uploads/2025/11/otkrytka-3635.jpg.webp
Открытка Сладких снов 3528,https://otkrytki.top/wp-content/uploads/2025/10/otkrytka-3528.jpg.webp
Открытка с котиком Прекрасных снов 3523,https://otkrytki.top/wp-content/uploads/2025/10/otkrytka-3523.jpg.webp
Открытка спокойной ночи 3521,https://otkrytki.top/wp-content/uploads/2025/10/otkrytka-3521.jpg.webp
Открытка с овцой пора спать 3500,https://otkrytki.top/wp-content/uploads/2025/10/otkrytka-3500.jpg.webp
Открытка спокойной ночи с красным цветком 3444,https://otkrytki.top/wp-content/uploads/2025/09/otkrytka-3444.jpg.webp
Открытка тремя котами спокойной ночи 3399,https://otkrytki.top/wp-content/uploads/2025/09/otkrytka-3399.jpg.webp
Открытка с котами доброй ночи 3398,https://otkrytki.top/wp-content/uploads/2025/09/otkrytka-3398.jpg.webp
Открытка с котиком спокойной ночи 3397,https://otkrytki.top/wp-content/uploads/2025/09/otkrytka-3397.jpg.webp
Открытка с французским бульдогом доброе утро 3394,https://otkrytki.top/wp-content/uploads/2025/09/otkrytka-3394.jpg.webp
Открытка с птичкой спокойной ночи 3396,https://otkrytki.top/wp-content/uploads/2025/09/otkrytka-3396.jpg.webp
Прикольная открытка спокойной ночи 3392,https://otkrytki.top/wp-content/uploads/2025/09/otkrytka-3392.jpg.webp
Открытка с женщиной на метле спокойной ночи 3393,https://otkrytki.top/wp-content/uploads/2025/09/otkrytka-3393.jpg.webp
Открытка с волком ложись на бочок 3391,https://otkrytki.top/wp-content/uploads/2025/09/otkrytka-3391.jpg.webp
Открытка Хорошего отдыха 3389,https://otkrytki.top/wp-content/uploads/2025/09/otkrytka-3389.jpg.webp
Открытка с котиком в пижаме 3390,https://otkrytki.top/wp-content/uploads/2025/09/otkrytka-3390.jpg.webp
Открытка спокойной ночи с котом 3360,https://otkrytki.top/wp-content/uploads/2025/09/otkrytka-3360.jpg.webp
Открытка с котом спокойной ночи 3361,https://otkrytki.top/wp-content/uploads/2025/09/otkrytka-3361.jpg.webp
Открытка с цветком доброй ночи,https://otkrytki.top/wp-content/uploads/2025/08/otkrytka-3358.jpg.webp
Открытка с сердечками доброй ночи 3345,https://otkrytki.top/wp-content/uploads/2025/08/otkrytka-3345.jpg.webp
Открытка Всем спать до утра 3319,https://otkrytki.top/wp-content/uploads/2025/08/otkrytka-3319.jpg.webp
Открытка с котятами Спокойной ночи 3320,https://otkrytki.top/wp-content/uploads/2025/08/otkrytka-3320.jpg.webp
Больше спишь - меньше грешишь картинка 3317,https://otkrytki.top/wp-content/uploads/2025/08/otkrytka-3317.jpg.webp
Открытка 3293,https://otkrytki.top/wp-content/uploads/2025/08/otkrytka-3293.jpg.webp
Открытка с розой Спокойной ночи 3282,https://otkrytki.top/wp-content/uploads/2025/08/otkrytka-3282.jpg.webp
Открытка с цветком Доброй ночи 3285,https://otkrytki.top/wp-content/uploads/2025/08/otkrytka-3285.jpg.webp
Открытка 3279,https://otkrytki.top/wp-content/uploads/2025/08/otkrytka-3279.jpg.webp
Открытка Спокойной ночи 3260,https://otkrytki.top/wp-content/uploads/2025/08/otkrytka-3260.jpg.webp
Открытка жопу мыть и спать,https://otkrytki.top/wp-content/uploads/2025/08/otkrytka-3247.jpg.webp
Открытка Доброй ночи 3233,https://otkrytki.top/wp-content/uploads/2025/08/otkrytka-3233.jpg.webp
Открытка Спокойной ночи 3205,https://otkrytki.top/wp-content/uploads/2025/07/otkrytka-3205.jpg.webp
Открытка Доброй ночи 3220,https://otkrytki.top/wp-content/uploads/2025/07/otkrytka-3220.jpg.webp
Открытка спокойной ночи 3191,https://otkrytki.top/wp-content/uploads/2025/07/otkrytka-3191.jpg.webp
Открытка Крепкого сна 3185,https://otkrytki.top/wp-content/uploads/2025/07/otkrytka-3185.jpg.webp
Открытка Спокойной ночи 3186,https://otkrytki.top/wp-content/uploads/2025/07/otkrytka-3186.jpg.webp
Открытка с барашками Спокойной ночи 3180,https://otkrytki.top/wp-content/uploads/2025/07/otkrytka-3180.jpg.webp
Открытка мирной ночи 3151,https://otkrytki.top/wp-content/uploads/2025/07/otkrytka-3151.jpg.webp
Открытка Спокойной ночи 3085,https://otkrytki.top/wp-content/uploads/2025/06/otkrytka-3085.jpg.webp
Открытка С вами я люблю общаться 3053,https://otkrytki.top/wp-content/uploads/2025/06/otkrytka-3053.jpg.webp
Открытка сладкой ночи 3052,https://otkrytki.top/wp-content/uploads/2025/06/otkrytka-3052.jpg.webp
Открытка Спокойной ночи 2997,https://otkrytki.top/wp-content/uploads/2025/05/otkrytka-2997.jpg.webp
Открытка Спокойной ночи 2975,https://otkrytki.top/wp-content/uploads/2025/05/otkrytka-2975.jpg.webp
Открытка Добрый вечер 2972,https://otkrytki.top/wp-content/uploads/2025/05/otkrytka-2972.jpg.webp
Открытка Доброй ночи 2978,https://otkrytki.top/wp-content/uploads/2025/05/otkrytka-2978.jpg.webp
Открытка Спокойной ночи 2951,https://otkrytki.top/wp-content/uploads/2025/05/otkrytka-2951.jpg.webp
Открытка Спокойной ночи 2954,https://otkrytki.top/wp-content/uploads/2025/05/otkrytka-2954.jpg.webp
Открытка Доброй ночи 2943,https://otkrytki.top/wp-content/uploads/2025/05/otkrytka-2943.jpg.webp
Открытка Пора спать 2923,https://otkrytki.top/wp-content/uploads/2025/05/otkrytka-2923.jpg.webp
Открытка спокойной ночи 2903,https://otkrytki.top/wp-content/uploads/2025/04/otkrytka-2903.jpg.webp
Открытка Спокойной ночи 2894,https://otkrytki.top/wp-content/uploads/2025/04/otkrytka-2894.jpg.webp
Открытка доброй ночи 2886,https://otkrytki.top/wp-content/uploads/2025/04/otkrytka-2886.jpg.webp
Открытка доброй ночи 2884,https://otkrytki.top/wp-content/uploads/2025/04/otkrytka-2884.jpg.webp
Открытка Спокойной ночи 2876,https://otkrytki.top/wp-content/uploads/2025/04/otkrytka-2876.jpg.webp
Открытка Добрый вечер 2869,https://otkrytki.top/wp-content/uploads/2025/04/otkrytka-2869.jpg.webp
Открытка добрых снов 2873,https://otkrytki.top/wp-content/uploads/2025/04/otkrytka-2873.jpg.webp
Открытка Спокойной ночи 2856,https://otkrytki.top/wp-content/uploads/2025/04/otkrytka-2856.jpg.webp
Открытка 2842,https://otkrytki.top/wp-content/uploads/2025/04/otkrytka-2842.jpg.webp
Открытка Спокойной ночи 2850,https://otkrytki.top/wp-content/uploads/2025/04/otkrytka-2850.jpg.webp
Открытка доброй ночи 2846,https://otkrytki.top/wp-content/uploads/2025/04/otkrytka-2846.jpg.webp
Открытка доброй ночи 2843,https://otkrytki.top/wp-content/uploads/2025/04/otkrytka-2843.jpg.webp
Открытка спокойной ночи 2831,https://otkrytki.top/wp-content/uploads/2025/04/otkrytka-2831.jpg.webp
Открытка спокойной ночи 2830,https://otkrytki.top/wp-content/uploads/2025/04/otkrytka-2830.jpg.webp
Открытка Спокойной ночи 2769,https://otkrytki.top/wp-content/uploads/2025/03/otkrytka-2769.jpg.webp
Открытка Доброго сна 2785,https://otkrytki.top/wp-content/uploads/2025/03/otkrytka-2785.jpg.webp
Открытка Спокойной ночи 2777,https://otkrytki.top/wp-content/uploads/2025/03/otkrytka-2777.jpg.webp
Открытка Спокойной ночи 2774,https://otkrytki.top/wp-content/uploads/2025/03/otkrytka-2774.jpg.webp
Открытка Спокойной ночи 2761,https://otkrytki.top/wp-content/uploads/2025/03/otkrytka-2761.jpg.webp
Открытка Спокойной ночи 2747,https://otkrytki.top/wp-content/uploads/2025/03/otkrytka-2747.jpg.webp
Открытка Пора спать  2757,https://otkrytki.top/wp-content/uploads/2025/03/otkrytka-2757.jpg.webp
Открытка Спокойной ночи 2728,https://otkrytki.top/wp-content/uploads/2025/03/otkrytka-2728.jpg.webp
Открытка Спокойной ночи 2731,https://otkrytki.top/wp-content/uploads/2025/03/otkrytka-2731.jpg.webp
Открытка доброй ночи 2709,https://otkrytki.top/wp-content/uploads/2025/03/otkrytka-2709.jpg.webp
Открытка Спокойной ночи 2721,https://otkrytki.top/wp-content/uploads/2025/03/otkrytka-2721.jpg.webp
Открытка добрых снов 2719,https://otkrytki.top/wp-content/uploads/2025/03/otkrytka-2719.jpg.webp
Открытка Спокойной ночи 2717,https://otkrytki.top/wp-content/uploads/2025/03/otkrytka-2717.jpg.webp
Открытка спокойной ночи 2712,https://otkrytki.top/wp-content/uploads/2025/03/otkrytka-2712.jpg.webp
Открытка Спокойной ночи 2727,https://otkrytki.top/wp-content/uploads/2025/03/otkrytka-2727.jpg.webp
Открытка доброй ночи 2691,https://otkrytki.top/wp-content/uploads/2025/03/otkrytka-2691.gif
Открытка Доброй ночи  2689,https://otkrytki.top/wp-content/uploads/2025/03/otkrytka-2689.gif
Открытка спокойной ночи 2687,https://otkrytki.top/wp-content/uploads/2025/03/otkrytka-2687.jpg.webp
Открытка Спокойной ночи 2678,https://otkrytki.top/wp-content/uploads/2025/03/otkrytka-2678.jpg.webp
Открытка доброй ночи 2612,https://otkrytki.top/wp-content/uploads/2025/02/otkrytka-2612.jpg.webp
Открытка доброй ночи 2616,https://otkrytki.top/wp-content/uploads/2025/02/otkrytka-2616.jpg.webp
Открытка спокойной ночи 2631,https://otkrytki.top/wp-content/uploads/2025/02/otkrytka-2631.jpg.webp
Открытка храни вас Бог 2598,https://otkrytki.top/wp-content/uploads/2025/02/otkrytka-2598.jpg.webp
Открытка спокойной ночи 2588,https://otkrytki.top/wp-content/uploads/2025/02/otkrytka-2588.jpg.webp
Открытка сладких снов 2581,https://otkrytki.top/wp-content/uploads/2025/02/otkrytka-2581.jpg.webp
Открытка Спокойной ночи 2584,https://otkrytki.top/wp-content/uploads/2025/02/otkrytka-2584.jpg.webp
Открытка спокойной ночи 2397,https://otkrytki.top/wp-content/uploads/2025/01/otkrytka-2397.jpg.webp
Гиф-ткрытка 2437,https://otkrytki.top/wp-content/uploads/2025/01/otkrytka-2437.gif
Открытка доброй ночи 2431,https://otkrytki.top/wp-content/uploads/2025/01/otkrytka-2431.jpg.webp
Открытка доброй ночи 2413,https://otkrytki.top/wp-content/uploads/2025/01/otkrytka-2413.jpg.webp
Открытка спокойной ночи 2403,https://otkrytki.top/wp-content/uploads/2025/01/otkrytka-2403.jpg.webp
Открытка Спокойной ночи 2399,https://otkrytki.top/wp-content/uploads/2024/12/otkrytka-2399.jpg.webp
Открытка добрых снов 2389,https://otkrytki.top/wp-content/uploads/2024/12/otkrytka-2389.jpg.webp
Открытка добрых снов 2384,https://otkrytki.top/wp-content/uploads/2024/12/otkrytka-2384.jpg.webp
Открытка спокойной ночи 2385,https://otkrytki.top/wp-content/uploads/2024/12/otkrytka-2385.jpg.webp
Открытка спокойной ночи 2382,https://otkrytki.top/wp-content/uploads/2024/12/otkrytka-2382.jpg.webp
Открытка 2380,https://otkrytki.top/wp-content/uploads/2024/12/otkrytka-2380.jpg.webp
Открытка доброй ночи 2377,https://otkrytki.top/wp-content/uploads/2024/12/otkrytka-2377.jpg.webp
Открытка добрых снов 2373,https://otkrytki.top/wp-content/uploads/2024/12/otkrytka-2373.jpg.webp
Открытка спокойной ночи 2370,https://otkrytki.top/wp-content/uploads/2024/12/otkrytka-2370.jpg.webp
Открытка нескучной ночи 1410,https://otkrytki.top/wp-content/uploads/2024/04/otkrytka-1410.jpg.webp
Открытка спокойной ночи 2329,https://otkrytki.top/wp-content/uploads/2024/12/otkrytka-2329.jpg.webp
Открытка 2323,https://otkrytki.top/wp-content/uploads/2024/12/otkrytka-2323.jpg.webp
Открытка доброй ночи 2318,https://otkrytki.top/wp-content/uploads/2024/12/otkrytka-2318.jpg.webp
открытка спокойной ночи 2288,https://otkrytki.top/wp-content/uploads/2024/11/otkrytka-2288.jpg.webp
открытка спокойных снов 2284,https://otkrytki.top/wp-content/uploads/2024/11/otkrytka-2284.jpg.webp
открытка спокойной ночи 2281,https://otkrytki.top/wp-content/uploads/2024/11/otkrytka-2281.jpg.webp
открытка 2247,https://otkrytki.top/wp-content/uploads/2024/11/otkrytka-2247.jpg.webp
открытка спокойной ночи 2259,https://otkrytki.top/wp-content/uploads/2024/11/otkrytka-2259.jpg.webp
открытка 2254,https://otkrytki.top/wp-content/uploads/2024/11/otkrytka-2254.jpg.webp
открытка 2235,https://otkrytki.top/wp-content/uploads/2024/11/otkrytka-2235.jpg.webp
Открытка 2215,https://otkrytki.top/wp-content/uploads/2024/11/otkrytka-2215.jpg.webp
Открытка тихой ночи 2210,https://otkrytki.top/wp-content/uploads/2024/11/otkrytka-2210.jpg.webp
Открытка добрых снов 2207,https://otkrytki.top/wp-content/uploads/2024/11/otkrytka-2207.jpg.webp
Открытка сладких снов 2198,https://otkrytki.top/wp-content/uploads/2024/11/otkrytka-2198.jpg.webp
Открытка 2191,https://otkrytki.top/wp-content/uploads/2024/11/otkrytka-2191.jpg.webp
Открытка спокойной ночи 2172,https://otkrytki.top/wp-content/uploads/2024/10/otkrytka-2172.jpg.webp
Открытка 2163,https://otkrytki.top/wp-content/uploads/2024/10/otkrytka-2163.jpg.webp
Открытка спокойной ночи 2159,https://otkrytki.top/wp-content/uploads/2024/10/otkrytka-2159.jpg.webp
Открытка спокойной ночи 2148,https://otkrytki.top/wp-content/uploads/2024/10/otkrytka-2148.jpg.webp
Открытка спокойной ночи 2142,https://otkrytki.top/wp-content/uploads/2024/10/otkrytka-2142.jpg.webp
Открытка доброй ночи 2144,https://otkrytki.top/wp-content/uploads/2024/10/otkrytka-2144.jpg.webp
Открытка завтра будет новый день 2146,https://otkrytki.top/wp-content/uploads/2024/10/otkrytka-2146.jpg.webp
Открытка пора спать 2131,https://otkrytki.top/wp-content/uploads/2024/10/otkrytka-2131.gif
Открытка спокойной ночи 2130,https://otkrytki.top/wp-content/uploads/2024/10/otkrytka-2130.gif
Открытка доброй ночи 2127,https://otkrytki.top/wp-content/uploads/2024/10/otkrytka-2127.gif
Открытка добрых снов 2105,https://otkrytki.top/wp-content/uploads/2024/10/otkrytka-2105.jpg.webp
Открытка доброй ночи 2088,https://otkrytki.top/wp-content/uploads/2024/10/otkrytka-2088.jpg.webp
Открытка спокойной ночи 2100,https://otkrytki.top/wp-content/uploads/2024/10/otkrytka-2100.jpg.webp
Открытка спокойной ночи 2084,https://otkrytki.top/wp-content/uploads/2024/10/otkrytka-2084.jpg.webp
Открытка 2064,https://otkrytki.top/wp-content/uploads/2024/10/otkrytka-2064.gif
Открытка доброй ночи мужу 2062,https://otkrytki.top/wp-content/uploads/2024/10/otkrytka-2062.jpg.webp
Открытка спокойной ночи 2052,https://otkrytki.top/wp-content/uploads/2024/10/otkrytka-2052.jpg.webp
Открытка 2046,https://otkrytki.top/wp-content/uploads/2024/09/otkrytka-2046.jpg.webp
Открытка сейчас придем 2041,https://otkrytki.top/wp-content/uploads/2024/09/otkrytka-2041.jpg.webp
Открытка хороших снов 2037,https://otkrytki.top/wp-content/uploads/2024/09/otkrytka-2037.jpg.webp
Открытка приятных снов 2012,https://otkrytki.top/wp-content/uploads/2024/09/otkrytka-2012.gif
Открытка спокойной ночи 2009,https://otkrytki.top/wp-content/uploads/2024/09/otkrytka-2009.gif
Открытка добрых снов 2022,https://otkrytki.top/wp-content/uploads/2024/09/otkrytka-2022.jpg.webp
Открытка доброй ночи 2021,https://otkrytki.top/wp-content/uploads/2024/09/otkrytka-2021.gif
Открытка 2005,https://otkrytki.top/wp-content/uploads/2024/09/otkrytka-2005.gif
Открытка доброй ночи 2000,https://otkrytki.top/wp-content/uploads/2024/09/otkrytka-2000.jpg.webp
открытка Спокойной ночи 1988,https://otkrytki.top/wp-content/uploads/2024/09/otkrytka-1988.jpg.webp
открытка спокойной ночи 1993,https://otkrytki.top/wp-content/uploads/2024/09/otkrytka-1993.jpg.webp
открытка доброй ночи 1975,https://otkrytki.top/wp-content/uploads/2024/09/otkrytka-1975.gif
Открытка добрых снов 1939,https://otkrytki.top/wp-content/uploads/2024/09/otkrytka-1939.jpg.webp
Открытка спокойной ночи  1936,https://otkrytki.top/wp-content/uploads/2024/09/otkrytka-1936.jpg.webp
Открытка доброй ночи 1920,https://otkrytki.top/wp-content/uploads/2024/08/otkrytka-1920.jpg.webp
Открытка спокойной ночи  1918,https://otkrytki.top/wp-content/uploads/2024/08/otkrytka-1918.gif
Открытка Спокойной ночи 1907,https://otkrytki.top/wp-content/uploads/2024/08/otkrytka-1907.jpg.webp
Открытка доброй ночи 1903,https://otkrytki.top/wp-content/uploads/2024/08/otkrytka-1903.gif
Открытка спокойной ночи 1876,https://otkrytki.top/wp-content/uploads/2024/08/otkrytka-1876.jpg.webp
Открытка спокойной ночи 1874,https://otkrytki.top/wp-content/uploads/2024/08/otkrytka-1874.jpg.webp
Открытка спокойной ночи 1872,https://otkrytki.top/wp-content/uploads/2024/08/otkrytka-1872.jpg.webp
Открытка доброй ночи 1865,https://otkrytki.top/wp-content/uploads/2024/08/otkrytka-1865.jpg.webp
Открытка спокойной ночи 1864,https://otkrytki.top/wp-content/uploads/2024/08/otkrytka-1864.jpg.webp
Открытка спокойно ночи 1863,https://otkrytki.top/wp-content/uploads/2024/08/otkrytka-1863.jpg.webp
Картинка спокойной ночи 1860,https://otkrytki.top/wp-content/uploads/2024/08/otkrytka-1860.jpg.webp
Открытка спокойной ночи 1855,https://otkrytki.top/wp-content/uploads/2024/08/otkrytka-1855.gif
Открытка доброй ночи 1815,https://otkrytki.top/wp-content/uploads/2024/07/otkrytka-1815.jpg.webp
Открытка спокойной ночи 1802,https://otkrytki.top/wp-content/uploads/2024/07/otkrytka-1802.gif
Открытка спокойной ночи 1797,https://otkrytki.top/wp-content/uploads/2024/07/otkrytka-1797.gif
Открытка доброй ночи 1790,https://otkrytki.top/wp-content/uploads/2024/07/otkrytka-1790.jpg.webp
Открытка доброй ночи 1768,https://otkrytki.top/wp-content/uploads/2024/07/otkrytka-1768.jpg.webp
Открытка 1723,https://otkrytki.top/wp-content/uploads/2024/07/otkrytka-1723.jpg.webp
Открытка Спокойной ночи 1758,https://otkrytki.top/wp-content/uploads/2024/07/otkrytka-1758.gif
Открытка доброй ночи 1746,https://otkrytki.top/wp-content/uploads/2024/07/otkrytka-1746.gif
Открытка 1740,https://otkrytki.top/wp-content/uploads/2024/07/otkrytka-1740.gif
Открытка доброй ночи  1738,https://otkrytki.top/wp-content/uploads/2024/07/otkrytka-1738.gif
Открытка доброй ночи  1734,https://otkrytki.top/wp-content/uploads/2024/07/otkrytka-1734.gif
Открытка сладких снов 1733,https://otkrytki.top/wp-content/uploads/2024/07/otkrytka-1733.jpg.webp
Открытка с пожеланиями спокойного сна 1728,https://otkrytki.top/wp-content/uploads/2024/07/otkrytka-1728.gif
Открытка быстро спать 1722,https://otkrytki.top/wp-content/uploads/2024/07/otkrytka-1722.gif
Открытка Спокойной ночи 1718,https://otkrytki.top/wp-content/uploads/2024/07/otkrytka-1718.jpg.webp
Открытка спокойной ночи 1717,https://otkrytki.top/wp-content/uploads/2024/07/otkrytka-1717.jpg.webp
Открытка добрых снов 1716,https://otkrytki.top/wp-content/uploads/2024/07/otkrytka-1716.jpg.webp
Открытка добрых снов 1705,https://otkrytki.top/wp-content/uploads/2024/07/otkrytka-1705.jpg.webp
Открытка спокойного сная 1703,https://otkrytki.top/wp-content/uploads/2024/07/otkrytka-1703.jpg.webp
Открытка спокойной ночи 1697,https://otkrytki.top/wp-content/uploads/2024/06/otkrytka-1697.jpg.webp
Открытка сладких снов 1684,https://otkrytki.top/wp-content/uploads/2024/06/otkrytka-1684.jpg.webp
Открытка спокойной ночи 1682,https://otkrytki.top/wp-content/uploads/2024/06/otkrytka-1682.gif
Открытка Спокойной ночи 1680,https://otkrytki.top/wp-content/uploads/2024/06/otkrytka-1680.jpg.webp
Открытка спокойной ночи 1676,https://otkrytki.top/wp-content/uploads/2024/06/otkrytka-1676.jpg.webp
Открытка спокойной ночи 1679,https://otkrytki.top/wp-content/uploads/2024/06/otkrytka-1679.jpg.webp
Открытка сладких снов 1673,https://otkrytki.top/wp-content/uploads/2024/06/otkrytka-1673.jpg.webp
картинка спокойной ночи 1660,https://otkrytki.top/wp-content/uploads/2024/06/otkrytka-1660.jpg.webp
Картинка спокойной ночи 1659,https://otkrytki.top/wp-content/uploads/2024/06/otkrytka-1659.jpg.webp
Открытка спокойной ночи 1657,https://otkrytki.top/wp-content/uploads/2024/06/otkrytka-1657.jpg.webp
Открытка спокойной ночи 1653,https://otkrytki.top/wp-content/uploads/2024/06/otkrytka-1653.jpg.webp
Открытка добрых снов 1649,https://otkrytki.top/wp-content/uploads/2024/06/otkrytka-1649.jpg.webp
Открытка приятных снов 1647,https://otkrytki.top/wp-content/uploads/2024/06/otkrytka-1647.gif
Открытка 1644,https://otkrytki.top/wp-content/uploads/2024/06/otkrytka-1644.jpg.webp
Открытка спокойной ночи 1637,https://otkrytki.top/wp-content/uploads/2024/06/otkrytka-1637.gif
Открытка спокойной ночи 1635,https://otkrytki.top/wp-content/uploads/2024/06/otkrytka-1635.jpg.webp
Открытка спокойной ночи 1631,https://otkrytki.top/wp-content/uploads/2024/06/otkrytka-1631.jpg.webp
Открытка спокойной ночи 1626,https://otkrytki.top/wp-content/uploads/2024/06/otkrytka-1626.jpg.webp
Открытка добрых снов 1616,https://otkrytki.top/wp-content/uploads/2024/06/otkrytka-1616.gif
Открытка добрых снов 1597,https://otkrytki.top/wp-content/uploads/2024/05/otkrytka-1597.jpg.webp
Открытка доброй ночи 1590,https://otkrytki.top/wp-content/uploads/2024/05/otkrytka-1590.gif
Открытка доброй ночи 1586,https://otkrytki.top/wp-content/uploads/2024/05/otkrytka-1586_1.jpg.webp
Открытка Доброй ночи 1579,https://otkrytki.top/wp-content/uploads/2024/05/otkrytka-1579.jpg.webp
Открытка Спокойной ночи 1574,https://otkrytki.top/wp-content/uploads/2024/05/otkrytka-1574.jpg.webp
Открытка добрых снов 1566,https://otkrytki.top/wp-content/uploads/2024/05/otkrytka-1566.jpg.webp
Открытка сладких снов 1545,https://otkrytki.top/wp-content/uploads/2024/05/otkrytka-1545.gif
Открытка мирной ночи 1536,https://otkrytki.top/wp-content/uploads/2024/05/otkrytka-1536.jpg.webp
Открытка спокойной ночи 1530,https://otkrytki.top/wp-content/uploads/2024/05/otkrytka-1530.jpg.webp
Открытка волшебных снов 1521,https://otkrytki.top/wp-content/uploads/2024/05/otkrytka-1521.jpg.webp
Открытка доброй ночи 1520,https://otkrytki.top/wp-content/uploads/2024/05/otkrytka-1520.jpg.webp
Открытка спокойной ночи 1518,https://otkrytki.top/wp-content/uploads/2024/05/otkrytka-1518.jpg.webp
Открытка волшебных снов  1517,https://otkrytki.top/wp-content/uploads/2024/05/otkrytka-1517.jpg.webp
Открытка спокойной ночи 1507,https://otkrytki.top/wp-content/uploads/2024/05/otkrytka-1507.jpg.webp
Картинка спокойной ночи 1503,https://otkrytki.top/wp-content/uploads/2024/05/otkrytka-1503.gif
Открытка доброй ночи 1515,https://otkrytki.top/wp-content/uploads/2024/05/otkrytka-1515.jpg.webp
Открытка доброй ночи 1492,https://otkrytki.top/wp-content/uploads/2024/04/otkrytka-1492.gif
Прикольная картинка про ложись спать 1487,https://otkrytki.top/wp-content/uploads/2024/04/otkrytka-1487.jpg.webp
Открытка Доброй ночи 1479,https://otkrytki.top/wp-content/uploads/2024/04/otkrytka-1479.jpg.webp
Открытка спокойной ночи 1476,https://otkrytki.top/wp-content/uploads/2024/04/otkrytka-1476.jpg.webp
Открытка доброй ночи 1467,https://otkrytki.top/wp-content/uploads/2024/04/otkrytka-1467.jpg.webp
Открытка добрых снов 1462,https://otkrytki.top/wp-content/uploads/2024/04/otkrytka-1462.jpg.webp
Открытка я спать 1460,https://otkrytki.top/wp-content/uploads/2024/04/otkrytka-1460.jpg.webp
Открытка спокойной ночи 1452,https://otkrytki.top/wp-content/uploads/2024/04/otkrytka-1452.jpg.webp
Открытка доброй ночи 1441,https://otkrytki.top/wp-content/uploads/2024/04/otkrytka-1441.gif
Открытка 1434,https://otkrytki.top/wp-content/uploads/2024/04/otkrytka-1434.jpg.webp
Открытка 1432,https://otkrytki.top/wp-content/uploads/2024/04/otkrytka-1432.jpg.webp
Открытка спокойной ночи 1413,https://otkrytki.top/wp-content/uploads/2024/04/otkrytka-1413.jpg.webp
Открытка доброй ночи 1412,https://otkrytki.top/wp-content/uploads/2024/04/otkrytka-1412.jpg.webp
Открытка спокойной ночи 1408,https://otkrytki.top/wp-content/uploads/2024/04/otkrytka-1408.jpg.webp
Открытка спокойной ночи 1377,https://otkrytki.top/wp-content/uploads/2024/04/otkrytka-1377.jpg.webp
Открытка 1307,https://otkrytki.top/wp-content/uploads/2024/03/otkrytka-1307.jpg.webp
Открытка 1305,https://otkrytki.top/wp-content/uploads/2024/03/otkrytka-1305.jpg.webp
Открытка 1266,https://otkrytki.top/wp-content/uploads/2024/03/otkrytka-1266.jpg.webp
Открытка c пожеланием спокойной ночи 1258,https://otkrytki.top/wp-content/uploads/2024/03/otkrytka-1258.jpg.webp
Открытка 1240,https://otkrytki.top/wp-content/uploads/2024/03/otkrytka-1240.gif
Открытка 1252,https://otkrytki.top/wp-content/uploads/2024/03/otkrytka-1252.jpg.webp
Открытка 1248,https://otkrytki.top/wp-content/uploads/2024/03/otkrytka-1248.jpg.webp
Открытка 1262,https://otkrytki.top/wp-content/uploads/2024/03/otkrytka-1262.jpg.webp
Открытка 1237,https://otkrytki.top/wp-content/uploads/2024/03/otkrytka-1237.gif
Открытка 1212,https://otkrytki.top/wp-content/uploads/2024/02/otkrytka-1212.jpg.webp
Открытка 1172,https://otkrytki.top/wp-content/uploads/2024/02/otkrytka-1172.jpg.webp
Открытка 1118,https://otkrytki.top/wp-content/uploads/2024/01/otkrytka-1118.jpg.webp
Открытка 1119,https://otkrytki.top/wp-content/uploads/2024/01/otkrytka-1119.jpg.webp
Открытка 1075,https://otkrytki.top/wp-content/uploads/2024/01/otkrytka-1075.jpg.webp
Открытка 1082,https://otkrytki.top/wp-content/uploads/2024/01/otkrytka-1082.jpg.webp
Открытка 1069,https://otkrytki.top/wp-content/uploads/2024/01/otkrytka-1069.jpg.webp
Открытка 1054,https://otkrytki.top/wp-content/uploads/2024/01/otkrytka-1054.jpg.webp
Открытка 1037,https://otkrytki.top/wp-content/uploads/2024/01/otkrytka-1037.jpg.webp
Открытка 1022,https://otkrytki.top/wp-content/uploads/2024/01/otkrytka-1022.jpg.webp
Открытка 949,https://otkrytki.top/wp-content/uploads/2023/12/otkrytka-949.jpg.webp
Открытка 943,https://otkrytki.top/wp-content/uploads/2023/12/otkrytka-943.jpg.webp
Открытка 851,https://otkrytki.top/wp-content/uploads/2023/12/otkrytka-851.jpg.webp
Открытка 854,https://otkrytki.top/wp-content/uploads/2023/12/otkrytka-854.jpg.webp
Открытка 841,https://otkrytki.top/wp-content/uploads/2023/12/otkrytka-841.jpg.webp
Открытка 843,https://otkrytki.top/wp-content/uploads/2023/12/otkrytka-843.jpg.webp
Открытка 820,https://otkrytki.top/wp-content/uploads/2023/11/otkrytka-820.jpg.webp
Открытка 770,https://otkrytki.top/wp-content/uploads/2023/11/otkrytka-770.gif
Открытка 741,https://otkrytki.top/wp-content/uploads/2023/11/otkrytka-741.jpg.webp
Открытка 659,https://otkrytki.top/wp-content/uploads/2023/10/otkrytka-659.jpg.webp
Открытка 609,https://otkrytki.top/wp-content/uploads/2023/10/otkrytka-609.jpg.webp
Открытка 608,https://otkrytki.top/wp-content/uploads/2023/10/otkrytka-608.jpg.webp
Открытка 605,https://otkrytki.top/wp-content/uploads/2023/10/otkrytka-605.jpg.webp
Открытка 590,https://otkrytki.top/wp-content/uploads/2023/10/otkrytka-590.gif
Открытка 577,https://otkrytki.top/wp-content/uploads/2023/10/otkrytka-577.jpg.webp
Открытка 555,https://otkrytki.top/wp-content/uploads/2023/10/555_otkrytka.jpg.webp
Открытка 544,https://otkrytki.top/wp-content/uploads/2023/09/544_otkrytka.jpg.webp
Открытка 526,https://otkrytki.top/wp-content/uploads/2023/09/526_otkrytka_1.jpg.webp
Открытка 519,https://otkrytki.top/wp-content/uploads/2023/09/519_otkrytka.jpg.webp
Открытка 512,https://otkrytki.top/wp-content/uploads/2023/09/512_otkrytka.jpg.webp
Открытка 503,https://otkrytki.top/wp-content/uploads/2023/09/503_otkrytka.jpg.webp
Открытка 488,https://otkrytki.top/wp-content/uploads/2023/09/488_otkrytka.jpg.webp
Открытка 482,https://otkrytki.top/wp-content/uploads/2023/09/482_otkrytka.jpg.webp
Открытка 477,https://otkrytki.top/wp-content/uploads/2023/09/477_otkrytka.jpg.webp
Открытка 460,https://otkrytki.top/wp-content/uploads/2023/09/460_otkrytka.jpg.webp
Открытка 443,https://otkrytki.top/wp-content/uploads/2023/09/443_otkrytka.jpg.webp
Открытка 429,https://otkrytki.top/wp-content/uploads/2023/09/429_otkrytka.jpg.webp
Открытка 419,https://otkrytki.top/wp-content/uploads/2023/08/419_otkrytka.jpg.webp
Открытка 407,https://otkrytki.top/wp-content/uploads/2023/08/407_otkrytka.jpg.webp
Открытка 399,https://otkrytki.top/wp-content/uploads/2023/08/399_otkrytka.jpg.webp
Открытка 396,https://otkrytki.top/wp-content/uploads/2023/08/396_otkrytka.jpg.webp
Открытка 391,https://otkrytki.top/wp-content/uploads/2023/08/391_otkrytka.jpg.webp
Открытка 374,https://otkrytki.top/wp-content/uploads/2023/08/374_otkrytka.jpg.webp
Открытка 369,https://otkrytki.top/wp-content/uploads/2023/08/369_otkrytka.jpg.webp
Открытка 362,https://otkrytki.top/wp-content/uploads/2023/08/362_otkrytka.jpg.webp
Открытка 355,https://otkrytki.top/wp-content/uploads/2023/08/355_otkrytka.jpg.webp
Открытка 344,https://otkrytki.top/wp-content/uploads/2023/08/344_otkrytka.jpg.webp
Открытка 319,https://otkrytki.top/wp-content/uploads/2023/08/319_otkrytka.jpg.webp
Открытка 334,https://otkrytki.top/wp-content/uploads/2023/08/334_otkrytka.jpg.webp
Открытка 315,https://otkrytki.top/wp-content/uploads/2023/08/315_otkrytka.jpg.webp
Открытка 301,https://otkrytki.top/wp-content/uploads/2023/08/301_otkrytka.gif
Открытка 300,https://otkrytki.top/wp-content/uploads/2023/08/300_otkrytka.gif
Открытка 298,https://otkrytki.top/wp-content/uploads/2023/08/298_otkrytka.jpg.webp
Открытка 296,https://otkrytki.top/wp-content/uploads/2023/08/296_otkrytka.jpg.webp
Открытка 290,https://otkrytki.top/wp-content/uploads/2023/08/290_otkrytka.jpg.webp
Открытка 253,https://otkrytki.top/wp-content/uploads/2023/07/253_otkrytka.jpg.webp
Открытка 243,https://otkrytki.top/wp-content/uploads/2023/07/243_otkrytka.jpg.webp
Открытка 239,https://otkrytki.top/wp-content/uploads/2023/07/239_otkrytka.jpg.webp
Открытка 216,https://otkrytki.top/wp-content/uploads/2023/07/216_otkrytka.jpg.webp
Открытка 240,https://otkrytki.top/wp-content/uploads/2023/07/240_otkrytka.jpg.webp
Открытка 209,https://otkrytki.top/wp-content/uploads/2023/07/209_otkrytka.jpg.webp
Открытка 204,https://otkrytki.top/wp-content/uploads/2023/07/204_otkrytka.jpg.webp
Открытка 116,https://otkrytki.top/wp-content/uploads/2023/07/116_otkrytka.jpg.webp
Открытка 59,https://otkrytki.top/wp-content/uploads/2023/06/59_otkrytka.jpg.webp
Открытка 49,https://otkrytki.top/wp-content/uploads/2023/06/49_otkrytka.jpg.webp
открытка 38,https://otkrytki.top/wp-content/uploads/2023/06/38_otkrytka.jpg.webp
открытка 35,https://otkrytki.top/wp-content/uploads/2023/06/35_otkrytka.jpg.webp
Открытка 30,https://otkrytki.top/wp-content/uploads/2023/06/30_otkrytka.jpg.webp
Открытка спокойной ночи,https://otkrytki.top/wp-content/uploads/2023/05/7_otkrytka.jpg.webp
Открытка С днём рождения Будь счастлива 4616,https://otkrytki.top/wp-content/uploads/2026/09/otkrytka-4616.jpg.webp
"Открытка С днём рождения, красотка 4612",https://otkrytki.top/wp-content/uploads/2026/09/otkrytka-4612.jpg.webp
Открытка женщине С днём рождения 4572,https://otkrytki.top/wp-content/uploads/2026/08/otkrytka-4572.jpg.webp
Открытка мужчине С днём рождения 4550,https://otkrytki.top/wp-content/uploads/2026/08/otkrytka-4550.jpg.webp
"Открытка с днем рождения, Богиня 4488",https://otkrytki.top/wp-content/uploads/2026/08/otkrytka-4488.jpg.webp
Открытка брату на день рождения 4511,https://otkrytki.top/wp-content/uploads/2026/08/otkrytka-4511.jpg.webp
Открытка С Днем Рождения 4533,https://otkrytki.top/wp-content/uploads/2026/08/otkrytka-4533.jpg.webp
Открытка мужчине С Днём рождения 4498,https://otkrytki.top/wp-content/uploads/2026/08/otkrytka-4498.jpg.webp
"Открытка С Днём рождения, мой супер-муж 4437",https://otkrytki.top/wp-content/uploads/2026/07/otkrytka-4437.jpg.webp
Открытка другу с днем рождения 4485,https://otkrytki.top/wp-content/uploads/2026/08/otkrytka-4485.jpg.webp
Открытка папе с днем рождения 4486,https://otkrytki.top/wp-content/uploads/2026/08/otkrytka-4486.jpg.webp
Открытка 4438,https://otkrytki.top/wp-content/uploads/2026/07/otkrytka-4438.jpg.webp
Открытка с днем рождения начальнику 4442,https://otkrytki.top/wp-content/uploads/2026/07/otkrytka-4442.jpg.webp
Открытка женщине с днем рождения 4439,https://otkrytki.top/wp-content/uploads/2026/07/otkrytka-4439.jpg.webp
Открытка С Днем Рождения мужчине 4435,https://otkrytki.top/wp-content/uploads/2026/07/otkrytka-4435.jpg.webp
Открытка подруге с днем рождения 4418,https://otkrytki.top/wp-content/uploads/2026/07/otkrytka-4418.jpg.webp
Открытка Наташе на день рождения  4417,https://otkrytki.top/wp-content/uploads/2026/07/otkrytka-4417.jpg.webp
Открытка рыбаку С Днем Рождения 4436,https://otkrytki.top/wp-content/uploads/2026/07/otkrytka-4436.jpg.webp
Открытка женщине С Днем Рождения 4416,https://otkrytki.top/wp-content/uploads/2026/07/otkrytka-4416.jpg.webp
Открытка подруге с днем рождения 4410,https://otkrytki.top/wp-content/uploads/2026/07/otkrytka-4410.jpg.webp
Открытка С днем рождения 4394,https://otkrytki.top/wp-content/uploads/2026/07/otkrytka-4394.jpg.webp
Открытка с днем рождения женщине 4391,https://otkrytki.top/wp-content/uploads/2026/07/otkrytka-4391.jpg.webp
Открытка С Днем Рождения на 10 лет парню 4346,https://otkrytki.top/wp-content/uploads/2026/07/otkrytka-4346.jpg.webp
Открытка мальчику на день рождения 4345,https://otkrytki.top/wp-content/uploads/2026/07/otkrytka-4345.jpg.webp
Открытка девочке на день рождения 4338,https://otkrytki.top/wp-content/uploads/2026/07/otkrytka-4338.jpg.webp
Открытка мальчику на день рождения  4333,https://otkrytki.top/wp-content/uploads/2026/07/otkrytka-4333-1.jpg.webp
Открытка подруге с днем рождения 4299,https://otkrytki.top/wp-content/uploads/2026/06/otkrytka-4299.jpg.webp
Открытка мужчине с днем рождения 4296,https://otkrytki.top/wp-content/uploads/2026/06/otkrytka-4296.jpg.webp
Открытка с днем рождения женщине 4295,https://otkrytki.top/wp-content/uploads/2026/06/otkrytka-4295.jpg.webp
Открытка с днем рождения мужчине 4282,https://otkrytki.top/wp-content/uploads/2026/06/otkrytka-4282.jpg.webp
Открытка с днем рождения мужу 4281,https://otkrytki.top/wp-content/uploads/2026/06/otkrytka-4281.jpg.webp
Открытка подруге с днем рождения 4283,https://otkrytki.top/wp-content/uploads/2026/06/otkrytka-4283.jpg.webp
Прикольная открытка С Днем рождения 4206,https://otkrytki.top/wp-content/uploads/2026/05/otkrytka-4206.jpg.webp
Открытка на день рождения другу с Джейсоном Стейтемом 4272,https://otkrytki.top/wp-content/uploads/2026/06/otkrytka-4272.jpg.webp
Открытка Юле на день рождения 4275,https://otkrytki.top/wp-content/uploads/2026/06/otkrytka-4275.jpg.webp
Открытка с днем рождения 4213,https://otkrytki.top/wp-content/uploads/2026/05/otkrytka-4213.jpg.webp
Открытка девочке на день рождения 4212,https://otkrytki.top/wp-content/uploads/2026/05/otkrytka-4212.jpg.webp
Открытка с днем рождения 4211,https://otkrytki.top/wp-content/uploads/2026/05/otkrytka-4211.jpg.webp
Открытка мужу на день рождения 4210,https://otkrytki.top/wp-content/uploads/2026/05/otkrytka-4210.jpg.webp
Открытка С Днем Рождения женщине 4220,https://otkrytki.top/wp-content/uploads/2026/05/otkrytka-4220.jpg.webp
Открытка с ДиКаприо на день рождения 4209,https://otkrytki.top/wp-content/uploads/2026/05/otkrytka-4209.jpg.webp
Детская открытка с Днем рождения 4208,https://otkrytki.top/wp-content/uploads/2026/05/otkrytka-4208.jpg.webp
Открытка С Днем Рождения 4184,https://otkrytki.top/wp-content/uploads/2026/05/otkrytka-4184.jpg.webp
Открытка с днем рождения мужчине 4179,https://otkrytki.top/wp-content/uploads/2026/05/otkrytka-4179.jpg.webp
Открытка Желаю счастья в личной жизни 4169,https://otkrytki.top/wp-content/uploads/2026/05/otkrytka-4169.jpg.webp
Открытка на ДР 4163,https://otkrytki.top/wp-content/uploads/2026/05/otkrytka-4163.jpg.webp
Открытка с огурцом на День рождения 4111,https://otkrytki.top/wp-content/uploads/2026/04/otkrytka-4111.jpg.webp
Открытка с днем рождения  4115,https://otkrytki.top/wp-content/uploads/2026/04/otkrytka-4115.jpg.webp
Открытка мужчине с днем рождения 4124,https://otkrytki.top/wp-content/uploads/2026/05/otkrytka-4124.jpg.webp
Открытка с Днем рождения 4114,https://otkrytki.top/wp-content/uploads/2026/04/otkrytka-4114.jpg.webp
Открытка с днем рождения с цветами и обезьяной 4113,https://otkrytki.top/wp-content/uploads/2026/04/otkrytka-4113.jpg.webp
Прикольная открытка на день рождения +1 к опыту 4108,https://otkrytki.top/wp-content/uploads/2026/04/otkrytka-4108.jpg.webp
Прикольная открытка с Днем рождения 4109,https://otkrytki.top/wp-content/uploads/2026/04/otkrytka-4109.jpg.webp
Открытка с Днем рождения 4098,https://otkrytki.top/wp-content/uploads/2026/04/otkrytka-4098.jpg.webp
Открытка с днем рождения 4086,https://otkrytki.top/wp-content/uploads/2026/04/otkrytka-4086.jpg.webp
Прикольная открытка С Днем Рождения 4084,https://otkrytki.top/wp-content/uploads/2026/04/otkrytka-4084.jpg.webp
Открытка с Днем рождения с цветами 4081,https://otkrytki.top/wp-content/uploads/2026/04/otkrytka-4081.jpg.webp
Открытка с Днем рождения мужчине 4082,https://otkrytki.top/wp-content/uploads/2026/04/otkrytka-4082.jpg.webp
Открытка с Днем рождения 4083,https://otkrytki.top/wp-content/uploads/2026/04/otkrytka-4083.jpg.webp
Открытка Happy Birthday 4078,https://otkrytki.top/wp-content/uploads/2026/04/otkrytka-4078.jpg.webp
открытка папе на день рождения 4068,https://otkrytki.top/wp-content/uploads/2026/04/otkrytka-4068.jpg.webp
открытка маме на день рождения 4067,https://otkrytki.top/wp-content/uploads/2026/04/otkrytka-4067.jpg.webp
Прикольная открытка с песней на день рождения мужчине 4066,https://otkrytki.top/wp-content/uploads/2026/04/otkrytka-4066.jpg.webp
открытка Маме с Днем рождения дочери 4062,https://otkrytki.top/wp-content/uploads/2026/04/otkrytka-4062.jpg.webp
открытка женщине 4041,https://otkrytki.top/wp-content/uploads/2026/04/otkrytka-4041.jpg.webp
открытка с кошкой на день рождения 4037,https://otkrytki.top/wp-content/uploads/2026/04/otkrytka-4037.jpg.webp
открытка с днем рождения девушке 4035,https://otkrytki.top/wp-content/uploads/2026/03/otkrytka-4035.jpg.webp
открытка с котом Happy birthday 4006,https://otkrytki.top/wp-content/uploads/2026/03/otkrytka-4006.jpg.webp
открытка с днем рождения девочке 4001,https://otkrytki.top/wp-content/uploads/2026/03/otkrytka-4001.jpg.webp
Открытка 3979,https://otkrytki.top/wp-content/uploads/2026/03/otkrytka-3979.jpg.webp
Открытка с днем рождения 3982,https://otkrytki.top/wp-content/uploads/2026/03/otkrytka-3982.jpg.webp
Открытка с днем рождения девушке 3981,https://otkrytki.top/wp-content/uploads/2026/03/otkrytka-3981.jpg.webp
Открытка с котиком и розами 3941,https://otkrytki.top/wp-content/uploads/2026/03/otkrytka-3941.jpg.webp
Открытка с цветами и пожеланиями 3942,https://otkrytki.top/wp-content/uploads/2026/03/otkrytka-3942.jpg.webp
Открытка с днем рождения 3951,https://otkrytki.top/wp-content/uploads/2026/03/otkrytka-3951.jpg.webp
Открытка женщине с днем рождения 3944,https://otkrytki.top/wp-content/uploads/2026/03/otkrytka-3944.jpg.webp
Открытка С днём рождения мужчине 3938,https://otkrytki.top/wp-content/uploads/2026/03/otkrytka-3938.jpg.webp
Креативная открытка С Днем Рождения 3923,https://otkrytki.top/wp-content/uploads/2026/02/otkrytka-3923.jpg.webp
Яркая открытка С Днем Рождения 3909,https://otkrytki.top/wp-content/uploads/2026/02/otkrytka-3909.jpg.webp
Открытка С Днем Рождения с пожеланием 3908,https://otkrytki.top/wp-content/uploads/2026/02/otkrytka-3908.jpg.webp
Открытка С Днем Рождения 3884,https://otkrytki.top/wp-content/uploads/2026/02/otkrytka-3884.jpg.webp
Милая открытка С Днем Рождения 3875,https://otkrytki.top/wp-content/uploads/2026/02/otkrytka-3875.jpg.webp
Открытка С Днем Рождения 3855,https://otkrytki.top/wp-content/uploads/2026/02/otkrytka-3855.jpg.webp
Открытка с рождением дочери 3842,https://otkrytki.top/wp-content/uploads/2026/02/otkrytka-3842.jpg.webp
Открытка С Днем Рождения 3860,https://otkrytki.top/wp-content/uploads/2026/02/otkrytka-3860.jpg.webp
Открытка Тане с днем рождения 3841,https://otkrytki.top/wp-content/uploads/2026/02/otkrytka-3841.jpg.webp
Открытка С Днем Рождения женщине 3838,https://otkrytki.top/wp-content/uploads/2026/01/otkrytka-3838.jpg.webp
"Открытка С Днем рождения тебя, подружка 3840",https://otkrytki.top/wp-content/uploads/2026/01/otkrytka-3840.jpg.webp
Открытка С Днем Рождения 3837,https://otkrytki.top/wp-content/uploads/2026/01/otkrytka-3837.jpg.webp
Открытка Хэппи Берсдей 3836,https://otkrytki.top/wp-content/uploads/2026/01/otkrytka-3836.jpg.webp
Открытка с днем рождения 3826,https://otkrytki.top/wp-content/uploads/2026/01/otkrytka-3826.jpg.webp
Открытка красивой женщине С Днём Рождения 3824,https://otkrytki.top/wp-content/uploads/2026/01/otkrytka-3824.jpg.webp
Открытка с днем рождения 3807,https://otkrytki.top/wp-content/uploads/2026/01/otkrytka-3807.jpg.webp
Открытка выпьем за любовь 3806,https://otkrytki.top/wp-content/uploads/2026/01/otkrytka-3806.jpg.webp
Открытка мужчине С Днем Рождения 3797,https://otkrytki.top/wp-content/uploads/2026/01/otkrytka-3797.jpg.webp
Стильная Открытка с днем рождения мужчине 3763,https://otkrytki.top/wp-content/uploads/2026/01/otkrytka-3763.jpg.webp
Яркая открытка С Днем Рождения 3766,https://otkrytki.top/wp-content/uploads/2026/01/otkrytka-3766.jpg.webp
Открытка подруге на день рождения 3773,https://otkrytki.top/wp-content/uploads/2026/01/otkrytka-3773.jpg.webp
Открытка Поздравляю с Днем рождения 3764,https://otkrytki.top/wp-content/uploads/2026/01/otkrytka-3764.jpg.webp
Открытка с днем рождения 3762,https://otkrytki.top/wp-content/uploads/2026/01/otkrytka-3762.jpg.webp
Открытка 3728,https://otkrytki.top/wp-content/uploads/2025/12/otkrytka-3728.jpg.webp
Открытка 3725,https://otkrytki.top/wp-content/uploads/2025/12/otkrytka-3725.jpg.webp
Открытка Галине на ДР 3593,https://otkrytki.top/wp-content/uploads/2025/11/otkrytka-3593.jpg.webp
Открытка С Днем Рождения женщине 3690,https://otkrytki.top/wp-content/uploads/2025/11/otkrytka-3690.jpg.webp
Открытка женщине С Днем Рождения 3713,https://otkrytki.top/wp-content/uploads/2025/12/otkrytka-3713.jpg.webp
Открытка С Днем Рождения 3689,https://otkrytki.top/wp-content/uploads/2025/11/otkrytka-3689.jpg.webp
Открытка С Днем Рождения с цветами 3663,https://otkrytki.top/wp-content/uploads/2025/11/otkrytka-3663.jpg.webp
Открытка С Днем Рождения 3662,https://otkrytki.top/wp-content/uploads/2025/11/otkrytka-3662.jpg.webp
Открытка родителям с Днем рождения сына - 3589,https://otkrytki.top/wp-content/uploads/2025/11/otkrytka-3589.jpg.webp
Открытка с днем рождения 3661,https://otkrytki.top/wp-content/uploads/2025/11/otkrytka-3661.jpg.webp
Видео-открытка с днем рождения женщине 3637,https://otkrytki.top/wp-content/uploads/2025/11/otkrytka-3637.jpg.webp
Открытка с ДР Галине 3594,https://otkrytki.top/wp-content/uploads/2025/11/otkrytka-3594.jpg.webp
Открытка Желаю счастья 3673,https://otkrytki.top/wp-content/uploads/2025/11/otkrytka-3673.jpg.webp
Видео-открытка женщине с днем рождения 3640,https://otkrytki.top/wp-content/uploads/2025/11/otkrytka-3640.jpg.webp
Открытка бабушке с днем рождения 3626,https://otkrytki.top/wp-content/uploads/2025/11/otkrytka-3626.jpg.webp
Открытка с днем рождения 3658,https://otkrytki.top/wp-content/uploads/2025/11/otkrytka-3658.jpg.webp
Открытка с миньонами на день рождения 3585,https://otkrytki.top/wp-content/uploads/2025/11/otkrytka-3585.jpg.webp
Открытка с белкой на День рождения 3656,https://otkrytki.top/wp-content/uploads/2025/11/otkrytka-3656.jpg.webp
Открытка для зятя с днем рождения 3559,https://otkrytki.top/wp-content/uploads/2025/10/otkrytka-3559.jpg.webp
Видео-открытка мужчине на день рождения 3639,https://otkrytki.top/wp-content/uploads/2025/11/otkrytka-3639.jpg.webp
Открытка тете Оле с Днём Рождения 3624,https://otkrytki.top/wp-content/uploads/2025/11/otkrytka-3624.jpg.webp
Открытка с днем рождения женщине 3596,https://otkrytki.top/wp-content/uploads/2025/11/otkrytka-3596.jpg.webp
Открытка Гале с пожеланиями в стихах 3591,https://otkrytki.top/wp-content/uploads/2025/11/otkrytka-3591.jpg.webp
Открытка с днем рождения Дарья 3583,https://otkrytki.top/wp-content/uploads/2025/11/otkrytka-3583_2.jpg.webp
Открытка зятю с виски на день рождения 3560,https://otkrytki.top/wp-content/uploads/2025/10/otkrytka-3560.jpg.webp
Видео-открытка любимому с днем рождения 3632,https://otkrytki.top/wp-content/uploads/2025/11/otkrytka-3632.jpg.webp
Открытка с котом и поздравлением 3567,https://otkrytki.top/wp-content/uploads/2025/11/otkrytka-3567.jpg.webp
Открытка Гале на ДР 3590,https://otkrytki.top/wp-content/uploads/2025/11/otkrytka-3590.jpg.webp
Открытка с днем рождения вашего сыночка 3588,https://otkrytki.top/wp-content/uploads/2025/11/otkrytka-3588.jpg.webp
Открытка Дарье на день рождения 3584,https://otkrytki.top/wp-content/uploads/2025/11/otkrytka-3584.jpg.webp
Открытка зятю на день рождения 3558,https://otkrytki.top/wp-content/uploads/2025/10/otkrytka-3558.jpg.webp
Открытка женщине с днем рождения 3575,https://otkrytki.top/wp-content/uploads/2025/11/otkrytka-3575.jpg.webp
Мои поздравления открытка с котом 3568,https://otkrytki.top/wp-content/uploads/2025/11/otkrytka-3568.jpg.webp
Открытка племяннице с днем рождения 3566,https://otkrytki.top/wp-content/uploads/2025/10/otkrytka-3566.jpg.webp
Открытка с тортом ко дню рождения женщине 3565,https://otkrytki.top/wp-content/uploads/2025/10/otkrytka-3565.jpg.webp
Открытка Нине на день рождения 3561,https://otkrytki.top/wp-content/uploads/2025/10/otkrytka-3561.jpg.webp
Открытка с пожеланиями женщине 3564,https://otkrytki.top/wp-content/uploads/2025/10/otkrytka-3564.jpg.webp
Открытка танцующими котами с днем рождения 3511,https://otkrytki.top/wp-content/uploads/2025/10/otkrytka-3511.jpg.webp
Открытка зятю на день рождения 3557,https://otkrytki.top/wp-content/uploads/2025/10/otkrytka-3557.jpg.webp
Осенняя открытка с днем рождения 3554,https://otkrytki.top/wp-content/uploads/2025/10/otkrytka-3554.jpg.webp
Открытка Мое почтение 3569,https://otkrytki.top/wp-content/uploads/2025/11/otkrytka-3569.jpg.webp
Открытка с днем рождения женщине 3553,https://otkrytki.top/wp-content/uploads/2025/10/otkrytka-3553.jpg.webp
Открытка подружке на день рождения  3550,https://otkrytki.top/wp-content/uploads/2025/10/otkrytka-3550.jpg.webp
С днем рождения 3543,https://otkrytki.top/wp-content/uploads/2025/10/otkrytka-3543.jpg.webp
С днем рождения женщинам 3542,https://otkrytki.top/wp-content/uploads/2025/10/otkrytka-3542.jpg.webp
Открытка с котом с днем рождения 3536,https://otkrytki.top/wp-content/uploads/2025/10/otkrytka-3536.jpg.webp
Открытка с днем рождения 3537,https://otkrytki.top/wp-content/uploads/2025/10/otkrytka-3537.jpg.webp
Открытка с днем рождения 3535,https://otkrytki.top/wp-content/uploads/2025/10/otkrytka-3535.jpg.webp
Открытка с цветами на день рождения 3533,https://otkrytki.top/wp-content/uploads/2025/10/otkrytka-3533.jpg.webp
Открытка с днем рождения и конвертом 3531,https://otkrytki.top/wp-content/uploads/2025/10/otkrytka-3531.jpg.webp
Открытка с днем рождения Нина 3518,https://otkrytki.top/wp-content/uploads/2025/10/otkrytka-3518.jpg.webp
Открытка с котом в костюме с днем рождения 3519,https://otkrytki.top/wp-content/uploads/2025/10/otkrytka-3519.jpg.webp
Открытка зятю с днем рождения 3517,https://otkrytki.top/wp-content/uploads/2025/10/otkrytka-3517.jpg.webp
Открытка С Днем Рождения 3515,https://otkrytki.top/wp-content/uploads/2025/10/otkrytka-3515.jpg.webp
Открытка с днем рождения женщине от зайчика 3465,https://otkrytki.top/wp-content/uploads/2025/09/otkrytka-3465.jpg.webp
Открытка женщине с Карлсоном на день рождения 3497,https://otkrytki.top/wp-content/uploads/2025/10/otkrytka-3497.jpg.webp
Видео-открытка с медведем сыну на день рождения 3463,https://otkrytki.top/wp-content/uploads/2025/09/otkrytka-3463.jpg.webp
Видео-открытка с Ну погоди на день рождения Светлане 3453,https://otkrytki.top/wp-content/uploads/2025/09/otkrytka-3453.jpg.webp
видео-открытка с лесными животными и поздравлением на день рождения 3452,https://otkrytki.top/wp-content/uploads/2025/09/otkrytka-3452.jpg.webp
"Сестренка, с днем рождения открытка 3427",https://otkrytki.top/wp-content/uploads/2025/09/otkrytka-3427.jpg.webp
Открытка с тортом на день рождения 3353,https://otkrytki.top/wp-content/uploads/2025/08/otkrytka-3353.jpg.webp
Открытка с днем рождения для женщин 3351,https://otkrytki.top/wp-content/uploads/2025/08/otkrytka-3351.jpg.webp
Открытка с пожеланием на день рождения 3350,https://otkrytki.top/wp-content/uploads/2025/08/otkrytka-3350.jpg.webp
Открытка с котиком на день рождения 3355,https://otkrytki.top/wp-content/uploads/2025/08/otkrytka-3355.jpg.webp
Открытка наташе с поздравлениями  2111,https://otkrytki.top/wp-content/uploads/2024/10/otkrytka-2111.jpg.webp
Открытка с яхтой на день рождения 3354,https://otkrytki.top/wp-content/uploads/2025/08/otkrytka-3354_2.jpg.webp
Открытка с юбилеем 3348,https://otkrytki.top/wp-content/uploads/2025/08/otkrytka-3348.jpg.webp
Открытка с днем рождения 3343,https://otkrytki.top/wp-content/uploads/2025/08/otkrytka-3343.jpg.webp
Открытка мужчине С Днем рождения 3344,https://otkrytki.top/wp-content/uploads/2025/08/otkrytka-3344.jpg.webp
Видео-открытка с Путиным С Днем Рождения Ольге 3253,https://otkrytki.top/wp-content/uploads/2025/08/otkrytka-3253.jpg.webp
Открытка Спасибо мама и папа 3341,https://otkrytki.top/wp-content/uploads/2025/08/otkrytka-3341.jpg.webp
Открытка с розами С Днем Рождения 3347,https://otkrytki.top/wp-content/uploads/2025/08/otkrytka-3347.jpg.webp
Открытка с петухом Happy Birthday 3321,https://otkrytki.top/wp-content/uploads/2025/08/otkrytka-3321.jpg.webp
Открытка с зеленым букетом для женщины на день рождения 3294,https://otkrytki.top/wp-content/uploads/2025/08/otkrytka-3294.jpg.webp
Открытка скотом на День рождения 3295,https://otkrytki.top/wp-content/uploads/2025/08/otkrytka-3295.jpg.webp
Красивый букет цветов С Днем Рождения 3281,https://otkrytki.top/wp-content/uploads/2025/08/otkrytka-3281.jpg.webp
Прикольная открытка на день рождения,https://otkrytki.top/wp-content/uploads/2025/08/otkrytka-3259.jpg.webp
Открытка на день рождения с зайчиком,https://otkrytki.top/wp-content/uploads/2025/08/otkrytka-3257.jpg.webp
"Прикольная открытка с днем рождения, кайфуй",https://otkrytki.top/wp-content/uploads/2025/08/otkrytka-3256.jpg.webp
Открытка мужчине с днем рождения от женщин звезд,https://otkrytki.top/wp-content/uploads/2025/08/otkrytka-3255.jpg.webp
Открытка Татьяне с поздравлениями,https://otkrytki.top/wp-content/uploads/2025/08/otkrytka-3254.jpg.webp
Открытка С Днем Рождения женщине,https://otkrytki.top/wp-content/uploads/2025/08/otkrytka-3248.jpg.webp
Открытка С Днем Рождения с опозданием,https://otkrytki.top/wp-content/uploads/2025/08/otkrytka-3246.jpg.webp
Открытка 3250,https://otkrytki.top/wp-content/uploads/2025/08/otkrytka-3250.jpg.webp
Открытка С Днем Рождения мама,https://otkrytki.top/wp-content/uploads/2025/08/otkrytka-3245.jpg.webp
Открытка мужчине С Днем рождения 3225,https://otkrytki.top/wp-content/uploads/2025/07/otkrytka-3225.jpg.webp
Открытка С Днем Рождения мужчине 3232,https://otkrytki.top/wp-content/uploads/2025/08/otkrytka-3232.jpg.webp
Открытка С Днем Рождения 3217,https://otkrytki.top/wp-content/uploads/2025/07/otkrytka-3217.jpg.webp
Открытка С Днем Рождения с цветами 3215,https://otkrytki.top/wp-content/uploads/2025/07/otkrytka-3215.jpg.webp
Видео-открытка женщине 3187,https://otkrytki.top/wp-content/uploads/2025/07/otkrytka-3187.jpg.webp
Открытка с днем рождения женщине 3184,https://otkrytki.top/wp-content/uploads/2025/07/otkrytka-3184.jpg.webp
Открытка с цветами с днем рождения 3194,https://otkrytki.top/wp-content/uploads/2025/07/otkrytka-3194.jpg.webp
Открытка С Днем Рождения девочке 3182,https://otkrytki.top/wp-content/uploads/2025/07/otkrytka-3182.jpg.webp
Открытка женщине с Днем рождения 3155,https://otkrytki.top/wp-content/uploads/2025/07/otkrytka-3155.jpg.webp
Открытка С Днем Рождения 3141,https://otkrytki.top/wp-content/uploads/2025/07/otkrytka-3141.jpg.webp
Открытка С добрым утром женщине 3158,https://otkrytki.top/wp-content/uploads/2025/07/otkrytka-3158.jpg.webp
Открытка С Днем Рождения женщине 3144,https://otkrytki.top/wp-content/uploads/2025/07/otkrytka-3144.jpg.webp
Открытка С Днем Рождения 3143,https://otkrytki.top/wp-content/uploads/2025/07/otkrytka-3143.jpg.webp
Открытка с днем рождения женщине 3133,https://otkrytki.top/wp-content/uploads/2025/07/otkrytka-3133.jpg.webp
Открытка С Днем Рождения 3115,https://otkrytki.top/wp-content/uploads/2025/06/otkrytka-3115.jpg.webp
Открытка С Днем Рождения 3119,https://otkrytki.top/wp-content/uploads/2025/06/otkrytka-3119.jpg.webp
Открытка С Днем Рождения 3110,https://otkrytki.top/wp-content/uploads/2025/06/otkrytka-3110.jpg.webp
Открытка 3108,https://otkrytki.top/wp-content/uploads/2025/06/otkrytka-3108.jpg.webp
Открытка с днем рождения 3097,https://otkrytki.top/wp-content/uploads/2025/06/otkrytka-3097.gif
Открытка мужчине С Днем Рождения 3117,https://otkrytki.top/wp-content/uploads/2025/06/otkrytka-3117.jpg.webp
Открытка С Днем рождения 3082,https://otkrytki.top/wp-content/uploads/2025/06/otkrytka-3082.jpg.webp
Открытка улыбнись 3071,https://otkrytki.top/wp-content/uploads/2025/06/otkrytka-3071.jpg.webp
Открытка с днем рождения 3070,https://otkrytki.top/wp-content/uploads/2025/06/otkrytka-3070.jpg.webp
Открытка с днем рождения 3034,https://otkrytki.top/wp-content/uploads/2025/06/otkrytka-3035.jpg.webp
Открытка с днем рождения 3051,https://otkrytki.top/wp-content/uploads/2025/06/otkrytka-3051.jpg.webp
Открытка с днем рождения 3034,https://otkrytki.top/wp-content/uploads/2025/06/otkrytka-3034.jpg.webp
Открытка любимой дочке на день рождения 3011,https://otkrytki.top/wp-content/uploads/2025/05/otkrytka-3011.jpg.webp
Открытка 3016 - Папа ты мой №1 настоящий мужчина,https://otkrytki.top/wp-content/uploads/2025/05/otkrytka-3016.jpg.webp
"Открытка Папа, ты самый лучший мужчина в этом мире 3014",https://otkrytki.top/wp-content/uploads/2025/05/otkrytka-3014.jpg.webp
Открытка С Днем Рождения дочери 3008,https://otkrytki.top/wp-content/uploads/2025/05/otkrytka-3008.jpg.webp
Открытка с днем рождения 3005,https://otkrytki.top/wp-content/uploads/2025/05/otkrytka-3005.jpg.webp
Открытка С Днем Рождения 3006,https://otkrytki.top/wp-content/uploads/2025/05/otkrytka-3006.jpg.webp
"Открытка подружка, Раскрой чакры. День рождения пришел 3003",https://otkrytki.top/wp-content/uploads/2025/05/otkrytka-3003.jpg.webp
Открытка с днем рождения 3004,https://otkrytki.top/wp-content/uploads/2025/05/otkrytka-3004.jpg.webp
Открытка С Днем Рождения 2971,https://otkrytki.top/wp-content/uploads/2025/05/otkrytka-2971.jpg.webp
Гифка с Днем рождения 2957,https://otkrytki.top/wp-content/uploads/2025/05/otkrytka-2957.gif
Открытка с днем рождения 2932,https://otkrytki.top/wp-content/uploads/2025/05/otkrytka-2932.jpg.webp
Открытка с Днем рождения 2871,https://otkrytki.top/wp-content/uploads/2025/04/otkrytka-2871.jpg.webp
Открытка С Днем Рождения 2878,https://otkrytki.top/wp-content/uploads/2025/04/otkrytka-2878.jpg.webp
Открытка С Днем Рождения 2867,https://otkrytki.top/wp-content/uploads/2025/04/otkrytka-2867.jpg.webp
Открытка С Днем Рождения 2865,https://otkrytki.top/wp-content/uploads/2025/04/otkrytka-2865.jpg.webp
Открытка  С Днем Рождения 2858,https://otkrytki.top/wp-content/uploads/2025/04/otkrytka-2858_2.jpg.webp
Открытка с Днем рождения 2840,https://otkrytki.top/wp-content/uploads/2025/04/otkrytka-2840.jpg.webp
Открытка Любимой женщине с днем рождения 2809,https://otkrytki.top/wp-content/uploads/2025/04/otkrytka-2809.gif
Открытка 2827,https://otkrytki.top/wp-content/uploads/2025/04/otkrytka-2827.jpg.webp
Открытка с Днем рождения 2824,https://otkrytki.top/wp-content/uploads/2025/04/otkrytka-2824.jpg.webp
открытка 2817,https://otkrytki.top/wp-content/uploads/2025/04/otkrytka-2817.jpg.webp
Открытка с днем рождения 2815,https://otkrytki.top/wp-content/uploads/2025/04/otkrytka-2815.jpg.webp
Открытка с днем рождения 2814,https://otkrytki.top/wp-content/uploads/2025/04/otkrytka-2814.jpg.webp
Открытка с днем рождения женщине 2807,https://otkrytki.top/wp-content/uploads/2025/04/otkrytka-2807.jpg.webp
Открытка с днем рождения 2813,https://otkrytki.top/wp-content/uploads/2025/04/otkrytka-2813.jpg.webp
Открытка С Днем Рождения 2791,https://otkrytki.top/wp-content/uploads/2025/03/otkrytka-2791.jpg.webp
Открытка с днем рождения  2804,https://otkrytki.top/wp-content/uploads/2025/04/otkrytka-2804.gif
Открытка с днем рождения 2803,https://otkrytki.top/wp-content/uploads/2025/04/otkrytka-2803.gif
Открытка С Днем Рождения 2790,https://otkrytki.top/wp-content/uploads/2025/03/otkrytka-2790.jpg.webp
Открытка С Днем Рождения 2787,https://otkrytki.top/wp-content/uploads/2025/03/otkrytka-2787.jpg.webp
Открытка С Днем Рождения 2741,https://otkrytki.top/wp-content/uploads/2025/03/otkrytka-2741.jpg.webp
Открытка С Днем Рождения 2713,https://otkrytki.top/wp-content/uploads/2025/03/otkrytka-2713.jpg.webp
Открытка с днем рождения 2706,https://otkrytki.top/wp-content/uploads/2025/03/otkrytka-2706.jpg.webp
Открытка с днем рождения 2698,https://otkrytki.top/wp-content/uploads/2025/03/otkrytka-2698.jpg.webp
Открытка С Днем Рождения женщине 2695,https://otkrytki.top/wp-content/uploads/2025/03/otkrytka-2695.jpg.webp
Открытка С Днем Рождения 2694,https://otkrytki.top/wp-content/uploads/2025/03/otkrytka-2694.jpg.webp
Открытка С днем рождения 2686,https://otkrytki.top/wp-content/uploads/2025/03/otkrytka-2686.jpg.webp
Открытка С Днем рождения 2680,https://otkrytki.top/wp-content/uploads/2025/03/otkrytka-2680.jpg.webp
Открытка с днем рождения 2624,https://otkrytki.top/wp-content/uploads/2025/02/otkrytka-2624.jpg.webp
Открытка с Днем рождения 2607,https://otkrytki.top/wp-content/uploads/2025/02/otkrytka-2607.jpg.webp
Открытка с днем рождения 2602,https://otkrytki.top/wp-content/uploads/2025/02/otkrytka-2602.jpg.webp
Открытка с днем рождения  2596,https://otkrytki.top/wp-content/uploads/2025/02/otkrytka-2596.jpg.webp
Открытка у меня день рождения 2575,https://otkrytki.top/wp-content/uploads/2025/02/otkrytka-2575.jpg.webp
Открытка с днем рождения 2594,https://otkrytki.top/wp-content/uploads/2025/02/otkrytka-2594.jpg.webp
Открытка с днем рождения 2564,https://otkrytki.top/wp-content/uploads/2025/02/otkrytka-2564.jpg.webp
Открытка с днем рождения женщине 2561,https://otkrytki.top/wp-content/uploads/2025/02/otkrytka-2561.jpg.webp
Открытка с днем рождения  2560,https://otkrytki.top/wp-content/uploads/2025/02/otkrytka-2560.jpg.webp
Открытка с днем рождения сына  2559,https://otkrytki.top/wp-content/uploads/2025/02/otkrytka-2559.jpg.webp
Открытка  с днем рождения 2558,https://otkrytki.top/wp-content/uploads/2025/02/otkrytka-2558.jpg.webp
Открытка С Днем Рождения 2557,https://otkrytki.top/wp-content/uploads/2025/02/otkrytka-2557.jpg.webp
Открытка с днем рождения дочери  2554,https://otkrytki.top/wp-content/uploads/2025/02/otkrytka-2554.jpg.webp
Открытка с днем рождения сестре 2556,https://otkrytki.top/wp-content/uploads/2025/02/otkrytka-2556.jpg.webp
Открытка С Днем Рождения 2553,https://otkrytki.top/wp-content/uploads/2025/02/otkrytka-2553.jpg.webp
Открытка c днем рождения дочки 2546,https://otkrytki.top/wp-content/uploads/2025/02/otkrytka-2546.jpg.webp
Открытка с днем рождения 2528,https://otkrytki.top/wp-content/uploads/2025/02/otkrytka-2528.jpg.webp
Открытка королю 2527,https://otkrytki.top/wp-content/uploads/2025/02/otkrytka-2527.jpg.webp
Открытка на день рождения мужчине 2526,https://otkrytki.top/wp-content/uploads/2025/02/otkrytka-2526.jpg.webp
Открытка на день рождения мужчине 2525,https://otkrytki.top/wp-content/uploads/2025/02/otkrytka-2525.jpg.webp
Открытка с днем рождения подруга 2521,https://otkrytki.top/wp-content/uploads/2025/02/otkrytka-2521.jpg.webp
С Днем Рождения Открытка 2523,https://otkrytki.top/wp-content/uploads/2025/02/otkrytka-2523.jpg.webp
Открытка с днем рождения  2517,https://otkrytki.top/wp-content/uploads/2025/02/otkrytka-2517.jpg.webp
Открытка с пожеланием  2514,https://otkrytki.top/wp-content/uploads/2025/01/otkrytka-2514.jpg.webp
Открытка с Днем рождения 2495,https://otkrytki.top/wp-content/uploads/2025/01/otkrytka-2495.jpg.webp
Открытка с Днем рождения  2512,https://otkrytki.top/wp-content/uploads/2025/01/otkrytka-2512.jpg.webp
Открытка С Днем Рождения 2506,https://otkrytki.top/wp-content/uploads/2025/01/otkrytka-2506.jpg.webp
Открытка с днем рождения 2491,https://otkrytki.top/wp-content/uploads/2025/01/otkrytka-2491.jpg.webp
Открытка у тебя днюха 2480,https://otkrytki.top/wp-content/uploads/2025/01/otkrytka-2480.jpg.webp
Открытка с днем рождения 2474,https://otkrytki.top/wp-content/uploads/2025/01/otkrytka-2474.jpg.webp
гиф-открытка 2485,https://otkrytki.top/wp-content/uploads/2025/01/otkrytka-2485.gif
Открытка  с днем рождения 2471,https://otkrytki.top/wp-content/uploads/2025/01/otkrytka-2471.jpg.webp
Открытка с днем рождения 2470,https://otkrytki.top/wp-content/uploads/2025/01/otkrytka-2470.jpg.webp
Открытка 2463,https://otkrytki.top/wp-content/uploads/2025/01/otkrytka-2463.jpg.webp
Открытка с днем рождения 2457,https://otkrytki.top/wp-content/uploads/2025/01/otkrytka-2457.jpg.webp
Открытка с днем рождения мужчине 2449,https://otkrytki.top/wp-content/uploads/2025/01/otkrytka-2449.jpg.webp
Открытка 2447,https://otkrytki.top/wp-content/uploads/2025/01/otkrytka-2447.jpg.webp
Открытка пожеланий 2456,https://otkrytki.top/wp-content/uploads/2025/01/otkrytka-2456.jpg.webp
Открытка девушке с днем рождения 2446,https://otkrytki.top/wp-content/uploads/2025/01/otkrytka-2446.jpg.webp
Открытка с днем рождения 2445,https://otkrytki.top/wp-content/uploads/2025/01/otkrytka-2445.jpg.webp
Открытка с днем рождения  2443,https://otkrytki.top/wp-content/uploads/2025/01/otkrytka-2443.jpg.webp
Открытка с днем рождения 2442,https://otkrytki.top/wp-content/uploads/2025/01/otkrytka-2442.jpg.webp
Открытка 2436,https://otkrytki.top/wp-content/uploads/2025/01/otkrytka-2436.jpg.webp
Открытка с днем рождения 2435,https://otkrytki.top/wp-content/uploads/2025/01/otkrytka-2435.gif
Открытка С Днем Рождения 2430,https://otkrytki.top/wp-content/uploads/2025/01/otkrytka-2430.jpg.webp
открытка 2291,https://otkrytki.top/wp-content/uploads/2024/11/otkrytka-2291.jpg.webp
Открытка с днем рождения 2428,https://otkrytki.top/wp-content/uploads/2025/01/otkrytka-2428.jpg.webp
Открытка с днем рождения 2411,https://otkrytki.top/wp-content/uploads/2025/01/otkrytka-2411.jpg.webp
Открытка с днем рождения 2408,https://otkrytki.top/wp-content/uploads/2025/01/otkrytka-2408.jpg.webp
Открытка скучаю 2393,https://otkrytki.top/wp-content/uploads/2024/12/otkrytka-2393.jpg.webp
Открытка хорошего дня 2402,https://otkrytki.top/wp-content/uploads/2025/01/otkrytka-2402.jpg.webp
Открытка с днем рождения 2392,https://otkrytki.top/wp-content/uploads/2024/12/otkrytka-2392.jpg.webp
Открытка с днем рождения женщине 2381,https://otkrytki.top/wp-content/uploads/2024/12/otkrytka-2381.jpg.webp
Открытка маме с днем рождения дочери 2367,https://otkrytki.top/wp-content/uploads/2024/12/otkrytka-2367.jpg.webp
Мужская открытка с днем рождения 2359,https://otkrytki.top/wp-content/uploads/2024/12/otkrytka-2359.jpg.webp
Открытка с днем рождения 2352,https://otkrytki.top/wp-content/uploads/2024/12/otkrytka-2352.jpg.webp
Открытка с днем рождения 2339,https://otkrytki.top/wp-content/uploads/2024/12/otkrytka-2339.gif
открытка 2269,https://otkrytki.top/wp-content/uploads/2024/11/otkrytka-2269.jpg.webp
открытка с днем рождения 2232,https://otkrytki.top/wp-content/uploads/2024/11/otkrytka-2232.jpg.webp
Открытка отцу с днем рождения дочки 2312,https://otkrytki.top/wp-content/uploads/2024/12/otkrytka-2312.jpg.webp
открытка с днем рождения 2227,https://otkrytki.top/wp-content/uploads/2024/11/otkrytka-2227.jpg.webp
открытка с днем рождения  2264,https://otkrytki.top/wp-content/uploads/2024/11/otkrytka-2264.jpg.webp
открытка с днем рождения для женщины 2240,https://otkrytki.top/wp-content/uploads/2024/11/otkrytka-2240.jpg.webp
открытка с днем рождения 2238,https://otkrytki.top/wp-content/uploads/2024/11/otkrytka-2238.jpg.webp
открытка 2233,https://otkrytki.top/wp-content/uploads/2024/11/otkrytka-2233.jpg.webp
открытка с днем рождения 2225,https://otkrytki.top/wp-content/uploads/2024/11/otkrytka-2225.jpg.webp
открытка с днем рождения 2224,https://otkrytki.top/wp-content/uploads/2024/11/otkrytka-2224.jpg.webp
открытка с днем рождения 2223,https://otkrytki.top/wp-content/uploads/2024/11/otkrytka-2223.jpg.webp
открытка с днем рождения 2222,https://otkrytki.top/wp-content/uploads/2024/11/otkrytka-2222.jpg.webp
Открытка с днем рождения 2197,https://otkrytki.top/wp-content/uploads/2024/11/otkrytka-2197.jpg.webp
Открытка с днем рождения 2206,https://otkrytki.top/wp-content/uploads/2024/11/otkrytka-2206.jpg.webp
Открытка 2205,https://otkrytki.top/wp-content/uploads/2024/11/otkrytka-2205.jpg.webp
Открытка 2204,https://otkrytki.top/wp-content/uploads/2024/11/otkrytka-2204.jpg.webp
Открытка 2201,https://otkrytki.top/wp-content/uploads/2024/11/otkrytka-2201.jpg.webp
Открытка с днем рождения 2199,https://otkrytki.top/wp-content/uploads/2024/11/otkrytka-2199.jpg.webp
Открытка с днем рождения 2188,https://otkrytki.top/wp-content/uploads/2024/11/otkrytka-2188.jpg.webp
Открытка женщине с днем рождения 2182,https://otkrytki.top/wp-content/uploads/2024/11/otkrytka-2182.jpg.webp
Открытка с днем рождения женщине 2171,https://otkrytki.top/wp-content/uploads/2024/10/otkrytka-2171.jpg.webp
Открытка с днем рождения 2165,https://otkrytki.top/wp-content/uploads/2024/10/otkrytka-2165.jpg.webp
Открытка с днем рождения 2156,https://otkrytki.top/wp-content/uploads/2024/10/otkrytka-2156.jpg.webp
Открытка с днем рождения 2139,https://otkrytki.top/wp-content/uploads/2024/10/otkrytka-2139.jpg.webp
Открытка с днем рождения 2129,https://otkrytki.top/wp-content/uploads/2024/10/otkrytka-2129.gif
Открытка с днем рождения 2128,https://otkrytki.top/wp-content/uploads/2024/10/otkrytka-2128.gif
Открытка с днем рождения 2126,https://otkrytki.top/wp-content/uploads/2024/10/otkrytka-2126.jpg.webp
Открытка с днем рождения женщине 2125,https://otkrytki.top/wp-content/uploads/2024/10/otkrytka-2125.jpg.webp
Открытка С Днем Рождения девушке 2122,https://otkrytki.top/wp-content/uploads/2024/10/otkrytka-2122.jpg.webp
"Открытка С Днём Рождения, женщине 2121",https://otkrytki.top/wp-content/uploads/2024/10/otkrytka-2121.jpg.webp
Открытка С Днем Рождения мужу 2120,https://otkrytki.top/wp-content/uploads/2024/10/otkrytka-2120.jpg.webp
Открытка С Днем Рождения 2119,https://otkrytki.top/wp-content/uploads/2024/10/otkrytka-2119.jpg.webp
Открытка С Днем Рождения 2117,https://otkrytki.top/wp-content/uploads/2024/10/otkrytka-2117.gif
Открытка С Днем Рождения внучку2116,https://otkrytki.top/wp-content/uploads/2024/10/otkrytka-2116.jpg.webp
Открытка С Днем Рождения 2114,https://otkrytki.top/wp-content/uploads/2024/10/otkrytka-2114.jpg.webp
Открытка С Днем Рождения 2113,https://otkrytki.top/wp-content/uploads/2024/10/otkrytka-2113.jpg.webp
Открытка с днем рождения девушке 2124,https://otkrytki.top/wp-content/uploads/2024/10/otkrytka-2124.jpg.webp
Открытка с пожеланиями женщине 2123,https://otkrytki.top/wp-content/uploads/2024/10/otkrytka-2123.jpg.webp
Открытка с днем рождения 2112,https://otkrytki.top/wp-content/uploads/2024/10/otkrytka-2112.jpg.webp
Открытка с днем рождения Наше 2110,https://otkrytki.top/wp-content/uploads/2024/10/otkrytka-2110.jpg.webp
Открытка с днем рождения сестре 2109,https://otkrytki.top/wp-content/uploads/2024/10/otkrytka-2109.jpg.webp
Открытка с днем рождения 2106,https://otkrytki.top/wp-content/uploads/2024/10/otkrytka-2106.jpg.webp
Открытка с дем рождения наташа  2097,https://otkrytki.top/wp-content/uploads/2024/10/otkrytka-2097.jpg.webp
Открытка с днем рождения 2095,https://otkrytki.top/wp-content/uploads/2024/10/otkrytka-2095.jpg.webp
Открытка твой подарок 2074,https://otkrytki.top/wp-content/uploads/2024/10/otkrytka-2074.gif
Открытка с днем рождения 2073,https://otkrytki.top/wp-content/uploads/2024/10/otkrytka-2073.jpg.webp
Открытка с днем рождения 2071,https://otkrytki.top/wp-content/uploads/2024/10/otkrytka-2071.jpg.webp
Открытка женщине с днем рождения 2137,https://otkrytki.top/wp-content/uploads/2024/10/otkrytka-2137.jpg.webp
Открытка сднем рождения 2053,https://otkrytki.top/wp-content/uploads/2024/10/otkrytka-2053.jpg.webp
Открытка с днем рождения 2045,https://otkrytki.top/wp-content/uploads/2024/09/otkrytka-2045.jpg.webp
открытка С Днем Рождения 2003,https://otkrytki.top/wp-content/uploads/2024/09/otkrytka-2003.gif
Открытка С Днем Рождения 1992,https://otkrytki.top/wp-content/uploads/2024/09/otkrytka-1992.jpg.webp
открытка с днем рождения 1991,https://otkrytki.top/wp-content/uploads/2024/09/otkrytka-1991.jpg.webp
открытка С Днем Рождения 1990,https://otkrytki.top/wp-content/uploads/2024/09/otkrytka-1990_2.jpg.webp
открытка 1989,https://otkrytki.top/wp-content/uploads/2024/09/otkrytka-1989.jpg.webp
открытка с днем рождения 1985,https://otkrytki.top/wp-content/uploads/2024/09/otkrytka-1985.jpg.webp
открытка днем рождения другу или брату 1976,https://otkrytki.top/wp-content/uploads/2024/09/otkrytka-1976.jpg.webp
открытка с днем рождения 1987,https://otkrytki.top/wp-content/uploads/2024/09/otkrytka-1987-3.jpg.webp
открытка с днем рождения 1963,https://otkrytki.top/wp-content/uploads/2024/09/otkrytka-1963.jpg.webp
Открытка с днем рождения 1960,https://otkrytki.top/wp-content/uploads/2024/09/otkrytka-1960.jpg.webp
открытка 1955,https://otkrytki.top/wp-content/uploads/2024/09/otkrytka-1955.jpg.webp
открытка с днем рождения 1954,https://otkrytki.top/wp-content/uploads/2024/09/otkrytka-1954.jpg.webp
Открытка начальнику 1950,https://otkrytki.top/wp-content/uploads/2024/09/otkrytka-1950.jpg.webp
открытка с днем рождения мужу 1949,https://otkrytki.top/wp-content/uploads/2024/09/otkrytka-1949.jpg.webp
Открытка с днем рождения 1885,https://otkrytki.top/wp-content/uploads/2024/08/otkrytka-1885.jpg.webp
Открытка с днем рождения 1856,https://otkrytki.top/wp-content/uploads/2024/08/otkrytka-1856.gif
Открытка с днем рождения 1854,https://otkrytki.top/wp-content/uploads/2024/08/otkrytka-1854.jpg.webp
Открытка с днем рождения 1853,https://otkrytki.top/wp-content/uploads/2024/08/otkrytka-1853.jpg.webp
Открытка с днем рождения 1832,https://otkrytki.top/wp-content/uploads/2024/08/otkrytka-1832.jpg.webp
Открытка с днем рождения 1821,https://otkrytki.top/wp-content/uploads/2024/07/otkrytka-1821.jpg.webp
Открытка с днем рождения мужчине 1800,https://otkrytki.top/wp-content/uploads/2024/07/otkrytka-1800.gif
Открытка с днем рождения 1787,https://otkrytki.top/wp-content/uploads/2024/07/otkrytka-1787.jpg.webp
Открытка с днем рождения 1779,https://otkrytki.top/wp-content/uploads/2024/07/otkrytka-1779.jpg.webp
Открытка С Днем Рождения 1770,https://otkrytki.top/wp-content/uploads/2024/07/otkrytka-1770.gif
Открытка с днем рождения 1762,https://otkrytki.top/wp-content/uploads/2024/07/otkrytka-1762.jpg.webp
Открытка с днем рождения для девушки 1742,https://otkrytki.top/wp-content/uploads/2024/07/otkrytka-1742.jpg.webp
Открытка с днем рождения 1726,https://otkrytki.top/wp-content/uploads/2024/07/otkrytka-1726.jpg.webp
Открытка с днем рождения девушке 1701,https://otkrytki.top/wp-content/uploads/2024/06/otkrytka-1701.jpg.webp
Открытка с днем рождения 1668,https://otkrytki.top/wp-content/uploads/2024/06/otkrytka-1668.jpg.webp
Открытка с днем рождения женщине 1570,https://otkrytki.top/wp-content/uploads/2024/05/otkrytka-1570.jpg.webp
Открытка с днем рождения 1677,https://otkrytki.top/wp-content/uploads/2024/06/otkrytka-1677.jpg.webp
Открытка c днем рождения 1650,https://otkrytki.top/wp-content/uploads/2024/06/otkrytka-1650.gif
Открытка с днем рождения 1645,https://otkrytki.top/wp-content/uploads/2024/06/otkrytka-1645.jpg.webp
Открытка С Днем Рождения 1642,https://otkrytki.top/wp-content/uploads/2024/06/otkrytka-1642.jpg.webp
Открытка с днем рождения 1641,https://otkrytki.top/wp-content/uploads/2024/06/otkrytka-1641.jpg.webp
Открытка с днем рождения 1632,https://otkrytki.top/wp-content/uploads/2024/06/otkrytka-1632.jpg.webp
Открытка маме 1630,https://otkrytki.top/wp-content/uploads/2024/06/otkrytka-1630.jpg.webp
Открытка с днем рождения 1623,https://otkrytki.top/wp-content/uploads/2024/06/otkrytka-1623.gif
Открытка с днем рождения  1621,https://otkrytki.top/wp-content/uploads/2024/06/otkrytka-1621.jpg.webp
Открытка с днем рождения внучки 1619,https://otkrytki.top/wp-content/uploads/2024/06/otkrytka-1619.jpg.webp
Открытка с днем рождения 1613,https://otkrytki.top/wp-content/uploads/2024/06/otkrytka-1613.jpg.webp
Открытка с днем варенья 1609,https://otkrytki.top/wp-content/uploads/2024/06/otkrytka-1609.jpg.webp
Открытка с днем рождения 1608,https://otkrytki.top/wp-content/uploads/2024/06/otkrytka-1608.gif
Открытка с днем рождения женщине 1607,https://otkrytki.top/wp-content/uploads/2024/06/otkrytka-1607.jpg.webp
Открытка с днем родения 1606,https://otkrytki.top/wp-content/uploads/2024/06/otkrytka-1606.jpg.webp
Открытка с днем рождения 1605,https://otkrytki.top/wp-content/uploads/2024/06/otkrytka-1605.jpg.webp
Открытка с днем рождения 1603,https://otkrytki.top/wp-content/uploads/2024/06/otkrytka-1603.jpg.webp
Открытка 1598,https://otkrytki.top/wp-content/uploads/2024/05/otkrytka-1598.gif
Открытка 1596,https://otkrytki.top/wp-content/uploads/2024/05/otkrytka-1596.jpg.webp
Открытка с днем рождения 1595,https://otkrytki.top/wp-content/uploads/2024/05/otkrytka-1595.jpg.webp
Открытка с днем рождения подруга 1593,https://otkrytki.top/wp-content/uploads/2024/05/otkrytka-1593.gif
Открытка с днем рождения 1592,https://otkrytki.top/wp-content/uploads/2024/05/otkrytka-1592.jpg.webp
Открытка с днем рождения 1589,https://otkrytki.top/wp-content/uploads/2024/05/otkrytka-1589.jpg.webp
Открытка С Днем Рождения 1588,https://otkrytki.top/wp-content/uploads/2024/05/otkrytka-1588.jpg.webp
Открытка с днем рождения 1587,https://otkrytki.top/wp-content/uploads/2024/05/otkrytka-1587.jpg.webp
Открытка С днем рождения 1583,https://otkrytki.top/wp-content/uploads/2024/05/otkrytka-1583.jpg.webp
Открытка с днем рождения 1581,https://otkrytki.top/wp-content/uploads/2024/05/otkrytka-1581.gif
Открытка с новорождением двойняшек 1580,https://otkrytki.top/wp-content/uploads/2024/05/otkrytka-1580.jpg.webp
Открытка с днем рождения 1576,https://otkrytki.top/wp-content/uploads/2024/05/otkrytka-1576.jpg.webp
Открытка с днем рождения 1501,https://otkrytki.top/wp-content/uploads/2024/05/otkrytka-1501.gif
Открытка с днем рождения 1454,https://otkrytki.top/wp-content/uploads/2024/04/otkrytka-1454.jpg.webp
Открытка с днем рождения 1453,https://otkrytki.top/wp-content/uploads/2024/04/otkrytka-1453.jpg.webp
Открытка 1436,https://otkrytki.top/wp-content/uploads/2024/04/otkrytka-1436.gif
Открытка с днем рождения 1405,https://otkrytki.top/wp-content/uploads/2024/04/otkrytka-1405.jpg.webp
Открытка с поздравлениями женщине 1391,https://otkrytki.top/wp-content/uploads/2024/04/otkrytka-1391.jpg.webp
Открытка с днем рождения 1398,https://otkrytki.top/wp-content/uploads/2024/04/otkrytka-1398.jpg.webp
Открытка с Днем рождения 1393,https://otkrytki.top/wp-content/uploads/2024/04/otkrytka-1393.jpg.webp
Открытка 1374,https://otkrytki.top/wp-content/uploads/2024/04/otkrytka-1374.jpg.webp
Открытка маме люблю 1365,https://otkrytki.top/wp-content/uploads/2024/04/otkrytka-1365.jpg.webp
Открытка с днем рождения сестре 1358,https://otkrytki.top/wp-content/uploads/2024/04/otkrytka-1358.jpg.webp
Открытка бабушке с днем рождения 1355,https://otkrytki.top/wp-content/uploads/2024/02/otkrytka-1355_1.jpg.webp
Открытка с днем рождения 1351,https://otkrytki.top/wp-content/uploads/2024/04/otkrytka-1351.jpg.webp
Открытка с днем рождения 1350,https://otkrytki.top/wp-content/uploads/2024/04/otkrytka-1350.jpg.webp
Открытка 1349,https://otkrytki.top/wp-content/uploads/2024/04/otkrytka-1349.jpg.webp
Открытка с рождением внука 1348,https://otkrytki.top/wp-content/uploads/2024/04/otkrytka-1348.jpg.webp
Открытка с рождением ребенка 1341,https://otkrytki.top/wp-content/uploads/2024/04/otkrytka-1341.jpg.webp
Открытка с днем рождения другу 1333,https://otkrytki.top/wp-content/uploads/2024/04/otkrytka-1333.jpg.webp
Открытка 1326,https://otkrytki.top/wp-content/uploads/2024/03/otkrytka-1326.jpg.webp
Открытка 1303,https://otkrytki.top/wp-content/uploads/2024/03/otkrytka-1303.gif
Открытка с днем рождения 1301_1,https://otkrytki.top/wp-content/uploads/2024/03/otkrytka-1301_1.gif
Открытка 1293,https://otkrytki.top/wp-content/uploads/2024/03/otkrytka-1293.jpg.webp
Открытка 1246,https://otkrytki.top/wp-content/uploads/2024/03/otkrytka-1246.jpg.webp
Открытка 1241,https://otkrytki.top/wp-content/uploads/2024/03/otkrytka-1241.jpg.webp
Открытка 1225,https://otkrytki.top/wp-content/uploads/2024/02/otkrytka-1225.jpg.webp
Открытка 1216,https://otkrytki.top/wp-content/uploads/2024/02/otkrytka-1216.gif
Открытка 1192,https://otkrytki.top/wp-content/uploads/2024/02/otkrytka-1192.jpg.webp
Открытка 1173,https://otkrytki.top/wp-content/uploads/2024/02/otkrytka-1173.jpg.webp
Открытка 1097,https://otkrytki.top/wp-content/uploads/2024/01/otkrytka-1097.jpg.webp
Открытка 1094,https://otkrytki.top/wp-content/uploads/2024/01/otkrytka-1094.jpg.webp
Открытка 1086,https://otkrytki.top/wp-content/uploads/2024/01/otkrytka-1086.jpg.webp
Открытка 1055,https://otkrytki.top/wp-content/uploads/2024/01/otkrytka-1055.jpg.webp
Открытка 1052,https://otkrytki.top/wp-content/uploads/2024/01/otkrytka-1052.jpg.webp
Открытка 1049,https://otkrytki.top/wp-content/uploads/2024/01/otkrytka-1049.jpg.webp
Открытка 1060,https://otkrytki.top/wp-content/uploads/2024/01/otkrytka-1060.jpg.webp
Открытка 1047,https://otkrytki.top/wp-content/uploads/2024/01/otkrytka-1047.jpg.webp
Открытка 1043,https://otkrytki.top/wp-content/uploads/2024/01/otkrytka-1043.jpg.webp
Открытка 1028,https://otkrytki.top/wp-content/uploads/2024/01/otkrytka-1028.jpg.webp
Открытка 1020,https://otkrytki.top/wp-content/uploads/2024/01/otkrytka-1020.jpg.webp
Открытка 1007,https://otkrytki.top/wp-content/uploads/2024/01/otkrytka-1007.jpg.webp
Открытка 1004,https://otkrytki.top/wp-content/uploads/2024/01/otkrytka-1004.jpg.webp
Открытка 1002,https://otkrytki.top/wp-content/uploads/2024/01/otkrytka-1002.jpg.webp
Открытка 1001,https://otkrytki.top/wp-content/uploads/2024/01/otkrytka-1001.jpg.webp
Открытка 1000,https://otkrytki.top/wp-content/uploads/2024/01/otkrytka-1000.jpg.webp
Открытка 995,https://otkrytki.top/wp-content/uploads/2024/01/otkrytka-995-2.jpg.webp
Открытка 992,https://otkrytki.top/wp-content/uploads/2024/01/otkrytka-992.jpg.webp
Открытка 984,https://otkrytki.top/wp-content/uploads/2023/12/otkrytka-984.jpg.webp
Открытка 968,https://otkrytki.top/wp-content/uploads/2023/12/otkrytka-968.jpg.webp
Открытка 966,https://otkrytki.top/wp-content/uploads/2023/12/otkrytka-966.jpg.webp
Открытка 957_1,https://otkrytki.top/wp-content/uploads/2023/12/otkrytka-957_1.jpg.webp
Открытка 936,https://otkrytki.top/wp-content/uploads/2023/12/otkrytka-936.jpg.webp
Открытка 927,https://otkrytki.top/wp-content/uploads/2023/12/otkrytka-927.jpg.webp
Открытка 894,https://otkrytki.top/wp-content/uploads/2023/12/otkrytka-894.jpg.webp
Открытка 892,https://otkrytki.top/wp-content/uploads/2023/12/otkrytka-892.jpg.webp
Открытка 887,https://otkrytki.top/wp-content/uploads/2023/12/otkrytka-887.jpg.webp
Открытка 897,https://otkrytki.top/wp-content/uploads/2023/12/otkrytka-897.jpg.webp
Открытка 898,https://otkrytki.top/wp-content/uploads/2023/12/otkrytka-898.jpg.webp
Открытка 899,https://otkrytki.top/wp-content/uploads/2023/12/otkrytka-899.jpg.webp
Открытка 920,https://otkrytki.top/wp-content/uploads/2023/12/otkrytka-920.jpg.webp
Открытка 882,https://otkrytki.top/wp-content/uploads/2023/12/otkrytka-882.jpg.webp
Открытка 881,https://otkrytki.top/wp-content/uploads/2023/12/otkrytka-881.jpg.webp
Открытка 880,https://otkrytki.top/wp-content/uploads/2023/12/otkrytka-880.jpg.webp
Открытка 879,https://otkrytki.top/wp-content/uploads/2023/12/otkrytka-879.jpg.webp
Открытка 877,https://otkrytki.top/wp-content/uploads/2023/12/otkrytka-877.jpg.webp
Открытка 876,https://otkrytki.top/wp-content/uploads/2023/12/otkrytka-876.jpg.webp
Открытка 875,https://otkrytki.top/wp-content/uploads/2023/12/otkrytka-875.jpg.webp
Открытка 870,https://otkrytki.top/wp-content/uploads/2023/12/otkrytka-870.jpg.webp
Открытка 869,https://otkrytki.top/wp-content/uploads/2023/12/otkrytka-869.jpg.webp
Открытка 868,https://otkrytki.top/wp-content/uploads/2023/12/otkrytka-868.jpg.webp
Открытка 867,https://otkrytki.top/wp-content/uploads/2023/12/otkrytka-867.jpg.webp
Открытка 866,https://otkrytki.top/wp-content/uploads/2023/12/otkrytka-866.jpg.webp
Открытка 865,https://otkrytki.top/wp-content/uploads/2023/12/otkrytka-865.jpg.webp
Открытка 864,https://otkrytki.top/wp-content/uploads/2023/12/otkrytka-864.jpg.webp
Открытка 863,https://otkrytki.top/wp-content/uploads/2023/12/otkrytka-863.jpg.webp
Открытка 874,https://otkrytki.top/wp-content/uploads/2023/12/otkrytka-874.jpg.webp
Открытка 893,https://otkrytki.top/wp-content/uploads/2023/12/otkrytka-893.jpg.webp
Открытка 873,https://otkrytki.top/wp-content/uploads/2023/12/otkrytka-873.jpg.webp
Открытка 872,https://otkrytki.top/wp-content/uploads/2023/12/otkrytka-872.jpg.webp
Открытка 849,https://otkrytki.top/wp-content/uploads/2023/12/otkrytka-849.jpg.webp
Открытка 828,https://otkrytki.top/wp-content/uploads/2023/12/otkrytka-828.jpg.webp
Открытка 826,https://otkrytki.top/wp-content/uploads/2023/12/otkrytka-826.jpg.webp
Открытка 810,https://otkrytki.top/wp-content/uploads/2023/11/otkrytka-810.jpg.webp
Открытка 804,https://otkrytki.top/wp-content/uploads/2023/11/otkrytka-804.jpg.webp
Открытка с Днем матери 13,https://otkrytki.top/wp-content/uploads/2023/11/otkrytka-s-dnem-materi-13.jpg.webp
Открытка маме 11,https://otkrytki.top/wp-content/uploads/2023/11/otkrytka-mame-11.jpg.webp
Открытка 799,https://otkrytki.top/wp-content/uploads/2023/11/otkrytka-799.jpg.webp
Открытка 798,https://otkrytki.top/wp-content/uploads/2023/11/otkrytka-798.jpg.webp
Открытка 794,https://otkrytki.top/wp-content/uploads/2023/11/otkrytka-794.jpg.webp
Открытка 793,https://otkrytki.top/wp-content/uploads/2023/11/otkrytka-793.jpg.webp
Открытка 792,https://otkrytki.top/wp-content/uploads/2023/11/otkrytka-792.jpg.webp
Открытка 770,https://otkrytki.top/wp-content/uploads/2023/11/otkrytka-770.jpg.webp
Открытка маме 7,https://otkrytki.top/wp-content/uploads/2023/11/otkrytka-mame-7.jpg.webp
Открытка 785,https://otkrytki.top/wp-content/uploads/2023/11/otkrytka-785.jpg.webp
Открытка с Днем матери 23,https://otkrytki.top/wp-content/uploads/2023/11/otkrytka-s-dnem-materi-23.gif
Открытка маме 10,https://otkrytki.top/wp-content/uploads/2023/11/otkrytka-mame-10.jpg.webp
Открытка с Днем матери 1,https://otkrytki.top/wp-content/uploads/2023/11/otkrytka-s-dnem-materi-1.jpg.webp
Открытка маме 5,https://otkrytki.top/wp-content/uploads/2023/11/otkrytka-mame-5.jpg.webp
Открытка с Днем матери 4,https://otkrytki.top/wp-content/uploads/2023/11/otkrytka-s-dnem-materi-4.jpg.webp
Открытка маме 1,https://otkrytki.top/wp-content/uploads/2023/11/otkrytka-mame-1.gif
Открытка 790,https://otkrytki.top/wp-content/uploads/2023/11/otkrytka-790.jpg.webp
Открытка 739,https://otkrytki.top/wp-content/uploads/2023/11/otkrytka-739.jpg.webp
Открытка 779,https://otkrytki.top/wp-content/uploads/2023/11/otkrytka-779.jpg.webp
Открытка 738,https://otkrytki.top/wp-content/uploads/2023/11/otkrytka-738.jpg.webp
Открытка 737,https://otkrytki.top/wp-content/uploads/2023/11/otkrytka-737.jpg.webp
Открытка 750,https://otkrytki.top/wp-content/uploads/2023/11/otkrytka-750.jpg.webp
Открытка 735,https://otkrytki.top/wp-content/uploads/2023/11/otkrytka-735.jpg.webp
Открытка 731,https://otkrytki.top/wp-content/uploads/2023/11/otkrytka-731.jpg.webp
Открытка 724,https://otkrytki.top/wp-content/uploads/2023/11/otkrytka-724.jpg.webp
Открытка 721,https://otkrytki.top/wp-content/uploads/2023/11/otkrytka-721.jpg.webp
Открытка 723,https://otkrytki.top/wp-content/uploads/2023/11/otkrytka-723.jpg.webp
Открытка 743,https://otkrytki.top/wp-content/uploads/2023/11/otkrytka-743.jpg.webp
Открытка 742,https://otkrytki.top/wp-content/uploads/2023/11/otkrytka-742.jpg.webp
Открытка 699,https://otkrytki.top/wp-content/uploads/2023/11/otkrytka-699.jpg.webp
Открытка 751,https://otkrytki.top/wp-content/uploads/2023/11/otkrytka-751.jpg.webp
Открытка 678,https://otkrytki.top/wp-content/uploads/2023/10/otkrytka-678.jpg.webp
Открытка 644,https://otkrytki.top/wp-content/uploads/2023/10/otkrytka-644.jpg.webp
Открытка 610,https://otkrytki.top/wp-content/uploads/2023/10/otkrytka-610.jpg.webp
Открытка 600,https://otkrytki.top/wp-content/uploads/2023/10/otkrytka-600.jpg.webp
Открытка 583,https://otkrytki.top/wp-content/uploads/2023/10/otkrytka-583.jpg.webp
Открытка 559,https://otkrytki.top/wp-content/uploads/2023/10/559_otkrytka.jpg.webp
Открытка 558,https://otkrytki.top/wp-content/uploads/2023/10/558_otkrytka.jpg.webp
Открытка 552,https://otkrytki.top/wp-content/uploads/2023/10/552_otkrytka.jpg.webp
Открытка 550,https://otkrytki.top/wp-content/uploads/2023/09/550_otkrytka.jpg.webp
Открытка 542,https://otkrytki.top/wp-content/uploads/2023/09/542_otkrytka.jpg.webp
Открытка 535,https://otkrytki.top/wp-content/uploads/2023/09/535_otkrytka.jpg.webp
Открытка 531,https://otkrytki.top/wp-content/uploads/2023/09/531_otkrytka.jpg.webp
Открытка 529,https://otkrytki.top/wp-content/uploads/2023/09/529_otkrytka.jpg.webp
Открытка 461,https://otkrytki.top/wp-content/uploads/2023/09/461_otkrytka.jpg.webp
Открытка 458,https://otkrytki.top/wp-content/uploads/2023/09/458_otkrytka.jpg.webp
Открытка 449,https://otkrytki.top/wp-content/uploads/2023/09/449_otkrytka.jpg.webp
Открытка 410,https://otkrytki.top/wp-content/uploads/2023/08/410_otkrytka.jpg.webp
Открытка 372,https://otkrytki.top/wp-content/uploads/2023/08/372_otkrytka.jpg.webp
Открытка 376,https://otkrytki.top/wp-content/uploads/2023/08/376_otkrytka.jpg.webp
Открытка 359,https://otkrytki.top/wp-content/uploads/2023/08/359_otkrytka.jpg.webp
Открытка 352,https://otkrytki.top/wp-content/uploads/2023/08/352_otkrytka.jpg.webp
Открытка 340,https://otkrytki.top/wp-content/uploads/2023/08/340_otkrytka.jpg.webp
Открытка 281,https://otkrytki.top/wp-content/uploads/2023/08/281_otkrytka.jpg.webp
Открытка 280,https://otkrytki.top/wp-content/uploads/2023/08/280_otkrytka.jpg.webp
Открытка 278,https://otkrytki.top/wp-content/uploads/2023/08/278_otkrytka.jpg.webp
Открытка 276,https://otkrytki.top/wp-content/uploads/2023/08/276_otkrytka.jpg.webp
Открытка 275,https://otkrytki.top/wp-content/uploads/2023/08/275_otkrytka.jpg.webp
Открытка 274,https://otkrytki.top/wp-content/uploads/2023/08/274_otkrytka.jpg.webp
Открытка 273,https://otkrytki.top/wp-content/uploads/2023/08/273_otkrytka.jpg.webp
Открытка 272,https://otkrytki.top/wp-content/uploads/2023/08/272_otkrytka.jpg.webp
Открытка 271,https://otkrytki.top/wp-content/uploads/2023/08/271_otkrytka.jpg.webp
Открытка 270,https://otkrytki.top/wp-content/uploads/2023/08/270_otkrytka.jpg.webp
Открытка 255,https://otkrytki.top/wp-content/uploads/2023/07/255_otkrytka.jpg.webp
Открытка 250,https://otkrytki.top/wp-content/uploads/2023/07/250_otkrytka.jpg.webp
Открытка 233,https://otkrytki.top/wp-content/uploads/2023/07/233_otkrytka.jpg.webp
Открытка 227,https://otkrytki.top/wp-content/uploads/2023/07/227_otkrytka.jpg.webp
Открытка 218,https://otkrytki.top/wp-content/uploads/2023/07/218_otkrytka.jpg.webp
Открытка 215,https://otkrytki.top/wp-content/uploads/2023/07/215_otkrytka.jpg.webp
Открытка 205,https://otkrytki.top/wp-content/uploads/2023/07/205_otkrytka.jpg.webp
Открытка 171,https://otkrytki.top/wp-content/uploads/2023/07/171_otkrytka.jpg.webp
Открытка 178,https://otkrytki.top/wp-content/uploads/2023/07/178_otkrytka.jpg.webp
Открытка 177,https://otkrytki.top/wp-content/uploads/2023/07/177_otkrytka.jpg.webp
Открытка 154,https://otkrytki.top/wp-content/uploads/2023/07/154_otkrytka.jpg.webp
Открытка 143,https://otkrytki.top/wp-content/uploads/2023/07/143_otkrytka.jpg.webp
Открытка 112,https://otkrytki.top/wp-content/uploads/2023/07/112_otkrytka.jpg.webp
Открытка 96,https://otkrytki.top/wp-content/uploads/2023/06/96_otkrytka.jpg.webp
Открытка Твой торт с каждым годом горит всё ярче,https://otkrytki.top/wp-content/uploads/2023/06/95_otkrytka.jpg.webp
Открытка 93,https://otkrytki.top/wp-content/uploads/2023/06/93_otkrytka.jpg.webp
Открытка 94,https://otkrytki.top/wp-content/uploads/2023/06/94_otkrytka.jpg.webp
открытка 66,https://otkrytki.top/wp-content/uploads/2023/06/66_otkrytka.jpg.webp
Открытка 47,https://otkrytki.top/wp-content/uploads/2023/06/47_otkrytka.jpg.webp
Открытка 62,https://otkrytki.top/wp-content/uploads/2023/06/62_otkrytka.jpg.webp
Открытка 56,https://otkrytki.top/wp-content/uploads/2023/06/56_otkrytka.jpg.webp
Открытка 52,https://otkrytki.top/wp-content/uploads/2023/06/52_otkrytka.jpg.webp
Открытка 27,https://otkrytki.top/wp-content/uploads/2023/06/27_otkrytka.jpg.webp
Открытка 21,https://otkrytki.top/wp-content/uploads/2023/05/21_otkrytka.jpg.webp
Открытка 16,https://otkrytki.top/wp-content/uploads/2023/05/16_otkrytka.jpg.webp
Открытка С днём рождения Будь счастлива 4616,https://otkrytki.top/wp-content/uploads/2026/09/otkrytka-4616.jpg.webp
"Открытка С днём рождения, красотка 4612",https://otkrytki.top/wp-content/uploads/2026/09/otkrytka-4612.jpg.webp
Открытка женщине С днём рождения 4572,https://otkrytki.top/wp-content/uploads/2026/08/otkrytka-4572.jpg.webp
"Открытка с днем рождения, Богиня 4488",https://otkrytki.top/wp-content/uploads/2026/08/otkrytka-4488.jpg.webp
Открытка женщине с днем рождения 4439,https://otkrytki.top/wp-content/uploads/2026/07/otkrytka-4439.jpg.webp
Открытка подруге с днем рождения 4418,https://otkrytki.top/wp-content/uploads/2026/07/otkrytka-4418.jpg.webp
Открытка Наташе на день рождения  4417,https://otkrytki.top/wp-content/uploads/2026/07/otkrytka-4417.jpg.webp
Открытка женщине С Днем Рождения 4416,https://otkrytki.top/wp-content/uploads/2026/07/otkrytka-4416.jpg.webp
Открытка подруге с днем рождения 4410,https://otkrytki.top/wp-content/uploads/2026/07/otkrytka-4410.jpg.webp
Открытка С днем рождения 4394,https://otkrytki.top/wp-content/uploads/2026/07/otkrytka-4394.jpg.webp
Открытка с днем рождения женщине 4391,https://otkrytki.top/wp-content/uploads/2026/07/otkrytka-4391.jpg.webp
Открытка девочке на день рождения 4338,https://otkrytki.top/wp-content/uploads/2026/07/otkrytka-4338.jpg.webp
Открытка подруге с днем рождения 4299,https://otkrytki.top/wp-content/uploads/2026/06/otkrytka-4299.jpg.webp
Открытка с днем рождения женщине 4295,https://otkrytki.top/wp-content/uploads/2026/06/otkrytka-4295.jpg.webp
Открытка подруге с днем рождения 4283,https://otkrytki.top/wp-content/uploads/2026/06/otkrytka-4283.jpg.webp
Открытка Юле на день рождения 4275,https://otkrytki.top/wp-content/uploads/2026/06/otkrytka-4275.jpg.webp
Открытка девочке на день рождения 4212,https://otkrytki.top/wp-content/uploads/2026/05/otkrytka-4212.jpg.webp
Открытка С Днем Рождения женщине 4220,https://otkrytki.top/wp-content/uploads/2026/05/otkrytka-4220.jpg.webp
Открытка с ДиКаприо на день рождения 4209,https://otkrytki.top/wp-content/uploads/2026/05/otkrytka-4209.jpg.webp
Открытка с днем рождения  4115,https://otkrytki.top/wp-content/uploads/2026/04/otkrytka-4115.jpg.webp
Открытка с Днем рождения 4098,https://otkrytki.top/wp-content/uploads/2026/04/otkrytka-4098.jpg.webp
Открытка с Днем рождения с цветами 4081,https://otkrytki.top/wp-content/uploads/2026/04/otkrytka-4081.jpg.webp
Открытка с Днем рождения 4083,https://otkrytki.top/wp-content/uploads/2026/04/otkrytka-4083.jpg.webp
открытка маме на день рождения 4067,https://otkrytki.top/wp-content/uploads/2026/04/otkrytka-4067.jpg.webp
открытка женщине 4041,https://otkrytki.top/wp-content/uploads/2026/04/otkrytka-4041.jpg.webp
открытка с днем рождения девушке 4035,https://otkrytki.top/wp-content/uploads/2026/03/otkrytka-4035.jpg.webp
открытка с днем рождения девочке 4001,https://otkrytki.top/wp-content/uploads/2026/03/otkrytka-4001.jpg.webp
Открытка с днем рождения девушке 3981,https://otkrytki.top/wp-content/uploads/2026/03/otkrytka-3981.jpg.webp
Открытка с котиком и розами 3941,https://otkrytki.top/wp-content/uploads/2026/03/otkrytka-3941.jpg.webp
Открытка женщине с днем рождения 3944,https://otkrytki.top/wp-content/uploads/2026/03/otkrytka-3944.jpg.webp
Яркая открытка С Днем Рождения 3909,https://otkrytki.top/wp-content/uploads/2026/02/otkrytka-3909.jpg.webp
Открытка С Днем Рождения 3855,https://otkrytki.top/wp-content/uploads/2026/02/otkrytka-3855.jpg.webp
Открытка С Днем Рождения 3860,https://otkrytki.top/wp-content/uploads/2026/02/otkrytka-3860.jpg.webp
Открытка Тане с днем рождения 3841,https://otkrytki.top/wp-content/uploads/2026/02/otkrytka-3841.jpg.webp
Открытка С Днем Рождения женщине 3838,https://otkrytki.top/wp-content/uploads/2026/01/otkrytka-3838.jpg.webp
"Открытка С Днем рождения тебя, подружка 3840",https://otkrytki.top/wp-content/uploads/2026/01/otkrytka-3840.jpg.webp
Открытка красивой женщине С Днём Рождения 3824,https://otkrytki.top/wp-content/uploads/2026/01/otkrytka-3824.jpg.webp
Открытка с днем рождения 3807,https://otkrytki.top/wp-content/uploads/2026/01/otkrytka-3807.jpg.webp
Открытка выпьем за любовь 3806,https://otkrytki.top/wp-content/uploads/2026/01/otkrytka-3806.jpg.webp
Открытка подруге на день рождения 3773,https://otkrytki.top/wp-content/uploads/2026/01/otkrytka-3773.jpg.webp
Открытка Поздравляю с Днем рождения 3764,https://otkrytki.top/wp-content/uploads/2026/01/otkrytka-3764.jpg.webp
Открытка 3725,https://otkrytki.top/wp-content/uploads/2025/12/otkrytka-3725.jpg.webp
Открытка Галине на ДР 3593,https://otkrytki.top/wp-content/uploads/2025/11/otkrytka-3593.jpg.webp
Открытка С Днем Рождения женщине 3690,https://otkrytki.top/wp-content/uploads/2025/11/otkrytka-3690.jpg.webp
Открытка женщине С Днем Рождения 3713,https://otkrytki.top/wp-content/uploads/2025/12/otkrytka-3713.jpg.webp
Открытка С Днем Рождения с цветами 3663,https://otkrytki.top/wp-content/uploads/2025/11/otkrytka-3663.jpg.webp
Видео-открытка с днем рождения женщине 3637,https://otkrytki.top/wp-content/uploads/2025/11/otkrytka-3637.jpg.webp
Открытка с ДР Галине 3594,https://otkrytki.top/wp-content/uploads/2025/11/otkrytka-3594.jpg.webp
Видео-открытка женщине с днем рождения 3640,https://otkrytki.top/wp-content/uploads/2025/11/otkrytka-3640.jpg.webp
Открытка бабушке с днем рождения 3626,https://otkrytki.top/wp-content/uploads/2025/11/otkrytka-3626.jpg.webp
Открытка с миньонами на день рождения 3585,https://otkrytki.top/wp-content/uploads/2025/11/otkrytka-3585.jpg.webp
Открытка тете Оле с Днём Рождения 3624,https://otkrytki.top/wp-content/uploads/2025/11/otkrytka-3624.jpg.webp
Открытка с днем рождения женщине 3596,https://otkrytki.top/wp-content/uploads/2025/11/otkrytka-3596.jpg.webp
Открытка Гале с пожеланиями в стихах 3591,https://otkrytki.top/wp-content/uploads/2025/11/otkrytka-3591.jpg.webp
Открытка с днем рождения Дарья 3583,https://otkrytki.top/wp-content/uploads/2025/11/otkrytka-3583_2.jpg.webp
Открытка Гале на ДР 3590,https://otkrytki.top/wp-content/uploads/2025/11/otkrytka-3590.jpg.webp
Открытка Дарье на день рождения 3584,https://otkrytki.top/wp-content/uploads/2025/11/otkrytka-3584.jpg.webp
Открытка женщине с днем рождения 3575,https://otkrytki.top/wp-content/uploads/2025/11/otkrytka-3575.jpg.webp
Открытка племяннице с днем рождения 3566,https://otkrytki.top/wp-content/uploads/2025/10/otkrytka-3566.jpg.webp
Открытка с тортом ко дню рождения женщине 3565,https://otkrytki.top/wp-content/uploads/2025/10/otkrytka-3565.jpg.webp
Открытка Нине на день рождения 3561,https://otkrytki.top/wp-content/uploads/2025/10/otkrytka-3561.jpg.webp
Открытка с пожеланиями женщине 3564,https://otkrytki.top/wp-content/uploads/2025/10/otkrytka-3564.jpg.webp
Осенняя открытка с днем рождения 3554,https://otkrytki.top/wp-content/uploads/2025/10/otkrytka-3554.jpg.webp
Открытка с днем рождения женщине 3553,https://otkrytki.top/wp-content/uploads/2025/10/otkrytka-3553.jpg.webp
Открытка подружке на день рождения  3550,https://otkrytki.top/wp-content/uploads/2025/10/otkrytka-3550.jpg.webp
С днем рождения 3543,https://otkrytki.top/wp-content/uploads/2025/10/otkrytka-3543.jpg.webp
С днем рождения женщинам 3542,https://otkrytki.top/wp-content/uploads/2025/10/otkrytka-3542.jpg.webp
Открытка с днем рождения Нина 3518,https://otkrytki.top/wp-content/uploads/2025/10/otkrytka-3518.jpg.webp
Открытка с котом в костюме с днем рождения 3519,https://otkrytki.top/wp-content/uploads/2025/10/otkrytka-3519.jpg.webp
Открытка с днем рождения женщине от зайчика 3465,https://otkrytki.top/wp-content/uploads/2025/09/otkrytka-3465.jpg.webp
Открытка женщине с Карлсоном на день рождения 3497,https://otkrytki.top/wp-content/uploads/2025/10/otkrytka-3497.jpg.webp
Видео-открытка с Ну погоди на день рождения Светлане 3453,https://otkrytki.top/wp-content/uploads/2025/09/otkrytka-3453.jpg.webp
"Сестренка, с днем рождения открытка 3427",https://otkrytki.top/wp-content/uploads/2025/09/otkrytka-3427.jpg.webp
Открытка с тортом на день рождения 3353,https://otkrytki.top/wp-content/uploads/2025/08/otkrytka-3353.jpg.webp
Открытка с днем рождения для женщин 3351,https://otkrytki.top/wp-content/uploads/2025/08/otkrytka-3351.jpg.webp
Открытка наташе с поздравлениями  2111,https://otkrytki.top/wp-content/uploads/2024/10/otkrytka-2111.jpg.webp
Открытка с юбилеем 3348,https://otkrytki.top/wp-content/uploads/2025/08/otkrytka-3348.jpg.webp
Открытка с днем рождения 3343,https://otkrytki.top/wp-content/uploads/2025/08/otkrytka-3343.jpg.webp
Видео-открытка с Путиным С Днем Рождения Ольге 3253,https://otkrytki.top/wp-content/uploads/2025/08/otkrytka-3253.jpg.webp
Открытка с розами С Днем Рождения 3347,https://otkrytki.top/wp-content/uploads/2025/08/otkrytka-3347.jpg.webp
Открытка с зеленым букетом для женщины на день рождения 3294,https://otkrytki.top/wp-content/uploads/2025/08/otkrytka-3294.jpg.webp
Прикольная открытка на день рождения,https://otkrytki.top/wp-content/uploads/2025/08/otkrytka-3259.jpg.webp
Открытка на день рождения с зайчиком,https://otkrytki.top/wp-content/uploads/2025/08/otkrytka-3257.jpg.webp
Открытка Татьяне с поздравлениями,https://otkrytki.top/wp-content/uploads/2025/08/otkrytka-3254.jpg.webp
Открытка С Днем Рождения женщине,https://otkrytki.top/wp-content/uploads/2025/08/otkrytka-3248.jpg.webp
Открытка 3250,https://otkrytki.top/wp-content/uploads/2025/08/otkrytka-3250.jpg.webp
Открытка С Днем Рождения мама,https://otkrytki.top/wp-content/uploads/2025/08/otkrytka-3245.jpg.webp
Открытка С Днем Рождения 3217,https://otkrytki.top/wp-content/uploads/2025/07/otkrytka-3217.jpg.webp
Открытка С Днем Рождения с цветами 3215,https://otkrytki.top/wp-content/uploads/2025/07/otkrytka-3215.jpg.webp
Видео-открытка женщине 3187,https://otkrytki.top/wp-content/uploads/2025/07/otkrytka-3187.jpg.webp
Открытка с днем рождения женщине 3184,https://otkrytki.top/wp-content/uploads/2025/07/otkrytka-3184.jpg.webp
Открытка с цветами с днем рождения 3194,https://otkrytki.top/wp-content/uploads/2025/07/otkrytka-3194.jpg.webp
Открытка С Днем Рождения девочке 3182,https://otkrytki.top/wp-content/uploads/2025/07/otkrytka-3182.jpg.webp
Открытка женщине с Днем рождения 3155,https://otkrytki.top/wp-content/uploads/2025/07/otkrytka-3155.jpg.webp
Открытка С Днем Рождения женщине 3144,https://otkrytki.top/wp-content/uploads/2025/07/otkrytka-3144.jpg.webp
Открытка с днем рождения женщине 3133,https://otkrytki.top/wp-content/uploads/2025/07/otkrytka-3133.jpg.webp
Открытка с днем рождения 3097,https://otkrytki.top/wp-content/uploads/2025/06/otkrytka-3097.gif
Открытка любимой дочке на день рождения 3011,https://otkrytki.top/wp-content/uploads/2025/05/otkrytka-3011.jpg.webp
Открытка С Днем Рождения дочери 3008,https://otkrytki.top/wp-content/uploads/2025/05/otkrytka-3008.jpg.webp
"Открытка подружка, Раскрой чакры. День рождения пришел 3003",https://otkrytki.top/wp-content/uploads/2025/05/otkrytka-3003.jpg.webp
Открытка с днем рождения 3004,https://otkrytki.top/wp-content/uploads/2025/05/otkrytka-3004.jpg.webp
Гифка с Днем рождения 2957,https://otkrytki.top/wp-content/uploads/2025/05/otkrytka-2957.gif
Открытка С Днем Рождения 2867,https://otkrytki.top/wp-content/uploads/2025/04/otkrytka-2867.jpg.webp
Открытка  С Днем Рождения 2858,https://otkrytki.top/wp-content/uploads/2025/04/otkrytka-2858_2.jpg.webp
Открытка с Днем рождения 2840,https://otkrytki.top/wp-content/uploads/2025/04/otkrytka-2840.jpg.webp
Открытка Любимой женщине с днем рождения 2809,https://otkrytki.top/wp-content/uploads/2025/04/otkrytka-2809.gif
Открытка с Днем рождения 2824,https://otkrytki.top/wp-content/uploads/2025/04/otkrytka-2824.jpg.webp
открытка 2817,https://otkrytki.top/wp-content/uploads/2025/04/otkrytka-2817.jpg.webp
Открытка с днем рождения 2815,https://otkrytki.top/wp-content/uploads/2025/04/otkrytka-2815.jpg.webp
Открытка с днем рождения 2814,https://otkrytki.top/wp-content/uploads/2025/04/otkrytka-2814.jpg.webp
Открытка с днем рождения женщине 2807,https://otkrytki.top/wp-content/uploads/2025/04/otkrytka-2807.jpg.webp
Открытка с днем рождения 2813,https://otkrytki.top/wp-content/uploads/2025/04/otkrytka-2813.jpg.webp
Открытка с днем рождения  2804,https://otkrytki.top/wp-content/uploads/2025/04/otkrytka-2804.gif
Открытка с днем рождения 2803,https://otkrytki.top/wp-content/uploads/2025/04/otkrytka-2803.gif
Открытка С Днем Рождения 2713,https://otkrytki.top/wp-content/uploads/2025/03/otkrytka-2713.jpg.webp
Открытка с днем рождения 2706,https://otkrytki.top/wp-content/uploads/2025/03/otkrytka-2706.jpg.webp
Открытка С Днем Рождения женщине 2695,https://otkrytki.top/wp-content/uploads/2025/03/otkrytka-2695.jpg.webp
Открытка С Днем Рождения 2694,https://otkrytki.top/wp-content/uploads/2025/03/otkrytka-2694.jpg.webp
Открытка С днем рождения 2686,https://otkrytki.top/wp-content/uploads/2025/03/otkrytka-2686.jpg.webp
Открытка С Днем рождения 2680,https://otkrytki.top/wp-content/uploads/2025/03/otkrytka-2680.jpg.webp
Открытка с Днем рождения 2607,https://otkrytki.top/wp-content/uploads/2025/02/otkrytka-2607.jpg.webp
Открытка с днем рождения  2596,https://otkrytki.top/wp-content/uploads/2025/02/otkrytka-2596.jpg.webp
Открытка с днем рождения 2594,https://otkrytki.top/wp-content/uploads/2025/02/otkrytka-2594.jpg.webp
Открытка с днем рождения 2564,https://otkrytki.top/wp-content/uploads/2025/02/otkrytka-2564.jpg.webp
Открытка с днем рождения женщине 2561,https://otkrytki.top/wp-content/uploads/2025/02/otkrytka-2561.jpg.webp
Открытка С Днем Рождения 2557,https://otkrytki.top/wp-content/uploads/2025/02/otkrytka-2557.jpg.webp
Открытка с днем рождения сестре 2556,https://otkrytki.top/wp-content/uploads/2025/02/otkrytka-2556.jpg.webp
Открытка с днем рождения подруга 2521,https://otkrytki.top/wp-content/uploads/2025/02/otkrytka-2521.jpg.webp
Открытка с днем рождения  2517,https://otkrytki.top/wp-content/uploads/2025/02/otkrytka-2517.jpg.webp
Открытка с Днем рождения  2512,https://otkrytki.top/wp-content/uploads/2025/01/otkrytka-2512.jpg.webp
Открытка С Днем Рождения 2506,https://otkrytki.top/wp-content/uploads/2025/01/otkrytka-2506.jpg.webp
Открытка 2463,https://otkrytki.top/wp-content/uploads/2025/01/otkrytka-2463.jpg.webp
Открытка девушке с днем рождения 2446,https://otkrytki.top/wp-content/uploads/2025/01/otkrytka-2446.jpg.webp
Открытка с днем рождения  2443,https://otkrytki.top/wp-content/uploads/2025/01/otkrytka-2443.jpg.webp
Открытка 2436,https://otkrytki.top/wp-content/uploads/2025/01/otkrytka-2436.jpg.webp
Открытка с днем рождения 2435,https://otkrytki.top/wp-content/uploads/2025/01/otkrytka-2435.gif
открытка 2291,https://otkrytki.top/wp-content/uploads/2024/11/otkrytka-2291.jpg.webp
Открытка с днем рождения 2428,https://otkrytki.top/wp-content/uploads/2025/01/otkrytka-2428.jpg.webp
Открытка с днем рождения 2411,https://otkrytki.top/wp-content/uploads/2025/01/otkrytka-2411.jpg.webp
Открытка с днем рождения женщине 2381,https://otkrytki.top/wp-content/uploads/2024/12/otkrytka-2381.jpg.webp
открытка 2269,https://otkrytki.top/wp-content/uploads/2024/11/otkrytka-2269.jpg.webp
открытка с днем рождения 2232,https://otkrytki.top/wp-content/uploads/2024/11/otkrytka-2232.jpg.webp
открытка с днем рождения 2227,https://otkrytki.top/wp-content/uploads/2024/11/otkrytka-2227.jpg.webp
открытка с днем рождения для женщины 2240,https://otkrytki.top/wp-content/uploads/2024/11/otkrytka-2240.jpg.webp
открытка 2233,https://otkrytki.top/wp-content/uploads/2024/11/otkrytka-2233.jpg.webp
открытка с днем рождения 2225,https://otkrytki.top/wp-content/uploads/2024/11/otkrytka-2225.jpg.webp
Открытка 2205,https://otkrytki.top/wp-content/uploads/2024/11/otkrytka-2205.jpg.webp
Открытка 2204,https://otkrytki.top/wp-content/uploads/2024/11/otkrytka-2204.jpg.webp
Открытка 2201,https://otkrytki.top/wp-content/uploads/2024/11/otkrytka-2201.jpg.webp
Открытка женщине с днем рождения 2182,https://otkrytki.top/wp-content/uploads/2024/11/otkrytka-2182.jpg.webp
Открытка с днем рождения женщине 2171,https://otkrytki.top/wp-content/uploads/2024/10/otkrytka-2171.jpg.webp
Открытка с днем рождения 2129,https://otkrytki.top/wp-content/uploads/2024/10/otkrytka-2129.gif
Открытка с днем рождения 2128,https://otkrytki.top/wp-content/uploads/2024/10/otkrytka-2128.gif
Открытка с днем рождения женщине 2125,https://otkrytki.top/wp-content/uploads/2024/10/otkrytka-2125.jpg.webp
Открытка С Днем Рождения девушке 2122,https://otkrytki.top/wp-content/uploads/2024/10/otkrytka-2122.jpg.webp
"Открытка С Днём Рождения, женщине 2121",https://otkrytki.top/wp-content/uploads/2024/10/otkrytka-2121.jpg.webp
Открытка с днем рождения девушке 2124,https://otkrytki.top/wp-content/uploads/2024/10/otkrytka-2124.jpg.webp
Открытка с пожеланиями женщине 2123,https://otkrytki.top/wp-content/uploads/2024/10/otkrytka-2123.jpg.webp
Открытка с днем рождения 2112,https://otkrytki.top/wp-content/uploads/2024/10/otkrytka-2112.jpg.webp
Открытка с днем рождения Наше 2110,https://otkrytki.top/wp-content/uploads/2024/10/otkrytka-2110.jpg.webp
Открытка с днем рождения сестре 2109,https://otkrytki.top/wp-content/uploads/2024/10/otkrytka-2109.jpg.webp
Открытка с днем рождения 2106,https://otkrytki.top/wp-content/uploads/2024/10/otkrytka-2106.jpg.webp
Открытка с дем рождения наташа  2097,https://otkrytki.top/wp-content/uploads/2024/10/otkrytka-2097.jpg.webp
Открытка твой подарок 2074,https://otkrytki.top/wp-content/uploads/2024/10/otkrytka-2074.gif
Открытка женщине с днем рождения 2137,https://otkrytki.top/wp-content/uploads/2024/10/otkrytka-2137.jpg.webp
открытка С Днем Рождения 1990,https://otkrytki.top/wp-content/uploads/2024/09/otkrytka-1990_2.jpg.webp
открытка 1955,https://otkrytki.top/wp-content/uploads/2024/09/otkrytka-1955.jpg.webp
Открытка с днем рождения 1885,https://otkrytki.top/wp-content/uploads/2024/08/otkrytka-1885.jpg.webp
Открытка с днем рождения 1853,https://otkrytki.top/wp-content/uploads/2024/08/otkrytka-1853.jpg.webp
Открытка с днем рождения 1787,https://otkrytki.top/wp-content/uploads/2024/07/otkrytka-1787.jpg.webp
Открытка с днем рождения 1779,https://otkrytki.top/wp-content/uploads/2024/07/otkrytka-1779.jpg.webp
Открытка С Днем Рождения 1770,https://otkrytki.top/wp-content/uploads/2024/07/otkrytka-1770.gif
Открытка с днем рождения для девушки 1742,https://otkrytki.top/wp-content/uploads/2024/07/otkrytka-1742.jpg.webp
Открытка с днем рождения девушке 1701,https://otkrytki.top/wp-content/uploads/2024/06/otkrytka-1701.jpg.webp
Открытка с днем рождения 1668,https://otkrytki.top/wp-content/uploads/2024/06/otkrytka-1668.jpg.webp
Открытка с днем рождения женщине 1570,https://otkrytki.top/wp-content/uploads/2024/05/otkrytka-1570.jpg.webp
Открытка c днем рождения 1650,https://otkrytki.top/wp-content/uploads/2024/06/otkrytka-1650.gif
Открытка маме 1630,https://otkrytki.top/wp-content/uploads/2024/06/otkrytka-1630.jpg.webp
Открытка с днем рождения 1613,https://otkrytki.top/wp-content/uploads/2024/06/otkrytka-1613.jpg.webp
Открытка с днем рождения 1608,https://otkrytki.top/wp-content/uploads/2024/06/otkrytka-1608.gif
Открытка с днем рождения женщине 1607,https://otkrytki.top/wp-content/uploads/2024/06/otkrytka-1607.jpg.webp
Открытка с днем родения 1606,https://otkrytki.top/wp-content/uploads/2024/06/otkrytka-1606.jpg.webp
Открытка 1598,https://otkrytki.top/wp-content/uploads/2024/05/otkrytka-1598.gif
Открытка 1596,https://otkrytki.top/wp-content/uploads/2024/05/otkrytka-1596.jpg.webp
Открытка с днем рождения 1595,https://otkrytki.top/wp-content/uploads/2024/05/otkrytka-1595.jpg.webp
Открытка с днем рождения подруга 1593,https://otkrytki.top/wp-content/uploads/2024/05/otkrytka-1593.gif
Открытка с днем рождения 1589,https://otkrytki.top/wp-content/uploads/2024/05/otkrytka-1589.jpg.webp
Открытка С Днем Рождения 1588,https://otkrytki.top/wp-content/uploads/2024/05/otkrytka-1588.jpg.webp
Открытка с днем рождения 1587,https://otkrytki.top/wp-content/uploads/2024/05/otkrytka-1587.jpg.webp
Открытка с днем рождения 1581,https://otkrytki.top/wp-content/uploads/2024/05/otkrytka-1581.gif
Открытка с днем рождения 1576,https://otkrytki.top/wp-content/uploads/2024/05/otkrytka-1576.jpg.webp
Открытка с поздравлениями женщине 1391,https://otkrytki.top/wp-content/uploads/2024/04/otkrytka-1391.jpg.webp
Открытка маме люблю 1365,https://otkrytki.top/wp-content/uploads/2024/04/otkrytka-1365.jpg.webp
Открытка с днем рождения сестре 1358,https://otkrytki.top/wp-content/uploads/2024/04/otkrytka-1358.jpg.webp
Открытка бабушке с днем рождения 1355,https://otkrytki.top/wp-content/uploads/2024/02/otkrytka-1355_1.jpg.webp
Открытка 1349,https://otkrytki.top/wp-content/uploads/2024/04/otkrytka-1349.jpg.webp
Открытка 1326,https://otkrytki.top/wp-content/uploads/2024/03/otkrytka-1326.jpg.webp
Открытка с днем рождения 1301_1,https://otkrytki.top/wp-content/uploads/2024/03/otkrytka-1301_1.gif
Открытка 1216,https://otkrytki.top/wp-content/uploads/2024/02/otkrytka-1216.gif
Открытка 1192,https://otkrytki.top/wp-content/uploads/2024/02/otkrytka-1192.jpg.webp
Открытка 1097,https://otkrytki.top/wp-content/uploads/2024/01/otkrytka-1097.jpg.webp
Открытка 1052,https://otkrytki.top/wp-content/uploads/2024/01/otkrytka-1052.jpg.webp
Открытка 1049,https://otkrytki.top/wp-content/uploads/2024/01/otkrytka-1049.jpg.webp
Открытка 1047,https://otkrytki.top/wp-content/uploads/2024/01/otkrytka-1047.jpg.webp
Открытка 1043,https://otkrytki.top/wp-content/uploads/2024/01/otkrytka-1043.jpg.webp
Открытка 1028,https://otkrytki.top/wp-content/uploads/2024/01/otkrytka-1028.jpg.webp
Открытка 1020,https://otkrytki.top/wp-content/uploads/2024/01/otkrytka-1020.jpg.webp
Открытка 995,https://otkrytki.top/wp-content/uploads/2024/01/otkrytka-995-2.jpg.webp
Открытка 984,https://otkrytki.top/wp-content/uploads/2023/12/otkrytka-984.jpg.webp
Открытка 968,https://otkrytki.top/wp-content/uploads/2023/12/otkrytka-968.jpg.webp
Открытка 936,https://otkrytki.top/wp-content/uploads/2023/12/otkrytka-936.jpg.webp
Открытка 927,https://otkrytki.top/wp-content/uploads/2023/12/otkrytka-927.jpg.webp
Открытка 892,https://otkrytki.top/wp-content/uploads/2023/12/otkrytka-892.jpg.webp
Открытка 897,https://otkrytki.top/wp-content/uploads/2023/12/otkrytka-897.jpg.webp
Открытка 882,https://otkrytki.top/wp-content/uploads/2023/12/otkrytka-882.jpg.webp
Открытка 870,https://otkrytki.top/wp-content/uploads/2023/12/otkrytka-870.jpg.webp
Открытка 826,https://otkrytki.top/wp-content/uploads/2023/12/otkrytka-826.jpg.webp
Открытка 810,https://otkrytki.top/wp-content/uploads/2023/11/otkrytka-810.jpg.webp
Открытка 804,https://otkrytki.top/wp-content/uploads/2023/11/otkrytka-804.jpg.webp
Открытка с Днем матери 13,https://otkrytki.top/wp-content/uploads/2023/11/otkrytka-s-dnem-materi-13.jpg.webp
Открытка маме 11,https://otkrytki.top/wp-content/uploads/2023/11/otkrytka-mame-11.jpg.webp
Открытка 799,https://otkrytki.top/wp-content/uploads/2023/11/otkrytka-799.jpg.webp
Открытка 798,https://otkrytki.top/wp-content/uploads/2023/11/otkrytka-798.jpg.webp
Открытка 793,https://otkrytki.top/wp-content/uploads/2023/11/otkrytka-793.jpg.webp
Открытка 792,https://otkrytki.top/wp-content/uploads/2023/11/otkrytka-792.jpg.webp
Открытка 770,https://otkrytki.top/wp-content/uploads/2023/11/otkrytka-770.jpg.webp
Открытка маме 7,https://otkrytki.top/wp-content/uploads/2023/11/otkrytka-mame-7.jpg.webp
Открытка 785,https://otkrytki.top/wp-content/uploads/2023/11/otkrytka-785.jpg.webp
Открытка с Днем матери 23,https://otkrytki.top/wp-content/uploads/2023/11/otkrytka-s-dnem-materi-23.gif
Открытка маме 10,https://otkrytki.top/wp-content/uploads/2023/11/otkrytka-mame-10.jpg.webp
Открытка с Днем матери 1,https://otkrytki.top/wp-content/uploads/2023/11/otkrytka-s-dnem-materi-1.jpg.webp
Открытка маме 5,https://otkrytki.top/wp-content/uploads/2023/11/otkrytka-mame-5.jpg.webp
Открытка с Днем матери 4,https://otkrytki.top/wp-content/uploads/2023/11/otkrytka-s-dnem-materi-4.jpg.webp
Открытка маме 1,https://otkrytki.top/wp-content/uploads/2023/11/otkrytka-mame-1.gif
Открытка 790,https://otkrytki.top/wp-content/uploads/2023/11/otkrytka-790.jpg.webp
Открытка 739,https://otkrytki.top/wp-content/uploads/2023/11/otkrytka-739.jpg.webp
Открытка 779,https://otkrytki.top/wp-content/uploads/2023/11/otkrytka-779.jpg.webp
Открытка 738,https://otkrytki.top/wp-content/uploads/2023/11/otkrytka-738.jpg.webp
Открытка 737,https://otkrytki.top/wp-content/uploads/2023/11/otkrytka-737.jpg.webp
Открытка 750,https://otkrytki.top/wp-content/uploads/2023/11/otkrytka-750.jpg.webp
Открытка 735,https://otkrytki.top/wp-content/uploads/2023/11/otkrytka-735.jpg.webp
Открытка 731,https://otkrytki.top/wp-content/uploads/2023/11/otkrytka-731.jpg.webp
Открытка 724,https://otkrytki.top/wp-content/uploads/2023/11/otkrytka-724.jpg.webp
Открытка 721,https://otkrytki.top/wp-content/uploads/2023/11/otkrytka-721.jpg.webp
Открытка 723,https://otkrytki.top/wp-content/uploads/2023/11/otkrytka-723.jpg.webp
Открытка 743,https://otkrytki.top/wp-content/uploads/2023/11/otkrytka-743.jpg.webp
Открытка 742,https://otkrytki.top/wp-content/uploads/2023/11/otkrytka-742.jpg.webp
Открытка 699,https://otkrytki.top/wp-content/uploads/2023/11/otkrytka-699.jpg.webp
Открытка 678,https://otkrytki.top/wp-content/uploads/2023/10/otkrytka-678.jpg.webp
Открытка 644,https://otkrytki.top/wp-content/uploads/2023/10/otkrytka-644.jpg.webp
Открытка 610,https://otkrytki.top/wp-content/uploads/2023/10/otkrytka-610.jpg.webp
Открытка 600,https://otkrytki.top/wp-content/uploads/2023/10/otkrytka-600.jpg.webp
Открытка 583,https://otkrytki.top/wp-content/uploads/2023/10/otkrytka-583.jpg.webp
Открытка 559,https://otkrytki.top/wp-content/uploads/2023/10/559_otkrytka.jpg.webp
Открытка 558,https://otkrytki.top/wp-content/uploads/2023/10/558_otkrytka.jpg.webp
Открытка 550,https://otkrytki.top/wp-content/uploads/2023/09/550_otkrytka.jpg.webp
Открытка 542,https://otkrytki.top/wp-content/uploads/2023/09/542_otkrytka.jpg.webp
Открытка 535,https://otkrytki.top/wp-content/uploads/2023/09/535_otkrytka.jpg.webp
Открытка 531,https://otkrytki.top/wp-content/uploads/2023/09/531_otkrytka.jpg.webp
Открытка 458,https://otkrytki.top/wp-content/uploads/2023/09/458_otkrytka.jpg.webp
Открытка 449,https://otkrytki.top/wp-content/uploads/2023/09/449_otkrytka.jpg.webp
Открытка 410,https://otkrytki.top/wp-content/uploads/2023/08/410_otkrytka.jpg.webp
Открытка 372,https://otkrytki.top/wp-content/uploads/2023/08/372_otkrytka.jpg.webp
Открытка 376,https://otkrytki.top/wp-content/uploads/2023/08/376_otkrytka.jpg.webp
Открытка 359,https://otkrytki.top/wp-content/uploads/2023/08/359_otkrytka.jpg.webp
Открытка 270,https://otkrytki.top/wp-content/uploads/2023/08/270_otkrytka.jpg.webp
Открытка 233,https://otkrytki.top/wp-content/uploads/2023/07/233_otkrytka.jpg.webp
Открытка 227,https://otkrytki.top/wp-content/uploads/2023/07/227_otkrytka.jpg.webp
Открытка 215,https://otkrytki.top/wp-content/uploads/2023/07/215_otkrytka.jpg.webp
Открытка 171,https://otkrytki.top/wp-content/uploads/2023/07/171_otkrytka.jpg.webp
Открытка 177,https://otkrytki.top/wp-content/uploads/2023/07/177_otkrytka.jpg.webp
Открытка 154,https://otkrytki.top/wp-content/uploads/2023/07/154_otkrytka.jpg.webp
Открытка 143,https://otkrytki.top/wp-content/uploads/2023/07/143_otkrytka.jpg.webp
Открытка 112,https://otkrytki.top/wp-content/uploads/2023/07/112_otkrytka.jpg.webp
Открытка 96,https://otkrytki.top/wp-content/uploads/2023/06/96_otkrytka.jpg.webp
Открытка Твой торт с каждым годом горит всё ярче,https://otkrytki.top/wp-content/uploads/2023/06/95_otkrytka.jpg.webp
Открытка 94,https://otkrytki.top/wp-content/uploads/2023/06/94_otkrytka.jpg.webp
Открытка 52,https://otkrytki.top/wp-content/uploads/2023/06/52_otkrytka.jpg.webp
открытка маме на день рождения 4067,https://otkrytki.top/wp-content/uploads/2026/04/otkrytka-4067.jpg.webp
Открытка 3250,https://otkrytki.top/wp-content/uploads/2025/08/otkrytka-3250.jpg.webp
Открытка С Днем Рождения мама,https://otkrytki.top/wp-content/uploads/2025/08/otkrytka-3245.jpg.webp
Открытка маме 1630,https://otkrytki.top/wp-content/uploads/2024/06/otkrytka-1630.jpg.webp
Открытка маме люблю 1365,https://otkrytki.top/wp-content/uploads/2024/04/otkrytka-1365.jpg.webp
Открытка 826,https://otkrytki.top/wp-content/uploads/2023/12/otkrytka-826.jpg.webp
Открытка с Днем матери 13,https://otkrytki.top/wp-content/uploads/2023/11/otkrytka-s-dnem-materi-13.jpg.webp
Открытка маме 11,https://otkrytki.top/wp-content/uploads/2023/11/otkrytka-mame-11.jpg.webp
Открытка маме 7,https://otkrytki.top/wp-content/uploads/2023/11/otkrytka-mame-7.jpg.webp
Открытка с Днем матери 23,https://otkrytki.top/wp-content/uploads/2023/11/otkrytka-s-dnem-materi-23.gif
Открытка маме 10,https://otkrytki.top/wp-content/uploads/2023/11/otkrytka-mame-10.jpg.webp
Открытка с Днем матери 1,https://otkrytki.top/wp-content/uploads/2023/11/otkrytka-s-dnem-materi-1.jpg.webp
Открытка маме 5,https://otkrytki.top/wp-content/uploads/2023/11/otkrytka-mame-5.jpg.webp
Открытка с Днем матери 4,https://otkrytki.top/wp-content/uploads/2023/11/otkrytka-s-dnem-materi-4.jpg.webp
Открытка маме 1,https://otkrytki.top/wp-content/uploads/2023/11/otkrytka-mame-1.gif
Открытка С Днем Рождения девушке 2122,https://otkrytki.top/wp-content/uploads/2024/10/otkrytka-2122.jpg.webp
Открытка 804,https://otkrytki.top/wp-content/uploads/2023/11/otkrytka-804.jpg.webp
Открытка 798,https://otkrytki.top/wp-content/uploads/2023/11/otkrytka-798.jpg.webp
Открытка 699,https://otkrytki.top/wp-content/uploads/2023/11/otkrytka-699.jpg.webp
Открытка 583,https://otkrytki.top/wp-content/uploads/2023/10/otkrytka-583.jpg.webp
Открытка 535,https://otkrytki.top/wp-content/uploads/2023/09/535_otkrytka.jpg.webp
Открытка 531,https://otkrytki.top/wp-content/uploads/2023/09/531_otkrytka.jpg.webp
Открытка 376,https://otkrytki.top/wp-content/uploads/2023/08/376_otkrytka.jpg.webp
Открытка 270,https://otkrytki.top/wp-content/uploads/2023/08/270_otkrytka.jpg.webp
Открытка 233,https://otkrytki.top/wp-content/uploads/2023/07/233_otkrytka.jpg.webp
Открытка девочке на день рождения 4338,https://otkrytki.top/wp-content/uploads/2026/07/otkrytka-4338.jpg.webp
открытка с днем рождения девочке 4001,https://otkrytki.top/wp-content/uploads/2026/03/otkrytka-4001.jpg.webp
Открытка с днем рождения девушке 3981,https://otkrytki.top/wp-content/uploads/2026/03/otkrytka-3981.jpg.webp
Яркая открытка С Днем Рождения 3909,https://otkrytki.top/wp-content/uploads/2026/02/otkrytka-3909.jpg.webp
Открытка С Днем Рождения девочке 3182,https://otkrytki.top/wp-content/uploads/2025/07/otkrytka-3182.jpg.webp
Открытка с Днем рождения 2824,https://otkrytki.top/wp-content/uploads/2025/04/otkrytka-2824.jpg.webp
Открытка 2436,https://otkrytki.top/wp-content/uploads/2025/01/otkrytka-2436.jpg.webp
Открытка 2201,https://otkrytki.top/wp-content/uploads/2024/11/otkrytka-2201.jpg.webp
Открытка С Днем Рождения девушке 2122,https://otkrytki.top/wp-content/uploads/2024/10/otkrytka-2122.jpg.webp
Открытка с днем рождения девушке 1701,https://otkrytki.top/wp-content/uploads/2024/06/otkrytka-1701.jpg.webp
Открытка с днем рождения 1668,https://otkrytki.top/wp-content/uploads/2024/06/otkrytka-1668.jpg.webp
Открытка с днем рождения 1613,https://otkrytki.top/wp-content/uploads/2024/06/otkrytka-1613.jpg.webp
Открытка с днем рождения 1581,https://otkrytki.top/wp-content/uploads/2024/05/otkrytka-1581.gif
Открытка 804,https://otkrytki.top/wp-content/uploads/2023/11/otkrytka-804.jpg.webp
Открытка 798,https://otkrytki.top/wp-content/uploads/2023/11/otkrytka-798.jpg.webp
Открытка 793,https://otkrytki.top/wp-content/uploads/2023/11/otkrytka-793.jpg.webp
Открытка 792,https://otkrytki.top/wp-content/uploads/2023/11/otkrytka-792.jpg.webp
Открытка 699,https://otkrytki.top/wp-content/uploads/2023/11/otkrytka-699.jpg.webp
Открытка 583,https://otkrytki.top/wp-content/uploads/2023/10/otkrytka-583.jpg.webp
Открытка 535,https://otkrytki.top/wp-content/uploads/2023/09/535_otkrytka.jpg.webp
Открытка 531,https://otkrytki.top/wp-content/uploads/2023/09/531_otkrytka.jpg.webp
Открытка 376,https://otkrytki.top/wp-content/uploads/2023/08/376_otkrytka.jpg.webp
Открытка 270,https://otkrytki.top/wp-content/uploads/2023/08/270_otkrytka.jpg.webp
Открытка 233,https://otkrytki.top/wp-content/uploads/2023/07/233_otkrytka.jpg.webp
Открытка любимой дочке на день рождения 3011,https://otkrytki.top/wp-content/uploads/2025/05/otkrytka-3011.jpg.webp
Открытка С Днем Рождения дочери 3008,https://otkrytki.top/wp-content/uploads/2025/05/otkrytka-3008.jpg.webp
Открытка С Днем Рождения девушке 2122,https://otkrytki.top/wp-content/uploads/2024/10/otkrytka-2122.jpg.webp
Открытка 804,https://otkrytki.top/wp-content/uploads/2023/11/otkrytka-804.jpg.webp
Открытка 798,https://otkrytki.top/wp-content/uploads/2023/11/otkrytka-798.jpg.webp
Открытка 792,https://otkrytki.top/wp-content/uploads/2023/11/otkrytka-792.jpg.webp
Открытка 699,https://otkrytki.top/wp-content/uploads/2023/11/otkrytka-699.jpg.webp
Открытка 583,https://otkrytki.top/wp-content/uploads/2023/10/otkrytka-583.jpg.webp
Открытка 535,https://otkrytki.top/wp-content/uploads/2023/09/535_otkrytka.jpg.webp
Открытка 531,https://otkrytki.top/wp-content/uploads/2023/09/531_otkrytka.jpg.webp
Открытка 376,https://otkrytki.top/wp-content/uploads/2023/08/376_otkrytka.jpg.webp
Открытка 270,https://otkrytki.top/wp-content/uploads/2023/08/270_otkrytka.jpg.webp
Открытка 233,https://otkrytki.top/wp-content/uploads/2023/07/233_otkrytka.jpg.webp
Открытка мужчине С днём рождения 4550,https://otkrytki.top/wp-content/uploads/2026/08/otkrytka-4550.jpg.webp
Открытка брату на день рождения 4511,https://otkrytki.top/wp-content/uploads/2026/08/otkrytka-4511.jpg.webp
Открытка мужчине С Днём рождения 4498,https://otkrytki.top/wp-content/uploads/2026/08/otkrytka-4498.jpg.webp
"Открытка С Днём рождения, мой супер-муж 4437",https://otkrytki.top/wp-content/uploads/2026/07/otkrytka-4437.jpg.webp
Открытка другу с днем рождения 4485,https://otkrytki.top/wp-content/uploads/2026/08/otkrytka-4485.jpg.webp
Открытка папе с днем рождения 4486,https://otkrytki.top/wp-content/uploads/2026/08/otkrytka-4486.jpg.webp
Открытка 4438,https://otkrytki.top/wp-content/uploads/2026/07/otkrytka-4438.jpg.webp
Открытка с днем рождения начальнику 4442,https://otkrytki.top/wp-content/uploads/2026/07/otkrytka-4442.jpg.webp
Открытка рыбаку С Днем Рождения 4436,https://otkrytki.top/wp-content/uploads/2026/07/otkrytka-4436.jpg.webp
Открытка С Днем Рождения на 10 лет парню 4346,https://otkrytki.top/wp-content/uploads/2026/07/otkrytka-4346.jpg.webp
Открытка мальчику на день рождения 4345,https://otkrytki.top/wp-content/uploads/2026/07/otkrytka-4345.jpg.webp
Открытка мальчику на день рождения  4333,https://otkrytki.top/wp-content/uploads/2026/07/otkrytka-4333-1.jpg.webp
Открытка мужчине с днем рождения 4296,https://otkrytki.top/wp-content/uploads/2026/06/otkrytka-4296.jpg.webp
Открытка с днем рождения мужчине 4282,https://otkrytki.top/wp-content/uploads/2026/06/otkrytka-4282.jpg.webp
Открытка с днем рождения мужу 4281,https://otkrytki.top/wp-content/uploads/2026/06/otkrytka-4281.jpg.webp
Открытка на день рождения другу с Джейсоном Стейтемом 4272,https://otkrytki.top/wp-content/uploads/2026/06/otkrytka-4272.jpg.webp
Открытка с днем рождения 4211,https://otkrytki.top/wp-content/uploads/2026/05/otkrytka-4211.jpg.webp
Открытка мужу на день рождения 4210,https://otkrytki.top/wp-content/uploads/2026/05/otkrytka-4210.jpg.webp
Открытка с днем рождения мужчине 4179,https://otkrytki.top/wp-content/uploads/2026/05/otkrytka-4179.jpg.webp
Открытка мужчине с днем рождения 4124,https://otkrytki.top/wp-content/uploads/2026/05/otkrytka-4124.jpg.webp
Открытка с Днем рождения 4114,https://otkrytki.top/wp-content/uploads/2026/04/otkrytka-4114.jpg.webp
Прикольная открытка С Днем Рождения 4084,https://otkrytki.top/wp-content/uploads/2026/04/otkrytka-4084.jpg.webp
Открытка с Днем рождения мужчине 4082,https://otkrytki.top/wp-content/uploads/2026/04/otkrytka-4082.jpg.webp
открытка папе на день рождения 4068,https://otkrytki.top/wp-content/uploads/2026/04/otkrytka-4068.jpg.webp
Прикольная открытка с песней на день рождения мужчине 4066,https://otkrytki.top/wp-content/uploads/2026/04/otkrytka-4066.jpg.webp
Открытка С днём рождения мужчине 3938,https://otkrytki.top/wp-content/uploads/2026/03/otkrytka-3938.jpg.webp
Открытка мужчине С Днем Рождения 3797,https://otkrytki.top/wp-content/uploads/2026/01/otkrytka-3797.jpg.webp
Стильная Открытка с днем рождения мужчине 3763,https://otkrytki.top/wp-content/uploads/2026/01/otkrytka-3763.jpg.webp
Открытка с днем рождения 3762,https://otkrytki.top/wp-content/uploads/2026/01/otkrytka-3762.jpg.webp
Открытка 3728,https://otkrytki.top/wp-content/uploads/2025/12/otkrytka-3728.jpg.webp
Открытка для зятя с днем рождения 3559,https://otkrytki.top/wp-content/uploads/2025/10/otkrytka-3559.jpg.webp
Видео-открытка мужчине на день рождения 3639,https://otkrytki.top/wp-content/uploads/2025/11/otkrytka-3639.jpg.webp
Открытка зятю с виски на день рождения 3560,https://otkrytki.top/wp-content/uploads/2025/10/otkrytka-3560.jpg.webp
Видео-открытка любимому с днем рождения 3632,https://otkrytki.top/wp-content/uploads/2025/11/otkrytka-3632.jpg.webp
Открытка зятю на день рождения 3558,https://otkrytki.top/wp-content/uploads/2025/10/otkrytka-3558.jpg.webp
Открытка зятю на день рождения 3557,https://otkrytki.top/wp-content/uploads/2025/10/otkrytka-3557.jpg.webp
Открытка с котом с днем рождения 3536,https://otkrytki.top/wp-content/uploads/2025/10/otkrytka-3536.jpg.webp
Открытка зятю с днем рождения 3517,https://otkrytki.top/wp-content/uploads/2025/10/otkrytka-3517.jpg.webp
Видео-открытка с медведем сыну на день рождения 3463,https://otkrytki.top/wp-content/uploads/2025/09/otkrytka-3463.jpg.webp
Открытка с яхтой на день рождения 3354,https://otkrytki.top/wp-content/uploads/2025/08/otkrytka-3354_2.jpg.webp
Открытка мужчине С Днем рождения 3344,https://otkrytki.top/wp-content/uploads/2025/08/otkrytka-3344.jpg.webp
Открытка мужчине с днем рождения от женщин звезд,https://otkrytki.top/wp-content/uploads/2025/08/otkrytka-3255.jpg.webp
Открытка мужчине С Днем рождения 3225,https://otkrytki.top/wp-content/uploads/2025/07/otkrytka-3225.jpg.webp
Открытка С Днем Рождения мужчине 3232,https://otkrytki.top/wp-content/uploads/2025/08/otkrytka-3232.jpg.webp
Открытка мужчине С Днем Рождения 3117,https://otkrytki.top/wp-content/uploads/2025/06/otkrytka-3117.jpg.webp
Открытка 3016 - Папа ты мой №1 настоящий мужчина,https://otkrytki.top/wp-content/uploads/2025/05/otkrytka-3016.jpg.webp
"Открытка Папа, ты самый лучший мужчина в этом мире 3014",https://otkrytki.top/wp-content/uploads/2025/05/otkrytka-3014.jpg.webp
Открытка С Днем Рождения 2791,https://otkrytki.top/wp-content/uploads/2025/03/otkrytka-2791.jpg.webp
Открытка С Днем Рождения 2790,https://otkrytki.top/wp-content/uploads/2025/03/otkrytka-2790.jpg.webp
Открытка с днем рождения 2698,https://otkrytki.top/wp-content/uploads/2025/03/otkrytka-2698.jpg.webp
Открытка королю 2527,https://otkrytki.top/wp-content/uploads/2025/02/otkrytka-2527.jpg.webp
Открытка на день рождения мужчине 2526,https://otkrytki.top/wp-content/uploads/2025/02/otkrytka-2526.jpg.webp
Открытка на день рождения мужчине 2525,https://otkrytki.top/wp-content/uploads/2025/02/otkrytka-2525.jpg.webp
Открытка с днем рождения 2474,https://otkrytki.top/wp-content/uploads/2025/01/otkrytka-2474.jpg.webp
Открытка с днем рождения мужчине 2449,https://otkrytki.top/wp-content/uploads/2025/01/otkrytka-2449.jpg.webp
Открытка с днем рождения 2408,https://otkrytki.top/wp-content/uploads/2025/01/otkrytka-2408.jpg.webp
Открытка хорошего дня 2402,https://otkrytki.top/wp-content/uploads/2025/01/otkrytka-2402.jpg.webp
Мужская открытка с днем рождения 2359,https://otkrytki.top/wp-content/uploads/2024/12/otkrytka-2359.jpg.webp
открытка с днем рождения  2264,https://otkrytki.top/wp-content/uploads/2024/11/otkrytka-2264.jpg.webp
открытка с днем рождения 2224,https://otkrytki.top/wp-content/uploads/2024/11/otkrytka-2224.jpg.webp
открытка с днем рождения 2223,https://otkrytki.top/wp-content/uploads/2024/11/otkrytka-2223.jpg.webp
Открытка с днем рождения 2188,https://otkrytki.top/wp-content/uploads/2024/11/otkrytka-2188.jpg.webp
Открытка с днем рождения 2156,https://otkrytki.top/wp-content/uploads/2024/10/otkrytka-2156.jpg.webp
Открытка С Днем Рождения мужу 2120,https://otkrytki.top/wp-content/uploads/2024/10/otkrytka-2120.jpg.webp
Открытка С Днем Рождения внучку2116,https://otkrytki.top/wp-content/uploads/2024/10/otkrytka-2116.jpg.webp
Открытка С Днем Рождения 2114,https://otkrytki.top/wp-content/uploads/2024/10/otkrytka-2114.jpg.webp
Открытка с днем рождения 2106,https://otkrytki.top/wp-content/uploads/2024/10/otkrytka-2106.jpg.webp
Открытка с днем рождения 2071,https://otkrytki.top/wp-content/uploads/2024/10/otkrytka-2071.jpg.webp
Открытка с днем рождения 2045,https://otkrytki.top/wp-content/uploads/2024/09/otkrytka-2045.jpg.webp
открытка днем рождения другу или брату 1976,https://otkrytki.top/wp-content/uploads/2024/09/otkrytka-1976.jpg.webp
открытка с днем рождения 1963,https://otkrytki.top/wp-content/uploads/2024/09/otkrytka-1963.jpg.webp
открытка с днем рождения 1954,https://otkrytki.top/wp-content/uploads/2024/09/otkrytka-1954.jpg.webp
Открытка начальнику 1950,https://otkrytki.top/wp-content/uploads/2024/09/otkrytka-1950.jpg.webp
открытка с днем рождения мужу 1949,https://otkrytki.top/wp-content/uploads/2024/09/otkrytka-1949.jpg.webp
Открытка с днем рождения 1854,https://otkrytki.top/wp-content/uploads/2024/08/otkrytka-1854.jpg.webp
Открытка с днем рождения мужчине 1800,https://otkrytki.top/wp-content/uploads/2024/07/otkrytka-1800.gif
Открытка с днем рождения  1621,https://otkrytki.top/wp-content/uploads/2024/06/otkrytka-1621.jpg.webp
Открытка с днем рождения 1453,https://otkrytki.top/wp-content/uploads/2024/04/otkrytka-1453.jpg.webp
Открытка с днем рождения другу 1333,https://otkrytki.top/wp-content/uploads/2024/04/otkrytka-1333.jpg.webp
Открытка 1241,https://otkrytki.top/wp-content/uploads/2024/03/otkrytka-1241.jpg.webp
Открытка 1216,https://otkrytki.top/wp-content/uploads/2024/02/otkrytka-1216.gif
Открытка 1192,https://otkrytki.top/wp-content/uploads/2024/02/otkrytka-1192.jpg.webp
Открытка 1173,https://otkrytki.top/wp-content/uploads/2024/02/otkrytka-1173.jpg.webp
Открытка 984,https://otkrytki.top/wp-content/uploads/2023/12/otkrytka-984.jpg.webp
Открытка 966,https://otkrytki.top/wp-content/uploads/2023/12/otkrytka-966.jpg.webp
Открытка 936,https://otkrytki.top/wp-content/uploads/2023/12/otkrytka-936.jpg.webp
Открытка 863,https://otkrytki.top/wp-content/uploads/2023/12/otkrytka-863.jpg.webp
Открытка 849,https://otkrytki.top/wp-content/uploads/2023/12/otkrytka-849.jpg.webp
Открытка 826,https://otkrytki.top/wp-content/uploads/2023/12/otkrytka-826.jpg.webp
Открытка 810,https://otkrytki.top/wp-content/uploads/2023/11/otkrytka-810.jpg.webp
Открытка 770,https://otkrytki.top/wp-content/uploads/2023/11/otkrytka-770.jpg.webp
Открытка 739,https://otkrytki.top/wp-content/uploads/2023/11/otkrytka-739.jpg.webp
Открытка 738,https://otkrytki.top/wp-content/uploads/2023/11/otkrytka-738.jpg.webp
Открытка 737,https://otkrytki.top/wp-content/uploads/2023/11/otkrytka-737.jpg.webp
Открытка 750,https://otkrytki.top/wp-content/uploads/2023/11/otkrytka-750.jpg.webp
Открытка 735,https://otkrytki.top/wp-content/uploads/2023/11/otkrytka-735.jpg.webp
Открытка 731,https://otkrytki.top/wp-content/uploads/2023/11/otkrytka-731.jpg.webp
Открытка 724,https://otkrytki.top/wp-content/uploads/2023/11/otkrytka-724.jpg.webp
Открытка 721,https://otkrytki.top/wp-content/uploads/2023/11/otkrytka-721.jpg.webp
Открытка 743,https://otkrytki.top/wp-content/uploads/2023/11/otkrytka-743.jpg.webp
Открытка 742,https://otkrytki.top/wp-content/uploads/2023/11/otkrytka-742.jpg.webp
Открытка 751,https://otkrytki.top/wp-content/uploads/2023/11/otkrytka-751.jpg.webp
Открытка 678,https://otkrytki.top/wp-content/uploads/2023/10/otkrytka-678.jpg.webp
Открытка 644,https://otkrytki.top/wp-content/uploads/2023/10/otkrytka-644.jpg.webp
Открытка 610,https://otkrytki.top/wp-content/uploads/2023/10/otkrytka-610.jpg.webp
Открытка 600,https://otkrytki.top/wp-content/uploads/2023/10/otkrytka-600.jpg.webp
Открытка 558,https://otkrytki.top/wp-content/uploads/2023/10/558_otkrytka.jpg.webp
Открытка 552,https://otkrytki.top/wp-content/uploads/2023/10/552_otkrytka.jpg.webp
Открытка 550,https://otkrytki.top/wp-content/uploads/2023/09/550_otkrytka.jpg.webp
Открытка 542,https://otkrytki.top/wp-content/uploads/2023/09/542_otkrytka.jpg.webp
Открытка 535,https://otkrytki.top/wp-content/uploads/2023/09/535_otkrytka.jpg.webp
Открытка 531,https://otkrytki.top/wp-content/uploads/2023/09/531_otkrytka.jpg.webp
Открытка 529,https://otkrytki.top/wp-content/uploads/2023/09/529_otkrytka.jpg.webp
Открытка 461,https://otkrytki.top/wp-content/uploads/2023/09/461_otkrytka.jpg.webp
Открытка 458,https://otkrytki.top/wp-content/uploads/2023/09/458_otkrytka.jpg.webp
Открытка 449,https://otkrytki.top/wp-content/uploads/2023/09/449_otkrytka.jpg.webp
Открытка 410,https://otkrytki.top/wp-content/uploads/2023/08/410_otkrytka.jpg.webp
Открытка 372,https://otkrytki.top/wp-content/uploads/2023/08/372_otkrytka.jpg.webp
Открытка 376,https://otkrytki.top/wp-content/uploads/2023/08/376_otkrytka.jpg.webp
Открытка 359,https://otkrytki.top/wp-content/uploads/2023/08/359_otkrytka.jpg.webp
Открытка 352,https://otkrytki.top/wp-content/uploads/2023/08/352_otkrytka.jpg.webp
Открытка 340,https://otkrytki.top/wp-content/uploads/2023/08/340_otkrytka.jpg.webp
Открытка 271,https://otkrytki.top/wp-content/uploads/2023/08/271_otkrytka.jpg.webp
Открытка 255,https://otkrytki.top/wp-content/uploads/2023/07/255_otkrytka.jpg.webp
Открытка 218,https://otkrytki.top/wp-content/uploads/2023/07/218_otkrytka.jpg.webp
Открытка 205,https://otkrytki.top/wp-content/uploads/2023/07/205_otkrytka.jpg.webp
Открытка 171,https://otkrytki.top/wp-content/uploads/2023/07/171_otkrytka.jpg.webp
Открытка 178,https://otkrytki.top/wp-content/uploads/2023/07/178_otkrytka.jpg.webp
Открытка 93,https://otkrytki.top/wp-content/uploads/2023/06/93_otkrytka.jpg.webp
Открытка хорошего дня 2402,https://otkrytki.top/wp-content/uploads/2025/01/otkrytka-2402.jpg.webp
Открытка 535,https://otkrytki.top/wp-content/uploads/2023/09/535_otkrytka.jpg.webp
Открытка 461,https://otkrytki.top/wp-content/uploads/2023/09/461_otkrytka.jpg.webp
Открытка 340,https://otkrytki.top/wp-content/uploads/2023/08/340_otkrytka.jpg.webp
Открытка 271,https://otkrytki.top/wp-content/uploads/2023/08/271_otkrytka.jpg.webp
"Открытка С Днём рождения, мой супер-муж 4437",https://otkrytki.top/wp-content/uploads/2026/07/otkrytka-4437.jpg.webp
Открытка 4438,https://otkrytki.top/wp-content/uploads/2026/07/otkrytka-4438.jpg.webp
Открытка с днем рождения мужу 4281,https://otkrytki.top/wp-content/uploads/2026/06/otkrytka-4281.jpg.webp
Открытка мужу на день рождения 4210,https://otkrytki.top/wp-content/uploads/2026/05/otkrytka-4210.jpg.webp
Прикольная открытка с песней на день рождения мужчине 4066,https://otkrytki.top/wp-content/uploads/2026/04/otkrytka-4066.jpg.webp
Видео-открытка любимому с днем рождения 3632,https://otkrytki.top/wp-content/uploads/2025/11/otkrytka-3632.jpg.webp
открытка с днем рождения  2264,https://otkrytki.top/wp-content/uploads/2024/11/otkrytka-2264.jpg.webp
Открытка С Днем Рождения мужу 2120,https://otkrytki.top/wp-content/uploads/2024/10/otkrytka-2120.jpg.webp
открытка с днем рождения мужу 1949,https://otkrytki.top/wp-content/uploads/2024/09/otkrytka-1949.jpg.webp
Открытка с днем рождения мужчине 1800,https://otkrytki.top/wp-content/uploads/2024/07/otkrytka-1800.gif
Открытка 826,https://otkrytki.top/wp-content/uploads/2023/12/otkrytka-826.jpg.webp
Открытка 535,https://otkrytki.top/wp-content/uploads/2023/09/535_otkrytka.jpg.webp
Открытка 461,https://otkrytki.top/wp-content/uploads/2023/09/461_otkrytka.jpg.webp
Открытка 376,https://otkrytki.top/wp-content/uploads/2023/08/376_otkrytka.jpg.webp
Открытка 352,https://otkrytki.top/wp-content/uploads/2023/08/352_otkrytka.jpg.webp
Открытка 178,https://otkrytki.top/wp-content/uploads/2023/07/178_otkrytka.jpg.webp
Видео-открытка с медведем сыну на день рождения 3463,https://otkrytki.top/wp-content/uploads/2025/09/otkrytka-3463.jpg.webp
Открытка с днем рождения  1621,https://otkrytki.top/wp-content/uploads/2024/06/otkrytka-1621.jpg.webp
Открытка 535,https://otkrytki.top/wp-content/uploads/2023/09/535_otkrytka.jpg.webp
Открытка 531,https://otkrytki.top/wp-content/uploads/2023/09/531_otkrytka.jpg.webp
Открытка 461,https://otkrytki.top/wp-content/uploads/2023/09/461_otkrytka.jpg.webp
Открытка 376,https://otkrytki.top/wp-content/uploads/2023/08/376_otkrytka.jpg.webp
Открытка 340,https://otkrytki.top/wp-content/uploads/2023/08/340_otkrytka.jpg.webp
Открытка 255,https://otkrytki.top/wp-content/uploads/2023/07/255_otkrytka.jpg.webp
Открытка 205,https://otkrytki.top/wp-content/uploads/2023/07/205_otkrytka.jpg.webp
Открытка с рождением дочери 3842,https://otkrytki.top/wp-content/uploads/2026/02/otkrytka-3842.jpg.webp
Открытка 3108,https://otkrytki.top/wp-content/uploads/2025/06/otkrytka-3108.jpg.webp
Открытка с днем рождения внучки 1619,https://otkrytki.top/wp-content/uploads/2024/06/otkrytka-1619.jpg.webp
Открытка с новорождением двойняшек 1580,https://otkrytki.top/wp-content/uploads/2024/05/otkrytka-1580.jpg.webp
Открытка с рождением внука 1348,https://otkrytki.top/wp-content/uploads/2024/04/otkrytka-1348.jpg.webp
Открытка с рождением ребенка 1341,https://otkrytki.top/wp-content/uploads/2024/04/otkrytka-1341.jpg.webp
Открытка 281,https://otkrytki.top/wp-content/uploads/2023/08/281_otkrytka.jpg.webp
Открытка 280,https://otkrytki.top/wp-content/uploads/2023/08/280_otkrytka.jpg.webp
Открытка 278,https://otkrytki.top/wp-content/uploads/2023/08/278_otkrytka.jpg.webp
Открытка 276,https://otkrytki.top/wp-content/uploads/2023/08/276_otkrytka.jpg.webp
Открытка 275,https://otkrytki.top/wp-content/uploads/2023/08/275_otkrytka.jpg.webp
Открытка 274,https://otkrytki.top/wp-content/uploads/2023/08/274_otkrytka.jpg.webp
Открытка 273,https://otkrytki.top/wp-content/uploads/2023/08/273_otkrytka.jpg.webp
Открытка 272,https://otkrytki.top/wp-content/uploads/2023/08/272_otkrytka.jpg.webp
Открытка с днем рождения внучки 1619,https://otkrytki.top/wp-content/uploads/2024/06/otkrytka-1619.jpg.webp
Открытка 274,https://otkrytki.top/wp-content/uploads/2023/08/274_otkrytka.jpg.webp
Открытка с новорождением двойняшек 1580,https://otkrytki.top/wp-content/uploads/2024/05/otkrytka-1580.jpg.webp
Открытка 275,https://otkrytki.top/wp-content/uploads/2023/08/275_otkrytka.jpg.webp
Открытка с рождением дочери 3842,https://otkrytki.top/wp-content/uploads/2026/02/otkrytka-3842.jpg.webp
Открытка 281,https://otkrytki.top/wp-content/uploads/2023/08/281_otkrytka.jpg.webp
Открытка 280,https://otkrytki.top/wp-content/uploads/2023/08/280_otkrytka.jpg.webp
Открытка 278,https://otkrytki.top/wp-content/uploads/2023/08/278_otkrytka.jpg.webp
Открытка 273,https://otkrytki.top/wp-content/uploads/2023/08/273_otkrytka.jpg.webp
Открытка 272,https://otkrytki.top/wp-content/uploads/2023/08/272_otkrytka.jpg.webp
Открытка Осень не повод грустить 4611,https://otkrytki.top/wp-content/uploads/2026/09/otkrytka-4611.jpg.webp
Открытка Не жалей о прошлом 4606,https://otkrytki.top/wp-content/uploads/2026/09/otkrytka-4606_2.jpg.webp
Открытка Сегодня пятница 4615,https://otkrytki.top/wp-content/uploads/2026/09/otkrytka-4615_2.jpg.webp
Картинка про соцсети 4594,https://otkrytki.top/wp-content/uploads/2026/09/otkrytka-4594.jpg.webp
"Открытка Зай, ругаться будем? 4599",https://otkrytki.top/wp-content/uploads/2026/09/otkrytka-4599.jpg.webp
Открытка Еду показывать 4596,https://otkrytki.top/wp-content/uploads/2026/09/otkrytka-4596.jpg.webp
Картинка Мысли утром в понедельник 4597,https://otkrytki.top/wp-content/uploads/2026/09/otkrytka-4597.jpg.webp
Открытка на работе как одна большая семья 4593,https://otkrytki.top/wp-content/uploads/2026/09/otkrytka-4593.jpg.webp
Открытка привет осенний день 3726,https://otkrytki.top/wp-content/uploads/2025/12/otkrytka-3726.jpg.webp
Открытка С добрым утром понедельник 4598,https://otkrytki.top/wp-content/uploads/2026/09/otkrytka-4598.jpg.webp
Открытка Спокойной ночи 4567,https://otkrytki.top/wp-content/uploads/2026/08/otkrytka-4567.jpg.webp
Открытка ищу родственников в Турции 4595,https://otkrytki.top/wp-content/uploads/2026/09/otkrytka-4595.jpg.webp
Открытка давай тяпнем за выходной 4561,https://otkrytki.top/wp-content/uploads/2026/08/otkrytka-4561.jpg.webp
Открытка ложись спать 4566,https://otkrytki.top/wp-content/uploads/2026/08/otkrytka-4566.jpg.webp
Открытка Выходных требуют наши сердца 4552,https://otkrytki.top/wp-content/uploads/2026/08/otkrytka-4552.jpg.webp
Открытка пятницу видно? 4584,https://otkrytki.top/wp-content/uploads/2026/08/otkrytka-4584.jpg.webp
Открытка Доброе утро 4579,https://otkrytki.top/wp-content/uploads/2026/08/otkrytka-4579_1.jpg.webp
Открытка всем спать 4583,https://otkrytki.top/wp-content/uploads/2026/08/otkrytka-4583.jpg.webp
Открытка Доброе утро 4575,https://otkrytki.top/wp-content/uploads/2026/08/otkrytka-4575.jpg.webp
Картинка про уделенную работу 4582,https://otkrytki.top/wp-content/uploads/2026/08/otkrytka-4582.jpg.webp
Открытка Лучший сотрудник месяца 4585,https://otkrytki.top/wp-content/uploads/2026/08/otkrytka-4585.jpg.webp
Открытка Доброе утро 4573,https://otkrytki.top/wp-content/uploads/2026/08/otkrytka-4573.jpg.webp
Открытка про отдых 4559,https://otkrytki.top/wp-content/uploads/2026/08/otkrytka-4559.jpg.webp
"Открытка Не знал, какие цветы ты любишь 4555",https://otkrytki.top/wp-content/uploads/2026/08/otkrytka-4555.jpg.webp
Открытка хороших выходных 4540,https://otkrytki.top/wp-content/uploads/2026/08/otkrytka-4540.jpg.webp
"Открытка Доброе утро, суббота 4553",https://otkrytki.top/wp-content/uploads/2026/08/otkrytka-4553.jpg.webp
Открытка Спокойной ночи с котом 4564,https://otkrytki.top/wp-content/uploads/2026/08/otkrytka-4564.jpg.webp
Открытка гороскоп для всех знаков зодиака 4545,https://otkrytki.top/wp-content/uploads/2026/08/otkrytka-4545.jpg.webp
открытка С добрым утром с котом 4010,https://otkrytki.top/wp-content/uploads/2026/03/otkrytka-4010.jpg.webp
Открытка Ане 4560,https://otkrytki.top/wp-content/uploads/2026/08/otkrytka-4560.jpg.webp
Открытка С добрым утром 4558,https://otkrytki.top/wp-content/uploads/2026/08/otkrytka-4558.jpg.webp
Открытка У меня нет мании величия 4554,https://otkrytki.top/wp-content/uploads/2026/08/otkrytka-4554.jpg.webp
Открытка мужчине от женщины 4551,https://otkrytki.top/wp-content/uploads/2026/08/otkrytka-4551.jpg.webp
Открытка Вы офигели 4543,https://otkrytki.top/wp-content/uploads/2026/08/otkrytka-4543.jpg.webp
Открытка с добрым утром 4518,https://otkrytki.top/wp-content/uploads/2026/08/otkrytka-4518.jpg.webp
Открытка Поздравляю по фиг с чем 4538,https://otkrytki.top/wp-content/uploads/2026/08/otkrytka-4538.jpg.webp
Открытка мужчине С днём рождения 4550,https://otkrytki.top/wp-content/uploads/2026/08/otkrytka-4550.jpg.webp
Открытка Выпила я к ночи пару маргарит 4536,https://otkrytki.top/wp-content/uploads/2026/08/otkrytka-4536.jpg.webp
Открытка Если пятница уже в стакане 4535,https://otkrytki.top/wp-content/uploads/2026/08/otkrytka-4535.jpg.webp
Открытка женщине 4539,https://otkrytki.top/wp-content/uploads/2026/08/otkrytka-4539.jpg.webp
Открытка на 3 сентября 1914,https://otkrytki.top/wp-content/uploads/2024/08/otkrytka-1914.jpg.webp
"Открытка с днем рождения, Богиня 4488",https://otkrytki.top/wp-content/uploads/2026/08/otkrytka-4488.jpg.webp
Открытка Для самой красивой женщины 4534,https://otkrytki.top/wp-content/uploads/2026/08/otkrytka-4534.jpg.webp
Открытка брату на день рождения 4511,https://otkrytki.top/wp-content/uploads/2026/08/otkrytka-4511.jpg.webp
Открытка С выходными 4465,https://otkrytki.top/wp-content/uploads/2026/08/otkrytka-4465.jpg.webp
Открытка Ща всё разрулим 4530,https://otkrytki.top/wp-content/uploads/2026/08/otkrytka-4530.jpg.webp
Открытка отличного настроения 4512,https://otkrytki.top/wp-content/uploads/2026/08/otkrytka-4512.jpg.webp
Картинка Я люблю рок 4507,https://otkrytki.top/wp-content/uploads/2026/08/otkrytka-4507.jpg.webp
Картинка Деньги пришли 4497,https://otkrytki.top/wp-content/uploads/2026/08/otkrytka-4497.jpg.webp
Открытка я в отпуске 4529,https://otkrytki.top/wp-content/uploads/2026/08/otkrytka-4529.jpg.webp
"Открытка С Днём рождения, мой супер-муж 4437",https://otkrytki.top/wp-content/uploads/2026/07/otkrytka-4437.jpg.webp
Картинка про аиста 4492,https://otkrytki.top/wp-content/uploads/2026/08/otkrytka-4492.jpg.webp
Открытка другу с днем рождения 4485,https://otkrytki.top/wp-content/uploads/2026/08/otkrytka-4485.jpg.webp
Открытка Пипец 4496,https://otkrytki.top/wp-content/uploads/2026/08/otkrytka-4496.jpg.webp
"Открытка Я на море, почти 4501",https://otkrytki.top/wp-content/uploads/2026/08/otkrytka-4501.jpg.webp
Открытка вставай Наташа 4463,https://otkrytki.top/wp-content/uploads/2026/08/otkrytka-4463.jpg.webp
Открытка Доброе утро 4461,https://otkrytki.top/wp-content/uploads/2026/08/otkrytka-4461.jpg.webp
Открытка Доброе утро 4474,https://otkrytki.top/wp-content/uploads/2026/08/otkrytka-4474.jpg.webp
Открытка 4438,https://otkrytki.top/wp-content/uploads/2026/07/otkrytka-4438.jpg.webp
Картинка я живу фантазиями 4482,https://otkrytki.top/wp-content/uploads/2026/08/otkrytka-4482.jpg.webp
Открытка доброе утро четверг 4468,https://otkrytki.top/wp-content/uploads/2026/08/otkrytka-4468.jpg.webp
Открытка Доброе утречко 4432,https://otkrytki.top/wp-content/uploads/2026/07/otkrytka-4432.jpg.webp
Открытка с днем рождения начальнику 4442,https://otkrytki.top/wp-content/uploads/2026/07/otkrytka-4442.jpg.webp
Открытка Все будет хорошо 4470,https://otkrytki.top/wp-content/uploads/2026/08/otkrytka-4470.jpg.webp
Открытка Ты огонь 4441,https://otkrytki.top/wp-content/uploads/2026/07/otkrytka-4441.jpg.webp
Открытка Надо бить добрее 4447,https://otkrytki.top/wp-content/uploads/2026/08/otkrytka-4447.jpg.webp
День кота открытка 6,https://otkrytki.top/wp-content/uploads/2026/08/den-kota-otkrytka-6.jpg.webp
Открытка Подъем тефтеля 4462,https://otkrytki.top/wp-content/uploads/2026/08/otkrytka-4462.jpg.webp
Открытка Пора вставать 4433,https://otkrytki.top/wp-content/uploads/2026/07/otkrytka-4433.jpg.webp
Картинка с мухой 4446,https://otkrytki.top/wp-content/uploads/2026/08/otkrytka-4446.jpg.webp
Открытка доброе утро 4434,https://otkrytki.top/wp-content/uploads/2026/07/otkrytka-4434.jpg.webp
Открытка женщине с днем рождения 4439,https://otkrytki.top/wp-content/uploads/2026/07/otkrytka-4439.jpg.webp
"Вы такая стройная, на диете 4448",https://otkrytki.top/wp-content/uploads/2026/08/otkrytka-4448.jpg.webp
Открытка С Днем Рождения мужчине 4435,https://otkrytki.top/wp-content/uploads/2026/07/otkrytka-4435.jpg.webp
Открытка Иди спать 4422,https://otkrytki.top/wp-content/uploads/2026/07/otkrytka-4422.jpg.webp
Открытка подруге с днем рождения 4418,https://otkrytki.top/wp-content/uploads/2026/07/otkrytka-4418.jpg.webp
Открытка С добрым утром 4420,https://otkrytki.top/wp-content/uploads/2026/07/otkrytka-4420.jpg.webp
Прикольная открытка с енотом 4415,https://otkrytki.top/wp-content/uploads/2026/07/otkrytka-4415.jpg.webp
Открытка доброе утро 4401,https://otkrytki.top/wp-content/uploads/2026/07/otkrytka-4401.jpg.webp
Открытка спокойной ночи 4372,https://otkrytki.top/wp-content/uploads/2026/07/otkrytka-4372.jpg.webp
Открытка неси полусладкое 4404,https://otkrytki.top/wp-content/uploads/2026/07/otkrytka-4404.jpg.webp
Открытка с пожеланием 4414,https://otkrytki.top/wp-content/uploads/2026/07/otkrytka-4414.jpg.webp
Открытка не беспокоить 4403,https://otkrytki.top/wp-content/uploads/2026/07/otkrytka-4403.jpg.webp
Открытка скоро суббота  4402,https://otkrytki.top/wp-content/uploads/2026/07/otkrytka-4402.jpg.webp
Открытка женщине хороших снов 4362,https://otkrytki.top/wp-content/uploads/2026/07/otkrytka-4362.jpg.webp
Картинка 4411,https://otkrytki.top/wp-content/uploads/2026/07/otkrytka-4411.jpg.webp
"Открытка Направь меня, Господи, куда нужно 4407",https://otkrytki.top/wp-content/uploads/2026/07/otkrytka-4407.jpg.webp
Открытка подруге с днем рождения 4410,https://otkrytki.top/wp-content/uploads/2026/07/otkrytka-4410.jpg.webp
Открытка веселого утречка 4412,https://otkrytki.top/wp-content/uploads/2026/07/otkrytka-4412.jpg.webp
"Открытка Спокойной ночи, любимый 4367",https://otkrytki.top/wp-content/uploads/2026/07/otkrytka-4367.jpg.webp
Открытка отличного лета 4423,https://otkrytki.top/wp-content/uploads/2026/07/otkrytka-4423.jpg.webp
Картинка с планами на день 4400,https://otkrytki.top/wp-content/uploads/2026/07/otkrytka-4400.jpg.webp
Открытка добрый вечер  4409,https://otkrytki.top/wp-content/uploads/2026/07/otkrytka-4409.jpg.webp
Открытка Накати 4406,https://otkrytki.top/wp-content/uploads/2026/07/otkrytka-4406.jpg.webp
Открытка Доброе утро друзья 4395,https://otkrytki.top/wp-content/uploads/2026/07/otkrytka-4395.jpg.webp
Открытка доброе утро 4408,https://otkrytki.top/wp-content/uploads/2026/07/otkrytka-4408.jpg.webp
Открытка спокойной ночи мужчине 4366,https://otkrytki.top/wp-content/uploads/2026/07/otkrytka-4366.jpg.webp
Картинка с прикольным котом 4399,https://otkrytki.top/wp-content/uploads/2026/07/otkrytka-4399.jpg.webp
Открытка 4392,https://otkrytki.top/wp-content/uploads/2026/07/otkrytka-4392.jpg.webp
Картинка с чайкой 4405,https://otkrytki.top/wp-content/uploads/2026/07/otkrytka-4405.jpg.webp
Открытка спокойной ночи любимая  4365,https://otkrytki.top/wp-content/uploads/2026/07/otkrytka-4365.jpg.webp
Открытка про пятницу 4386,https://otkrytki.top/wp-content/uploads/2026/07/otkrytka-4386.jpg.webp
Открытка с пятницей  4340,https://otkrytki.top/wp-content/uploads/2026/07/otkrytka-4340.jpg.webp
Открытка спокойной ночи 4388,https://otkrytki.top/wp-content/uploads/2026/07/otkrytka-4388.jpg.webp
Открытка С днем рождения 4394,https://otkrytki.top/wp-content/uploads/2026/07/otkrytka-4394.jpg.webp
Открытка Спокойной ночи женщине 4364,https://otkrytki.top/wp-content/uploads/2026/07/otkrytka-4364.jpg.webp
Открытка с днем рождения женщине 4391,https://otkrytki.top/wp-content/uploads/2026/07/otkrytka-4391.jpg.webp
Открытка на вечер 4393,https://otkrytki.top/wp-content/uploads/2026/07/otkrytka-4393.jpg.webp
Открытка Рабочий день 4384,https://otkrytki.top/wp-content/uploads/2026/07/otkrytka-4384.jpg.webp
Открытка доброе утро всем 4374,https://otkrytki.top/wp-content/uploads/2026/07/otkrytka-4374.jpg.webp
Открытка женщине спокойной ночи 4363,https://otkrytki.top/wp-content/uploads/2026/07/otkrytka-4363.jpg.webp
Открытка доброе утро 4371,https://otkrytki.top/wp-content/uploads/2026/07/otkrytka-4371.jpg.webp
Открытка на горшок и спать 4387,https://otkrytki.top/wp-content/uploads/2026/07/otkrytka-4387.jpg.webp
Открытка спокойной ночи любимому 4361,https://otkrytki.top/wp-content/uploads/2026/07/otkrytka-4361.jpg.webp
Картинка про котов 4390,https://otkrytki.top/wp-content/uploads/2026/07/otkrytka-4390.jpg.webp
Открытка ты еще спишь? 4336,https://otkrytki.top/wp-content/uploads/2026/07/otkrytka-4336.jpg.webp
Открытка спокойной ночи 4389,https://otkrytki.top/wp-content/uploads/2026/07/otkrytka-4389.jpg.webp
Открытка доброе утро 4349,https://otkrytki.top/wp-content/uploads/2026/07/otkrytka-4349.jpg.webp
Открытка Доброе утро Пятница 4328,https://otkrytki.top/wp-content/uploads/2026/06/otkrytka-4328.jpg.webp
Открытка женщине дорой ночи 4360,https://otkrytki.top/wp-content/uploads/2026/07/otkrytka-4360.jpg.webp
Картинка про комаров 4382,https://otkrytki.top/wp-content/uploads/2026/07/otkrytka-4382.jpg.webp
Открытка 4351,https://otkrytki.top/wp-content/uploads/2026/07/otkrytka-4351.jpg.webp
Открытка Не беси меня 4381,https://otkrytki.top/wp-content/uploads/2026/07/otkrytka-4381.jpg.webp
Открытка С добрым утром 4342,https://otkrytki.top/wp-content/uploads/2026/07/otkrytka-4342.jpg.webp
Картинка если вас обидели 4383,https://otkrytki.top/wp-content/uploads/2026/07/otkrytka-4383.jpg.webp
Открытка спокойной ночи 4359,https://otkrytki.top/wp-content/uploads/2026/07/otkrytka-4359.jpg.webp
Открытка про животик 4378,https://otkrytki.top/wp-content/uploads/2026/07/otkrytka-4378.jpg.webp
Открытка про понедельник 4337,https://otkrytki.top/wp-content/uploads/2026/07/otkrytka-4337.jpg.webp
Открытка доброе утро  4327,https://otkrytki.top/wp-content/uploads/2026/06/otkrytka-4327.jpg.webp
Открытка Спокойной ночи 4358,https://otkrytki.top/wp-content/uploads/2026/07/otkrytka-4358.jpg.webp
Открытка для поднятия настроения 4385,https://otkrytki.top/wp-content/uploads/2026/07/otkrytka-4385.jpg.webp
Открытка доброе утро 4320,https://otkrytki.top/wp-content/uploads/2026/06/otkrytka-4320.jpg.webp
Открытка Спокойной ночи 4357,https://otkrytki.top/wp-content/uploads/2026/07/otkrytka-4357.jpg.webp
Открытка спокойной ночи 4379,https://otkrytki.top/wp-content/uploads/2026/07/otkrytka-4379.jpg.webp
Открытка Доброе утро 4329,https://otkrytki.top/wp-content/uploads/2026/06/otkrytka-4329.jpg.webp
Открытка с петухом доброе утро 4326,https://otkrytki.top/wp-content/uploads/2026/06/otkrytka-4326.jpg.webp
Открытка доброе утро с совой 4325,https://otkrytki.top/wp-content/uploads/2026/06/otkrytka-4325.jpg.webp
Открытка С добрым утром 4322,https://otkrytki.top/wp-content/uploads/2026/06/otkrytka-4322.jpg.webp
Картинка как жить 4373,https://otkrytki.top/wp-content/uploads/2026/07/otkrytka-4373.jpg.webp
Открытка доброе утро 4321,https://otkrytki.top/wp-content/uploads/2026/06/otkrytka-4321.jpg.webp
Открытка спокойной ночи 4356,https://otkrytki.top/wp-content/uploads/2026/07/otkrytka-4356.jpg.webp
Открытка идем спать 4354,https://otkrytki.top/wp-content/uploads/2026/07/otkrytka-4354.jpg.webp
Открытка Доброе утро 4310,https://otkrytki.top/wp-content/uploads/2026/06/otkrytka-4310.jpg.webp
Картинка с енотом 4332,https://otkrytki.top/wp-content/uploads/2026/07/otkrytka-4332-1.jpg.webp
Открытка с пятницей 4311,https://otkrytki.top/wp-content/uploads/2026/06/otkrytka-4311.jpg.webp
Картинка про живот 4331,https://otkrytki.top/wp-content/uploads/2026/07/otkrytka-4331-1.jpg.webp
Открытка Доброе утро 4308,https://otkrytki.top/wp-content/uploads/2026/06/otkrytka-4308.jpg.webp
Открытка доброе утро с лягушкой 3847,https://otkrytki.top/wp-content/uploads/2026/02/otkrytka-3847.jpg.webp
Открытка За жемчугом нужно нырять 4330,https://otkrytki.top/wp-content/uploads/2026/06/otkrytka-4330.jpg.webp
Открытка Доброе утро 4312,https://otkrytki.top/wp-content/uploads/2026/06/otkrytka-4312.jpg.webp
Прикольная открытка Хорошего дня 4303,https://otkrytki.top/wp-content/uploads/2026/06/otkrytka-4303.jpg.webp
Открытка на понедельник 4304,https://otkrytki.top/wp-content/uploads/2026/06/otkrytka-4304.jpg.webp
Открытка с кошкой доброе утро 4317,https://otkrytki.top/wp-content/uploads/2026/06/otkrytka-4317.jpg.webp
Открытка Хороших выходных 4293,https://otkrytki.top/wp-content/uploads/2026/06/otkrytka-4293.jpg.webp
Субботняя открытка с добрым утром 4286,https://otkrytki.top/wp-content/uploads/2026/06/otkrytka-4286.jpg.webp
Открытка Доброе утро 4313,https://otkrytki.top/wp-content/uploads/2026/06/otkrytka-4313.jpg.webp
Открытка с днем рождения женщине 4295,https://otkrytki.top/wp-content/uploads/2026/06/otkrytka-4295.jpg.webp
Открытка с Добрым утром 4289,https://otkrytki.top/wp-content/uploads/2026/06/otkrytka-4289.jpg.webp
Открытка с днем рождения мужчине 4282,https://otkrytki.top/wp-content/uploads/2026/06/otkrytka-4282.jpg.webp
Открытка Доброго утра 4271,https://otkrytki.top/wp-content/uploads/2026/06/otkrytka-4271.jpg.webp
Открытка доброе утро с собакой 4263,https://otkrytki.top/wp-content/uploads/2026/06/otkrytka-4263.jpg.webp
Открытка Доброй ночи 4252,https://otkrytki.top/wp-content/uploads/2026/06/otkrytka-4252.jpg.webp
Открытка подруге с днем рождения 4283,https://otkrytki.top/wp-content/uploads/2026/06/otkrytka-4283.jpg.webp
Открытка доброе утро с котом 4262,https://otkrytki.top/wp-content/uploads/2026/06/otkrytka-4262.jpg.webp
Открытка Отдыхай в Воскресенье 4256,https://otkrytki.top/wp-content/uploads/2026/06/otkrytka-4256.jpg.webp
Открытка с Днем свадьбы 4268,https://otkrytki.top/wp-content/uploads/2026/06/otkrytka-4268.jpg.webp
Прикольная открытка С Днем рождения 4206,https://otkrytki.top/wp-content/uploads/2026/05/otkrytka-4206.jpg.webp
Открытка утро понедельника 4205,https://otkrytki.top/wp-content/uploads/2026/05/otkrytka-4205.jpg.webp
Проснулась зайкой Картинка 4235,https://otkrytki.top/wp-content/uploads/2026/06/otkrytka-4235.jpg.webp
Открытка с котами Ко сну готовы 4238,https://otkrytki.top/wp-content/uploads/2026/06/otkrytka-4238.jpg.webp
Открытка на день рождения другу с Джейсоном Стейтемом 4272,https://otkrytki.top/wp-content/uploads/2026/06/otkrytka-4272.jpg.webp
Веселая открытка С добрым утром 4242,https://otkrytki.top/wp-content/uploads/2026/06/otkrytka-4242.jpg.webp
Картинка ЧуднАя или чУдная? 4233,https://otkrytki.top/wp-content/uploads/2026/06/otkrytka-4233.jpg.webp
Открытка с Добрым утречком 4234,https://otkrytki.top/wp-content/uploads/2026/06/otkrytka-4234.jpg.webp
Открытка Юле на день рождения 4275,https://otkrytki.top/wp-content/uploads/2026/06/otkrytka-4275.jpg.webp
Открытка женщинам доброе утро 4231,https://otkrytki.top/wp-content/uploads/2026/06/otkrytka-4231.jpg.webp
Открытка с днем рождения 4213,https://otkrytki.top/wp-content/uploads/2026/05/otkrytka-4213.jpg.webp
Открытка девочке на день рождения 4212,https://otkrytki.top/wp-content/uploads/2026/05/otkrytka-4212.jpg.webp
Открытка с котом доброе утро 4222,https://otkrytki.top/wp-content/uploads/2026/05/otkrytka-4222.jpg.webp
Открытка Добрейшего утречка 4219,https://otkrytki.top/wp-content/uploads/2026/05/otkrytka-4219.jpg.webp
Открытка доброе утро по щучьему велению 3849,https://otkrytki.top/wp-content/uploads/2026/02/otkrytka-3849.jpg.webp
Открытка с добрым утром 4215,https://otkrytki.top/wp-content/uploads/2026/05/otkrytka-4215.jpg.webp
Открытка мужу на день рождения 4210,https://otkrytki.top/wp-content/uploads/2026/05/otkrytka-4210.jpg.webp
Открытка Выходные 4216,https://otkrytki.top/wp-content/uploads/2026/05/otkrytka-4216.jpg.webp
Открытка Ночью надо отдыхать 4202,https://otkrytki.top/wp-content/uploads/2026/05/otkrytka-4202.jpg.webp
Открытка с ДиКаприо на день рождения 4209,https://otkrytki.top/wp-content/uploads/2026/05/otkrytka-4209.jpg.webp
Открытка Спокойной ночи 4204,https://otkrytki.top/wp-content/uploads/2026/05/otkrytka-4204.jpg.webp
Открытка С добрым утром 4199,https://otkrytki.top/wp-content/uploads/2026/05/otkrytka-4199.jpg.webp
Открытка Доброе утро с мопсом 4155,https://otkrytki.top/wp-content/uploads/2026/05/otkrytka-4155.jpg.webp
Открытка Доброе утро в воскресенье 4165,https://otkrytki.top/wp-content/uploads/2026/05/otkrytka-4165.jpg.webp
Открытка Я больше не буду  4159,https://otkrytki.top/wp-content/uploads/2026/05/otkrytka-4159.jpg.webp
Открытка Наташе Доброе утро 4161,https://otkrytki.top/wp-content/uploads/2026/05/otkrytka-4161.jpg.webp
Открытка Желаю счастья в личной жизни 4169,https://otkrytki.top/wp-content/uploads/2026/05/otkrytka-4169.jpg.webp
Открытка сил и здоровья 4168,https://otkrytki.top/wp-content/uploads/2026/05/otkrytka-4168.jpg.webp
Открытка Доброе утро воскресенья 4164,https://otkrytki.top/wp-content/uploads/2026/05/otkrytka-4164.jpg.webp
Открытка по кофейку 4146,https://otkrytki.top/wp-content/uploads/2026/05/otkrytka-4146.jpg.webp
Открытка доброе утро с собакой 4150,https://otkrytki.top/wp-content/uploads/2026/05/otkrytka-4150.jpg.webp
Открытка живи в релаксе  4147,https://otkrytki.top/wp-content/uploads/2026/05/otkrytka-4147.jpg.webp
Открытка с котом Доброе утро 4142,https://otkrytki.top/wp-content/uploads/2026/05/otkrytka-4142.jpg.webp
Открытка с огурцом на День рождения 4111,https://otkrytki.top/wp-content/uploads/2026/04/otkrytka-4111.jpg.webp
Открытка с днем рождения  4115,https://otkrytki.top/wp-content/uploads/2026/04/otkrytka-4115.jpg.webp
Картинка про работу 4125,https://otkrytki.top/wp-content/uploads/2026/05/otkrytka-4125.jpg.webp
Открытка с Днем рождения 4114,https://otkrytki.top/wp-content/uploads/2026/04/otkrytka-4114.jpg.webp
Открытка Привет новый день 4119,https://otkrytki.top/wp-content/uploads/2026/04/otkrytka-4119.jpg.webp
Открытка Не спишь? 4120,https://otkrytki.top/wp-content/uploads/2026/04/otkrytka-4120.jpg.webp
Открытка с днем рождения с цветами и обезьяной 4113,https://otkrytki.top/wp-content/uploads/2026/04/otkrytka-4113.jpg.webp
Прикольная открытка на день рождения +1 к опыту 4108,https://otkrytki.top/wp-content/uploads/2026/04/otkrytka-4108.jpg.webp
Прикольная открытка с Днем рождения 4109,https://otkrytki.top/wp-content/uploads/2026/04/otkrytka-4109.jpg.webp
Открытка с днем рождения 4086,https://otkrytki.top/wp-content/uploads/2026/04/otkrytka-4086.jpg.webp
Открытка С Понедельником 4096,https://otkrytki.top/wp-content/uploads/2026/04/otkrytka-4096.jpg.webp
Открытка Хорошего дня 4088,https://otkrytki.top/wp-content/uploads/2026/04/otkrytka-4088.jpg.webp
Картинка про воскресенье утром 4080,https://otkrytki.top/wp-content/uploads/2026/04/otkrytka-4080.jpg.webp
Прикольная открытка С Днем Рождения 4084,https://otkrytki.top/wp-content/uploads/2026/04/otkrytka-4084.jpg.webp
Открытка Доброе утро 4087,https://otkrytki.top/wp-content/uploads/2026/04/otkrytka-4087.jpg.webp
Открытка с котиком Хорошего вечера 4094,https://otkrytki.top/wp-content/uploads/2026/04/otkrytka-4094.jpg.webp
С 1 мая открытка 19,https://otkrytki.top/wp-content/uploads/2026/04/s-1-maya-otkrytka-19.jpg.webp
Открытка доброе утро с енотом 4085,https://otkrytki.top/wp-content/uploads/2026/04/otkrytka-4085.jpg.webp
Открытка выпьем за нас 4090,https://otkrytki.top/wp-content/uploads/2026/04/otkrytka-4090.jpg.webp
Открытка Happy Birthday 4078,https://otkrytki.top/wp-content/uploads/2026/04/otkrytka-4078.jpg.webp
Открытка Доброе утро 4079,https://otkrytki.top/wp-content/uploads/2026/04/otkrytka-4079.jpg.webp
Смешная открытка сладких снов 4075,https://otkrytki.top/wp-content/uploads/2026/04/otkrytka-4075.jpg.webp
Прикольная открытка Легкой каки 4060,https://otkrytki.top/wp-content/uploads/2026/04/otkrytka-4060_2.jpg.webp
открытка спокойной ночи ч кошкой 4076,https://otkrytki.top/wp-content/uploads/2026/04/otkrytka-4076.jpg.webp
открытка с собакой доброе утро 4065,https://otkrytki.top/wp-content/uploads/2026/04/otkrytka-4065.jpg.webp
открытка с котом про пятницу 4064,https://otkrytki.top/wp-content/uploads/2026/04/otkrytka-4064.jpg.webp
Прикольная открытка с песней на день рождения мужчине 4066,https://otkrytki.top/wp-content/uploads/2026/04/otkrytka-4066.jpg.webp
открытка с конем Привет  4063,https://otkrytki.top/wp-content/uploads/2026/04/otkrytka-4063.jpg.webp
открытка привет пятница с котом 4042,https://otkrytki.top/wp-content/uploads/2026/04/otkrytka-4042.jpg.webp
открытка доброе утро 4039,https://otkrytki.top/wp-content/uploads/2026/04/otkrytka-4039.jpg.webp
Картинка про подруг 4036,https://otkrytki.top/wp-content/uploads/2026/04/otkrytka-4036.jpg.webp
открытка с кошкой на день рождения 4037,https://otkrytki.top/wp-content/uploads/2026/04/otkrytka-4037.jpg.webp
Привет открытка с котом 4030,https://otkrytki.top/wp-content/uploads/2026/03/otkrytka-4030.jpg.webp
открытка Как прошло свидание 4019,https://otkrytki.top/wp-content/uploads/2026/03/otkrytka-4019.jpg.webp
открытка с кошкой в ванной 4015,https://otkrytki.top/wp-content/uploads/2026/03/otkrytka-4015-2.jpg.webp
открытка про утро 4012,https://otkrytki.top/wp-content/uploads/2026/03/otkrytka-4012.jpg.webp
Чистый четверг открытка 14,https://otkrytki.top/wp-content/uploads/2026/02/chistyj-chetverg-otkrytka-14.jpg.webp
Открытка с ежом доброе утро 3983,https://otkrytki.top/wp-content/uploads/2026/03/otkrytka-3983.jpg.webp
открытка доброй ночи 3996,https://otkrytki.top/wp-content/uploads/2026/03/otkrytka-3996.jpg.webp
открытка с котом Happy birthday 4006,https://otkrytki.top/wp-content/uploads/2026/03/otkrytka-4006.jpg.webp
Открытка с гусем 3995,https://otkrytki.top/wp-content/uploads/2026/03/otkrytka-3995.jpg.webp
Открытка Просыпаемся с обезьяной 3978,https://otkrytki.top/wp-content/uploads/2026/03/otkrytka-3978.jpg.webp
открытка женщине 4000,https://otkrytki.top/wp-content/uploads/2026/03/otkrytka-4000.jpg.webp
Открытка хорошего дня 3975,https://otkrytki.top/wp-content/uploads/2026/03/otkrytka-3975.jpg.webp
Открытка с котом Хорошего вам вечера 3993,https://otkrytki.top/wp-content/uploads/2026/03/otkrytka-3993.jpg.webp
Открытка добрый день с кошкой 3976,https://otkrytki.top/wp-content/uploads/2026/03/otkrytka-3976.jpg.webp
Открытка 3979,https://otkrytki.top/wp-content/uploads/2026/03/otkrytka-3979.jpg.webp
Открытка Бонжур 3968,https://otkrytki.top/wp-content/uploads/2026/03/otkrytka-3968.jpg.webp
Картинка с юмором 3977,https://otkrytki.top/wp-content/uploads/2026/03/otkrytka-3977.jpg.webp
Открытка со средой 3952,https://otkrytki.top/wp-content/uploads/2026/03/otkrytka-3952.jpg.webp
Картинка ищу работу 3953,https://otkrytki.top/wp-content/uploads/2026/03/otkrytka-3953.jpg.webp
Открытка у меня все хорошо 3954,https://otkrytki.top/wp-content/uploads/2026/03/otkrytka-3954.jpg.webp
Открытка Люблю твою улыбку 3926,https://otkrytki.top/wp-content/uploads/2026/03/otkrytka-3926.jpg.webp
Открытка с котом целую обнимаю 3946,https://otkrytki.top/wp-content/uploads/2026/03/otkrytka-3946.jpg.webp
Открытка мы нашли друг друга 3928,https://otkrytki.top/wp-content/uploads/2026/03/otkrytka-3928.jpg.webp
Открытка Не дай завять помидорам 3927,https://otkrytki.top/wp-content/uploads/2026/03/otkrytka-3927.jpg.webp
Открытка 8 марта с девушкой 52,https://otkrytki.top/wp-content/uploads/2026/02/otkrytka-8-marta-52.jpg.webp
Открытка Пиво вызывает 3932,https://otkrytki.top/wp-content/uploads/2026/03/otkrytka-3932.jpg.webp
Открытка 8 марта с кошкой  51,https://otkrytki.top/wp-content/uploads/2026/02/otkrytka-8-marta-51.jpg.webp
Открытка 8 марта с котом  50,https://otkrytki.top/wp-content/uploads/2026/02/otkrytka-8-marta-50.jpg.webp
,https://otkrytki.top/wp-content/uploads/2026/02/otkrytka-8-marta-49_2.jpg.webp
Открытка 8 марта с котом 47,https://otkrytki.top/wp-content/uploads/2026/02/otkrytka-8-marta-47.jpg.webp
Открытка с добрым утром и уткой 3599,https://otkrytki.top/wp-content/uploads/2025/11/otkrytka-3599.jpg.webp
Открытка отсыпаю ложечку здоровья 3929,https://otkrytki.top/wp-content/uploads/2026/02/otkrytka-8-marta-46_2.jpg.webp
Открытка с котом Доброе утро 3906,https://otkrytki.top/wp-content/uploads/2026/02/otkrytka-3906.jpg.webp
Открытка Счастливой пятницы 3895,https://otkrytki.top/wp-content/uploads/2026/02/otkrytka-3895.jpg.webp
Открытка Доброго утра с кошечкой 3300,https://otkrytki.top/wp-content/uploads/2025/08/otkrytka-3300.jpg.webp
Открытка с котом Доброе утро 3912,https://otkrytki.top/wp-content/uploads/2026/02/otkrytka-3912.jpg.webp
Яркая открытка С Днем Рождения 3909,https://otkrytki.top/wp-content/uploads/2026/02/otkrytka-3909.jpg.webp
Открытка Пусть утро будет добрым 3911,https://otkrytki.top/wp-content/uploads/2026/02/otkrytka-3911.jpg.webp
Открытка Доброе утро с петухом 3902,https://otkrytki.top/wp-content/uploads/2026/02/otkrytka-3902.jpg.webp
Картинка Перед нами были предки 3894,https://otkrytki.top/wp-content/uploads/2026/02/otkrytka-3894.jpg.webp
Открытка Хорошего дня 3907,https://otkrytki.top/wp-content/uploads/2026/02/otkrytka-3907.jpg.webp
Открытка Доброе утро с собакой 3910,https://otkrytki.top/wp-content/uploads/2026/02/otkrytka-3910.jpg.webp
Открытка Врываемся в этот день 3904,https://otkrytki.top/wp-content/uploads/2026/02/otkrytka-3904.jpg.webp
С 23 февраля открытка с котом 30,https://otkrytki.top/wp-content/uploads/2026/02/s-23-fevralya-otkrytka-30.jpg.webp
С 23 февраля открытка 29,https://otkrytki.top/wp-content/uploads/2026/02/s-23-fevralya-otkrytka-29.jpg.webp
С 23 февраля открытка с котами 28,https://otkrytki.top/wp-content/uploads/2026/02/s-23-fevralya-otkrytka-28.jpg.webp
Картинка про отпуск 3864,https://otkrytki.top/wp-content/uploads/2026/02/otkrytka-3864.jpg.webp
Прикольная картинка с историей про кота 3898,https://otkrytki.top/wp-content/uploads/2026/02/otkrytka-3898.jpg.webp
Открытка с Машей и Медведем 3903,https://otkrytki.top/wp-content/uploads/2026/02/otkrytka-3903.jpg.webp
Открытка доброе утро с колобком 3850,https://otkrytki.top/wp-content/uploads/2026/02/otkrytka-3850.jpg.webp
Картинка что нового мем 3890,https://otkrytki.top/wp-content/uploads/2026/02/otkrytka-3890.jpg.webp
Картинка про работу 3896,https://otkrytki.top/wp-content/uploads/2026/02/otkrytka-3896.jpg.webp
Открытка выздоравливай 3879,https://otkrytki.top/wp-content/uploads/2026/02/otkrytka-3879.jpg.webp
Открытка Доброе утро 3845,https://otkrytki.top/wp-content/uploads/2026/02/otkrytka-3845.jpg.webp
Открытка есть будем? 3883,https://otkrytki.top/wp-content/uploads/2026/02/otkrytka-3883.jpg.webp
Картинка про лишний вес 3874,https://otkrytki.top/wp-content/uploads/2026/02/otkrytka-3874.jpg.webp
Открытка на День Влюбленных 40,https://otkrytki.top/wp-content/uploads/2026/02/otkrytka-na-den-vlyublennyh-40.jpg.webp
Открытка на День Влюбленных 39,https://otkrytki.top/wp-content/uploads/2026/02/otkrytka-na-den-vlyublennyh-39-2.jpg.webp
Открытка с добрым утром 3848,https://otkrytki.top/wp-content/uploads/2026/02/otkrytka-3848.jpg.webp
Открытка на День Влюбленных 37 2,https://otkrytki.top/wp-content/uploads/2026/02/otkrytka-na-den-vlyublennyh-37-2.jpg.webp
Видео открытка Доброе зимнее утро 3900,https://otkrytki.top/wp-content/uploads/2026/02/otkrytka-3900.jpg.webp
Открытка Вставай 3846,https://otkrytki.top/wp-content/uploads/2026/02/otkrytka-3846.jpg.webp
Открытка на День Влюбленных 36,https://otkrytki.top/wp-content/uploads/2026/02/otkrytka-na-den-vlyublennyh-36.jpg.webp
Видео открытка Улыбнись 3851,https://otkrytki.top/wp-content/uploads/2026/02/otkrytka-3851.jpg.webp
Картинка про женщину 3871,https://otkrytki.top/wp-content/uploads/2026/02/otkrytka-3871.jpg.webp
Открытка на День Влюбленных 35,https://otkrytki.top/wp-content/uploads/2026/02/otkrytka-na-den-vlyublennyh-35.jpg.webp
Открытка с Емелей Доброе утро 3844,https://otkrytki.top/wp-content/uploads/2026/02/otkrytka-3844.jpg.webp
Открытка на День Влюбленных 34,https://otkrytki.top/wp-content/uploads/2026/02/otkrytka-na-den-vlyublennyh-34.jpg.webp
Открытка на День Влюбленных 32,https://otkrytki.top/wp-content/uploads/2026/02/otkrytka-na-den-vlyublennyh-32.jpg.webp
Открытка с добрым утром 3843,https://otkrytki.top/wp-content/uploads/2026/02/otkrytka-3843.jpg.webp
Открытка С Днем Рождения женщине 3838,https://otkrytki.top/wp-content/uploads/2026/01/otkrytka-3838.jpg.webp
Открытка на День Влюбленных 30,https://otkrytki.top/wp-content/uploads/2026/01/otkrytka-na-den-vlyublennyh-30.jpg.webp
Открытка С Днем Рождения 3837,https://otkrytki.top/wp-content/uploads/2026/01/otkrytka-3837.jpg.webp
Открытка на День Влюбленных 28,https://otkrytki.top/wp-content/uploads/2026/01/otkrytka-na-den-vlyublennyh-28.jpg.webp
Открытка Доброе утро женщинам 3835,https://otkrytki.top/wp-content/uploads/2026/01/otkrytka-3835.jpg.webp
Открытка на День Влюбленных 27,https://otkrytki.top/wp-content/uploads/2026/01/otkrytka-na-den-vlyublennyh-27.jpg.webp
Открытка Хэппи Берсдей 3836,https://otkrytki.top/wp-content/uploads/2026/01/otkrytka-3836.jpg.webp
Открытка Сладких снов 3832,https://otkrytki.top/wp-content/uploads/2026/01/otkrytka-3832.jpg.webp
Открытка с днем рождения 3826,https://otkrytki.top/wp-content/uploads/2026/01/otkrytka-3826.jpg.webp
Открытка С добрым утром с таксой 3830,https://otkrytki.top/wp-content/uploads/2026/01/otkrytka-3830.jpg.webp
Открытка С добрым утром с вороной 3825,https://otkrytki.top/wp-content/uploads/2026/01/otkrytka-3825.jpg.webp
Открытка 2646,https://otkrytki.top/wp-content/uploads/2025/03/otkrytka-2646.jpg.webp
Открытка Спокойной ночи прикольная 3821,https://otkrytki.top/wp-content/uploads/2026/01/otkrytka-3821.jpg.webp
Открытка Спокойной ночи с черным котом 3820,https://otkrytki.top/wp-content/uploads/2026/01/otkrytka-3820.jpg.webp
Открытка Вечерний привет 3813,https://otkrytki.top/wp-content/uploads/2026/01/otkrytka-3813.jpg.webp
Открытка доброе утро с котом 3791,https://otkrytki.top/wp-content/uploads/2026/01/otkrytka-3791.jpg.webp
Открытка выпьем за любовь 3806,https://otkrytki.top/wp-content/uploads/2026/01/otkrytka-3806.jpg.webp
Открытка Спокойной ночи с медведем 3810,https://otkrytki.top/wp-content/uploads/2026/01/otkrytka-3810.jpg.webp
Открытка спокойной ночи с котом 3798,https://otkrytki.top/wp-content/uploads/2026/01/otkrytka-3798.jpg.webp
Картинка Люди в космос летают 3784,https://otkrytki.top/wp-content/uploads/2026/01/otkrytka-3784.jpg.webp
С добрым утром! Кофею не желаете? Открытка 3790,https://otkrytki.top/wp-content/uploads/2026/01/otkrytka-3790.jpg.webp
Веселая картинка про здоровье 3785,https://otkrytki.top/wp-content/uploads/2026/01/otkrytka-3785.jpg.webp
Открытка 3729,https://otkrytki.top/wp-content/uploads/2025/12/otkrytka-3729.jpg.webp
Открытка Доброе утро 3777,https://otkrytki.top/wp-content/uploads/2026/01/otkrytka-3777.jpg.webp
Открытка небось пятницу ждете? 3735,https://otkrytki.top/wp-content/uploads/2025/12/otkrytka-3735.jpg.webp
Открытка по кофейку 3783,https://otkrytki.top/wp-content/uploads/2026/01/otkrytka-3783.jpg.webp
Открытка доброе утро с белкой 3775,https://otkrytki.top/wp-content/uploads/2026/01/otkrytka-3775.jpg.webp
Открытка добрейшее утро 3765,https://otkrytki.top/wp-content/uploads/2026/01/otkrytka-3765.jpg.webp
Открытка Спокойствие только спокойствие 3781,https://otkrytki.top/wp-content/uploads/2026/01/otkrytka-3781.jpg.webp
Открытка с добрым утром с котами 3782,https://otkrytki.top/wp-content/uploads/2026/01/otkrytka-3782.jpg.webp
Открытка доброе утро 2798,https://otkrytki.top/wp-content/uploads/2025/04/otkrytka-2798.jpg.webp
"Открытка Бесит, когда ты аристократка 3787",https://otkrytki.top/wp-content/uploads/2026/01/otkrytka-3787.jpg.webp
"Открытка Возраст-фигня, главное-молодая душа 3780",https://otkrytki.top/wp-content/uploads/2026/01/otkrytka-3780.jpg.webp
Открытка с Добрым зимним утром 3754,https://otkrytki.top/wp-content/uploads/2025/12/otkrytka-3754.jpg.webp
Открытка ушли на выходные 3776,https://otkrytki.top/wp-content/uploads/2026/01/otkrytka-3776.jpg.webp
Открытка 3739,https://otkrytki.top/wp-content/uploads/2025/12/otkrytka-3739.jpg.webp
Прикольная картинка  с волком 3761,https://otkrytki.top/wp-content/uploads/2026/01/otkrytka-3761.jpg.webp
Открытка 3755,https://otkrytki.top/wp-content/uploads/2025/12/otkrytka-3755.jpg.webp
Открытка Не переживай  3734,https://otkrytki.top/wp-content/uploads/2025/12/otkrytka-3734.jpg.webp
Открытка с добрым утром вторника 3760,https://otkrytki.top/wp-content/uploads/2025/12/otkrytka-3760.jpg.webp
Открытка С добрым утром... Люся 3750,https://otkrytki.top/wp-content/uploads/2025/12/otkrytka-3750.jpg.webp
Открытка 3741,https://otkrytki.top/wp-content/uploads/2025/12/otkrytka-3741.jpg.webp
Открытка Как дела 3752,https://otkrytki.top/wp-content/uploads/2025/12/otkrytka-3752.jpg.webp
"Открытка С Добрым утром, мой тёплый 3751",https://otkrytki.top/wp-content/uploads/2025/12/otkrytka-3751.jpg.webp
Картинка про новый год 2524,https://otkrytki.top/wp-content/uploads/2025/02/otkrytka-2524.jpg.webp
С Новым Годом открытка 84,https://otkrytki.top/wp-content/uploads/2025/12/s-novym-godom-otkrytka-84.jpg.webp
Новогодняя открытка Живые есть? 3753,https://otkrytki.top/wp-content/uploads/2025/12/otkrytka-3753.jpg.webp
С добрым утром! 1 января 85,https://otkrytki.top/wp-content/uploads/2025/12/s-novym-godom-otkrytka-85.jpg.webp
С Новым Годом открытка скотом на елке 75,https://otkrytki.top/wp-content/uploads/2025/12/s-novym-godom-otkrytka-75-1.jpg.webp
Спасибо и тебя с Новым Годом открытка 74,https://otkrytki.top/wp-content/uploads/2025/12/s-novym-godom-otkrytka-74.jpg.webp
С Новым годом открытка 86,https://otkrytki.top/wp-content/uploads/2025/12/s-novym-godom-otkrytka-86.jpg.webp
С Новым годом открытка 88,https://otkrytki.top/wp-content/uploads/2025/12/s-novym-godom-otkrytka-88.jpg.webp
С Новым Годом открытка 81,https://otkrytki.top/wp-content/uploads/2025/12/s-novym-godom-otkrytka-81.jpg.webp
Открытка С новым годом 3249,https://otkrytki.top/wp-content/uploads/2025/08/otkrytka-3249.jpg.webp
С Новым Годом прикольная открытка 76,https://otkrytki.top/wp-content/uploads/2025/12/s-novym-godom-otkrytka-76.jpg.webp
С Новым Годом открытка 79,https://otkrytki.top/wp-content/uploads/2025/12/s-novym-godom-otkrytka-79.jpg.webp
С Новым Годом открытка 72,https://otkrytki.top/wp-content/uploads/2025/12/s-novym-godom-otkrytka-72.jpg.webp
Открытка 2475,https://otkrytki.top/wp-content/uploads/2025/01/otkrytka-2475.jpg.webp
Открытка С добрым утром со снеговичком 3743,https://otkrytki.top/wp-content/uploads/2025/12/otkrytka-3743.jpg.webp
Открытка пиши если что 3730,https://otkrytki.top/wp-content/uploads/2025/12/otkrytka-3730.jpg.webp
С Новым Годом открытка с синим конем 64,https://otkrytki.top/wp-content/uploads/2025/12/s-novym-godom-otkrytka-64.jpg.webp
С Новым Годом открытка с конем 82,https://otkrytki.top/wp-content/uploads/2025/12/s-novym-godom-otkrytka-82.jpg.webp
Открытка 3731,https://otkrytki.top/wp-content/uploads/2025/12/otkrytka-3731.jpg.webp
Открытка 3736,https://otkrytki.top/wp-content/uploads/2025/12/otkrytka-3736.jpg.webp
"Здорово, группировка открытка 3733",https://otkrytki.top/wp-content/uploads/2025/12/otkrytka-3733.jpg.webp
Открытка Доброе утро с галантным котом 3720,https://otkrytki.top/wp-content/uploads/2025/12/otkrytka-3720.jpg.webp
Прикольная открытка спокойной ночи 3732,https://otkrytki.top/wp-content/uploads/2025/12/otkrytka-3732.jpg.webp
Открытка всем злюкам 3723,https://otkrytki.top/wp-content/uploads/2025/12/otkrytka-3723.jpg.webp
Открытка Утра доброго с котом 3712,https://otkrytki.top/wp-content/uploads/2025/12/otkrytka-3712.jpg.webp
Открытка С добрым утром с котом и собакой 3714,https://otkrytki.top/wp-content/uploads/2025/12/otkrytka-3714.jpg.webp
Картинка про утренний кофе 3715,https://otkrytki.top/wp-content/uploads/2025/12/otkrytka-3715.jpg.webp
Открытка Доброе утро с кофе 3719,https://otkrytki.top/wp-content/uploads/2025/12/otkrytka-3719.jpg.webp
С Новым Годом открытка с пивом 71,https://otkrytki.top/wp-content/uploads/2025/12/s-novym-godom-otkrytka-71.jpg.webp
Зимняя открытка Позитивного дня с котом 3721,https://otkrytki.top/wp-content/uploads/2025/12/otkrytka-3721_3.jpg.webp
Открытка с котом Привет 3722,https://otkrytki.top/wp-content/uploads/2025/12/otkrytka-3722.jpg.webp
Открытка Доброе утро 2795,https://otkrytki.top/wp-content/uploads/2025/04/otkrytka-2795.jpg.webp
С Новым Годом открытка 69,https://otkrytki.top/wp-content/uploads/2025/12/s-novym-godom-otkrytka-69.jpg.webp
С Новым Годом открытка от коня 67,https://otkrytki.top/wp-content/uploads/2025/12/s-novym-godom-otkrytka-67.jpg.webp
С Новым Годом открытка с конем в шарфе 65,https://otkrytki.top/wp-content/uploads/2025/12/s-novym-godom-otkrytka-65.jpg.webp
Открытка Доброе утро 2696,https://otkrytki.top/wp-content/uploads/2025/03/otkrytka-2696_2.jpg.webp
Открытка Хороших выходных 3704,https://otkrytki.top/wp-content/uploads/2025/12/otkrytka-3704.jpg.webp
Открытка про улыбку 3716,https://otkrytki.top/wp-content/uploads/2025/12/otkrytka-3716.jpg.webp
Открытка с пятницей 3693,https://otkrytki.top/wp-content/uploads/2025/12/otkrytka-3693.jpg.webp
С Новым Годом открытка 70,https://otkrytki.top/wp-content/uploads/2025/12/s-novym-godom-otkrytka-70.jpg.webp
Стихи про старость 3698,https://otkrytki.top/wp-content/uploads/2025/12/otkrytka-3698.jpg.webp
Открытка Доброе утро с котом 3697,https://otkrytki.top/wp-content/uploads/2025/12/otkrytka-3697.jpg.webp
Новогодняя картинка в соцсети 3621,https://otkrytki.top/wp-content/uploads/2025/11/otkrytka-3621.jpg.webp
Открытка Доброе утро с таксой 3696,https://otkrytki.top/wp-content/uploads/2025/12/otkrytka-3696.jpg.webp
Видео-открытка добра 3633,https://otkrytki.top/wp-content/uploads/2025/11/otkrytka-3633.jpg.webp
Открытка Доброе утро с котом 3684,https://otkrytki.top/wp-content/uploads/2025/11/otkrytka-3684.jpg.webp
Картинка про новый год с дедом Морозом 3681,https://otkrytki.top/wp-content/uploads/2025/11/otkrytka-3681.jpg.webp
Открытка Доброе утро с каким-то монстриком 3685,https://otkrytki.top/wp-content/uploads/2025/11/otkrytka-3685.jpg.webp
Открытка Желаю счастья 3673,https://otkrytki.top/wp-content/uploads/2025/11/otkrytka-3673.jpg.webp
Открытка Тебе надо отдохнуть 3671,https://otkrytki.top/wp-content/uploads/2025/11/otkrytka-3671.jpg.webp
Видео-открытка женщине с днем рождения 3640,https://otkrytki.top/wp-content/uploads/2025/11/otkrytka-3640.jpg.webp
Открытка с миньонами на день рождения 3585,https://otkrytki.top/wp-content/uploads/2025/11/otkrytka-3585.jpg.webp
Открытка спокойной ночи с ленивцем 3670,https://otkrytki.top/wp-content/uploads/2025/11/otkrytka-3670.jpg.webp
Открытка с Днем матери 37,https://otkrytki.top/wp-content/uploads/2025/11/otkrytka-s-dnem-materi-37.jpg.webp
Открытка Замурчательного дня 3668,https://otkrytki.top/wp-content/uploads/2025/11/otkrytka-3668.jpg.webp
Открытка с белкой на День рождения 3656,https://otkrytki.top/wp-content/uploads/2025/11/otkrytka-3656.jpg.webp
Видео-открытка мужчине на день рождения 3639,https://otkrytki.top/wp-content/uploads/2025/11/otkrytka-3639.jpg.webp
Открытка на рабочую неделю 3636,https://otkrytki.top/wp-content/uploads/2025/11/otkrytka-3636.jpg.webp
Картинка мужчину и женщину 3649,https://otkrytki.top/wp-content/uploads/2025/11/otkrytka-3649.jpg.webp
Видео-открытка про выходные 3634,https://otkrytki.top/wp-content/uploads/2025/11/otkrytka-3634.jpg.webp
Картинка про нас 3643,https://otkrytki.top/wp-content/uploads/2025/11/otkrytka-3643.jpg.webp
Открытка Привет с зайчиком 3630,https://otkrytki.top/wp-content/uploads/2025/11/otkrytka-3630.jpg.webp
Открытка с пауком не грусти 3620,https://otkrytki.top/wp-content/uploads/2025/11/otkrytka-3620.jpg.webp
Открытка Хорошего дня 3628,https://otkrytki.top/wp-content/uploads/2025/11/otkrytka-3628.jpg.webp
Открытка с котом и поздравлением 3567,https://otkrytki.top/wp-content/uploads/2025/11/otkrytka-3567.jpg.webp
Открытка Всем доброе утро с ребенком 3629,https://otkrytki.top/wp-content/uploads/2025/11/otkrytka-3629.jpg.webp
Каринка про настоящих друзей 3622,https://otkrytki.top/wp-content/uploads/2025/11/otkrytka-3622.jpg.webp
Открытка 3623,https://otkrytki.top/wp-content/uploads/2025/11/otkrytka-3623.jpg.webp
Открытка спасибо за поздравления  3619,https://otkrytki.top/wp-content/uploads/2025/11/otkrytka-3619.jpg.webp
Картинка с улиткой 3618,https://otkrytki.top/wp-content/uploads/2025/11/otkrytka-3618.jpg.webp
Открытка на пятницу 3611,https://otkrytki.top/wp-content/uploads/2025/11/otkrytka-3611.jpg.webp
Открытка доброе утро с котом 3616,https://otkrytki.top/wp-content/uploads/2025/11/otkrytka-3616-2.jpg.webp
Открытка женщине с добрым утром 3613,https://otkrytki.top/wp-content/uploads/2025/11/otkrytka-3613.jpg.webp
Открытка Загадывай желание 3614,https://otkrytki.top/wp-content/uploads/2025/11/otkrytka-3614.jpg.webp
Открытка холодные утры 3610,https://otkrytki.top/wp-content/uploads/2025/11/otkrytka-3610.jpg.webp
Советская картинка про общепит 3602,https://otkrytki.top/wp-content/uploads/2025/11/otkrytka-3602.jpg.webp
Мои поздравления открытка с котом 3568,https://otkrytki.top/wp-content/uploads/2025/11/otkrytka-3568.jpg.webp
Открытка с пожеланием начать утро позитивно 3605,https://otkrytki.top/wp-content/uploads/2025/11/otkrytka-3605.jpg.webp
Советский плакат про рыбий жир 3603,https://otkrytki.top/wp-content/uploads/2025/11/otkrytka-3603-2.jpg.webp
Открытка племяннице с днем рождения 3566,https://otkrytki.top/wp-content/uploads/2025/10/otkrytka-3566.jpg.webp
Открытка доброе утро с котиком 3609,https://otkrytki.top/wp-content/uploads/2025/11/otkrytka-3609.jpg.webp
Открытка кот в шоке 3607,https://otkrytki.top/wp-content/uploads/2025/11/otkrytka-3607.jpg.webp
Открытка с тортом ко дню рождения женщине 3565,https://otkrytki.top/wp-content/uploads/2025/10/otkrytka-3565.jpg.webp
Открытка с петухом доброе утро 3598,https://otkrytki.top/wp-content/uploads/2025/11/otkrytka-3598.jpg.webp
Советский плакат на заводе 3600,https://otkrytki.top/wp-content/uploads/2025/11/otkrytka-3600.jpg.webp
Открытка с курочкой Доброе утро 3597,https://otkrytki.top/wp-content/uploads/2025/11/otkrytka-3597.jpg.webp
Открытка танцующими котами с днем рождения 3511,https://otkrytki.top/wp-content/uploads/2025/10/otkrytka-3511.jpg.webp
Открытка с конем доброе утро 3595,https://otkrytki.top/wp-content/uploads/2025/11/otkrytka-3595.jpg.webp
Открытка Доброе утро с собачкой 3572,https://otkrytki.top/wp-content/uploads/2025/11/otkrytka-3572.jpg.webp
Открытка скоро холода 3563,https://otkrytki.top/wp-content/uploads/2025/10/otkrytka-3563.jpg.webp
Открытка Мое почтение 3569,https://otkrytki.top/wp-content/uploads/2025/11/otkrytka-3569.jpg.webp
Картинка про норму алкоголя 3546,https://otkrytki.top/wp-content/uploads/2025/10/otkrytka-3546.jpg.webp
Открытка с лягушкой доброе утро 3547,https://otkrytki.top/wp-content/uploads/2025/10/otkrytka-3547.jpg.webp
Классных выходных 3540,https://otkrytki.top/wp-content/uploads/2025/10/otkrytka-3540.jpg.webp
Открытка Привет с медведем 3552,https://otkrytki.top/wp-content/uploads/2025/10/otkrytka-3552.jpg.webp
Открытка с приглашением на кофе 3562,https://otkrytki.top/wp-content/uploads/2025/10/otkrytka-3562.jpg.webp
Картинка про тренировку 3556,https://otkrytki.top/wp-content/uploads/2025/10/otkrytka-3556.jpg.webp
Картинка 3555,https://otkrytki.top/wp-content/uploads/2025/10/otkrytka-3555.jpg.webp
Открытка доброе утро с чудиком 3551,https://otkrytki.top/wp-content/uploads/2025/10/otkrytka-3551.jpg.webp
Открытка с котом с днем рождения 3536,https://otkrytki.top/wp-content/uploads/2025/10/otkrytka-3536.jpg.webp
С новым прекрасным днем 3544,https://otkrytki.top/wp-content/uploads/2025/10/otkrytka-3544.jpg.webp
Открытка доброе утро 3541,https://otkrytki.top/wp-content/uploads/2025/10/otkrytka-3541.jpg.webp
Доброе утро 3545,https://otkrytki.top/wp-content/uploads/2025/10/otkrytka-3545.jpg.webp
Видео-открытка Доброе утро любимый 3508,https://otkrytki.top/wp-content/uploads/2025/10/otkrytka-3508.jpg.webp
Открытка с годовщиной ртутной свадьбы 3532,https://otkrytki.top/wp-content/uploads/2025/10/otkrytka-3532.jpg.webp
Видео-открытка с котом Пусть добрым будет день 3516,https://otkrytki.top/wp-content/uploads/2025/10/otkrytka-3516.jpg.webp
Открытка доброе утро с петухами 3530,https://otkrytki.top/wp-content/uploads/2025/10/otkrytka-3530.jpg.webp
Открытка с уставшей собакой и кофе 3502,https://otkrytki.top/wp-content/uploads/2025/10/otkrytka-3502.jpg.webp
Прикольная видео-открытка с собачкой Доброго утречка 3512,https://otkrytki.top/wp-content/uploads/2025/10/otkrytka-3512.jpg.webp
Открытка с цветами для женщины Доброе утро 3485,https://otkrytki.top/wp-content/uploads/2025/10/otkrytka-3485.jpg.webp
Открытка с котом в костюме с днем рождения 3519,https://otkrytki.top/wp-content/uploads/2025/10/otkrytka-3519.jpg.webp
"Видео-открытка с котом Доброе утро, Страна 3513",https://otkrytki.top/wp-content/uploads/2025/10/otkrytka-3513.jpg.webp
Открытка зятю с днем рождения 3517,https://otkrytki.top/wp-content/uploads/2025/10/otkrytka-3517.jpg.webp
Осенняя открытка с котом 3503,https://otkrytki.top/wp-content/uploads/2025/10/otkrytka-3503.jpg.webp
Видео-открытка с кошками Врываемся в пятницу 3509,https://otkrytki.top/wp-content/uploads/2025/10/otkrytka-3509.jpg.webp
Открытка с кошкой за рулем Доброе утро пятница 3481,https://otkrytki.top/wp-content/uploads/2025/09/otkrytka-3481.jpg.webp
Видео-открытка с котами Мы или не мы 3507,https://otkrytki.top/wp-content/uploads/2025/10/otkrytka-3507.jpg.webp
Открытка с зайчиком Приветик 3483,https://otkrytki.top/wp-content/uploads/2025/09/otkrytka-3483.jpg.webp
Открытка жене с собакой доброе утро 3486,https://otkrytki.top/wp-content/uploads/2025/10/otkrytka-3486.jpg.webp
Открытка с волком Доброе утро 3484,https://otkrytki.top/wp-content/uploads/2025/09/otkrytka-3484.jpg.webp
Открытка с котиком Привет 3475,https://otkrytki.top/wp-content/uploads/2025/10/otkrytka-3475.jpg.webp
Открытка с котом и кофе доброе утро 3477,https://otkrytki.top/wp-content/uploads/2025/09/otkrytka-3477.jpg.webp
Открытка с черной собакой другу 3495,https://otkrytki.top/wp-content/uploads/2025/10/otkrytka-3495.jpg.webp
Открытка женщине с Карлсоном на день рождения 3497,https://otkrytki.top/wp-content/uploads/2025/10/otkrytka-3497.jpg.webp
Открытка с обезьяной доброе утро 3466,https://otkrytki.top/wp-content/uploads/2025/09/otkrytka-3466.jpg.webp
Открытка чего молчишь 3506,https://otkrytki.top/wp-content/uploads/2025/10/otkrytka-3506.jpg.webp
Открытка с котом доброго утра 3471,https://otkrytki.top/wp-content/uploads/2025/09/otkrytka-3471.jpg.webp
Открытка с собакой с пятницей 3470,https://otkrytki.top/wp-content/uploads/2025/09/otkrytka-3470.jpg.webp
Открытка не зли меня 3498,https://otkrytki.top/wp-content/uploads/2025/10/otkrytka-3498.jpg.webp
Открытка с собакой доброе утро 3468,https://otkrytki.top/wp-content/uploads/2025/09/otkrytka-3468.jpg.webp
Открытка с овцой пора спать 3500,https://otkrytki.top/wp-content/uploads/2025/10/otkrytka-3500.jpg.webp
Открытка с собакой и цветами хорошего настроения 3478,https://otkrytki.top/wp-content/uploads/2025/09/otkrytka-3478.jpg.webp
Открытка с собакой и бигудями 3459,https://otkrytki.top/wp-content/uploads/2025/09/otkrytka-3459.jpg.webp
"Не звонишь, не пишешь... Чтоб тебя оса укусила 3499",https://otkrytki.top/wp-content/uploads/2025/10/otkrytka-3499.jpg.webp
Открытка с собакой пусть все будет отлично 3473,https://otkrytki.top/wp-content/uploads/2025/09/otkrytka-3473.jpg.webp
Картинка про свитер 2658,https://otkrytki.top/wp-content/uploads/2025/03/otkrytka-2658.jpg.webp
Открытка с улыбающимся рыжим котом хорошего дня 3480,https://otkrytki.top/wp-content/uploads/2025/09/otkrytka-3480.jpg.webp
Видео-открытка с медведем сыну на день рождения 3463,https://otkrytki.top/wp-content/uploads/2025/09/otkrytka-3463.jpg.webp
Прикольная картинка с котом в гостях 3467,https://otkrytki.top/wp-content/uploads/2025/09/otkrytka-3467.jpg.webp
Картинка Главное в отношениях 3474,https://otkrytki.top/wp-content/uploads/2025/09/otkrytka-3474.jpg.webp
Прикольная открытка доброе утро с обезьянкой 3434,https://otkrytki.top/wp-content/uploads/2025/09/otkrytka-3434.jpg.webp
"Видео-открытка с совой Привет, ты тута? 3455",https://otkrytki.top/wp-content/uploads/2025/09/otkrytka-3455.jpg.webp
Открытка с собакой Выздоравливай 3461,https://otkrytki.top/wp-content/uploads/2025/09/otkrytka-3461.jpg.webp
Открытка с котиком и розой  для любимой 3454,https://otkrytki.top/wp-content/uploads/2025/09/otkrytka-3454.jpg.webp
Открытка с петухом доброе утро 3419,https://otkrytki.top/wp-content/uploads/2025/09/otkrytka-3419.jpg.webp
Прикольная открытка спасибо 3445,https://otkrytki.top/wp-content/uploads/2025/09/otkrytka-3445.jpg.webp
Видео-открытка с Ну погоди на день рождения Светлане 3453,https://otkrytki.top/wp-content/uploads/2025/09/otkrytka-3453.jpg.webp
видео-открытка с лесными животными и поздравлением на день рождения 3452,https://otkrytki.top/wp-content/uploads/2025/09/otkrytka-3452.jpg.webp
Открытка с гламурным жирафом доброе утро 3414,https://otkrytki.top/wp-content/uploads/2025/09/otkrytka-3414.jpg.webp
Открытка от женщины Извини 3441,https://otkrytki.top/wp-content/uploads/2025/09/otkrytka-3441.jpg.webp
"Я прекрасна, как халва картинка с лягушкой 3430",https://otkrytki.top/wp-content/uploads/2025/09/otkrytka-3430.jpg.webp
Открытка с гламурным гепардом доброе утро - 3416,https://otkrytki.top/wp-content/uploads/2025/09/otkrytka-3416_2.jpg.webp
Прикольная открытка кофе будешь 3439,https://otkrytki.top/wp-content/uploads/2025/09/otkrytka-3439.jpg.webp
Умение получать удовольствие от пустяков картинка 3429,https://otkrytki.top/wp-content/uploads/2025/09/otkrytka-3429.jpg.webp
Открытка с чертом для женщины 3424,https://otkrytki.top/wp-content/uploads/2025/09/otkrytka-3424.jpg.webp
Открытка с котом в гамаке в воскресенье 3401,https://otkrytki.top/wp-content/uploads/2025/09/otkrytka-3401.jpg.webp
Открытка тремя котами спокойной ночи 3399,https://otkrytki.top/wp-content/uploads/2025/09/otkrytka-3399.jpg.webp
Открытка с птичкой Чмок 3417,https://otkrytki.top/wp-content/uploads/2025/09/otkrytka-3417.jpg.webp
Открытка с котами доброй ночи 3398,https://otkrytki.top/wp-content/uploads/2025/09/otkrytka-3398.jpg.webp
Видео-открытка с девушкой привет пятница 3405,https://otkrytki.top/wp-content/uploads/2025/09/otkrytka-3405.jpg.webp
Открытка с французским бульдогом доброе утро 3394,https://otkrytki.top/wp-content/uploads/2025/09/otkrytka-3394.jpg.webp
Прикольная видео-открытка с девушкой и собакой хорошего дня 3400,https://otkrytki.top/wp-content/uploads/2025/09/otkrytka-3400.jpg.webp
Открытка с танцующим лосем 3402,https://otkrytki.top/wp-content/uploads/2025/09/otkrytka-3402.jpg.webp
Открытка с зайцем с добрым утром 3388,https://otkrytki.top/wp-content/uploads/2025/09/otkrytka-3388.jpg.webp
Прикольная открытка спокойной ночи 3392,https://otkrytki.top/wp-content/uploads/2025/09/otkrytka-3392.jpg.webp
Открытка с женщиной на метле спокойной ночи 3393,https://otkrytki.top/wp-content/uploads/2025/09/otkrytka-3393.jpg.webp
Открытка с котиком на пляже доброе утро 3383,https://otkrytki.top/wp-content/uploads/2025/09/otkrytka-3383.jpg.webp
Приглашение поспать с лягушками 3380,https://otkrytki.top/wp-content/uploads/2025/09/otkrytka-3380.jpg.webp
Открытка с волком ложись на бочок 3391,https://otkrytki.top/wp-content/uploads/2025/09/otkrytka-3391.jpg.webp
Открытка 3334,https://otkrytki.top/wp-content/uploads/2025/08/otkrytka-3334.jpg.webp
Открытка с котиком в пижаме 3390,https://otkrytki.top/wp-content/uploads/2025/09/otkrytka-3390.jpg.webp
Открытка с котиком на день рождения 3355,https://otkrytki.top/wp-content/uploads/2025/08/otkrytka-3355.jpg.webp
Открытка доброе утро с петухами 3349,https://otkrytki.top/wp-content/uploads/2025/08/otkrytka-3349.jpg.webp
Открытка наташе с поздравлениями  2111,https://otkrytki.top/wp-content/uploads/2024/10/otkrytka-2111.jpg.webp
Открытка доброе утро с танцующей свинкой 3337,https://otkrytki.top/wp-content/uploads/2025/08/otkrytka-3337.jpg.webp
Открытка с копибарой и пожеланием 3366,https://otkrytki.top/wp-content/uploads/2025/09/otkrytka-3366.jpg.webp
Видео-открытка с собакой По кофейку? 3368,https://otkrytki.top/wp-content/uploads/2025/09/otkrytka-3368.jpg.webp
Открытка с котиком Кофейку? С добрым утром 3338,https://otkrytki.top/wp-content/uploads/2025/08/otkrytka-3338.jpg.webp
Открытка Хорошего настроения с котиком 3346,https://otkrytki.top/wp-content/uploads/2025/08/otkrytka-3346.jpg.webp
"Открытка Пятница, доброе утро 3330",https://otkrytki.top/wp-content/uploads/2025/08/otkrytka-3330.jpg.webp
Открытка с котиком добрый вечер 3381,https://otkrytki.top/wp-content/uploads/2025/09/otkrytka-3381.jpg.webp
Женская открытка доброе утро 3323,https://otkrytki.top/wp-content/uploads/2025/08/otkrytka-3323.jpg.webp
"Картинка Девчонки, на зарядке 3325",https://otkrytki.top/wp-content/uploads/2025/08/otkrytka-3325.jpg.webp
Открытка Доброе утро с крокодилом 3329,https://otkrytki.top/wp-content/uploads/2025/08/otkrytka-3329.jpg.webp
Открытка с котом спокойной ночи 3361,https://otkrytki.top/wp-content/uploads/2025/09/otkrytka-3361.jpg.webp
Видео-открытка доброе утро 3322,https://otkrytki.top/wp-content/uploads/2025/08/otkrytka-3322.jpg.webp
Видео-открытка с Путиным С Днем Рождения Ольге 3253,https://otkrytki.top/wp-content/uploads/2025/08/otkrytka-3253.jpg.webp
Открытка с приветом Доброе утречко 3328,https://otkrytki.top/wp-content/uploads/2025/08/otkrytka-3328.jpg.webp
Открытка Мой вам бонжур 3315,https://otkrytki.top/wp-content/uploads/2025/08/otkrytka-3315.jpg.webp
Открытка Здрасьте вам 3314,https://otkrytki.top/wp-content/uploads/2025/08/otkrytka-3314.jpg.webp
Открытка с петухом Happy Birthday 3321,https://otkrytki.top/wp-content/uploads/2025/08/otkrytka-3321.jpg.webp
"Открытка Вставай, кофе стынет 3318",https://otkrytki.top/wp-content/uploads/2025/08/otkrytka-3318.jpg.webp
Открытка Доброе утро пятница с котом 3302,https://otkrytki.top/wp-content/uploads/2025/08/otkrytka-3302.jpg.webp
Открытка доброе утро с зеленым петухом 3313,https://otkrytki.top/wp-content/uploads/2025/08/otkrytka-3313.jpg.webp
Добрая открытка Доброе утро 3305,https://otkrytki.top/wp-content/uploads/2025/08/otkrytka-3305.jpg.webp
Открытка Держи сердечко 3304,https://otkrytki.top/wp-content/uploads/2025/08/otkrytka-3304.jpg.webp
Открытка Клюну за жопку 3299,https://otkrytki.top/wp-content/uploads/2025/08/otkrytka-3299.jpg.webp
Открытка с хорошим настроением 3312,https://otkrytki.top/wp-content/uploads/2025/08/otkrytka-3312.jpg.webp
Открытка Доброе утро с кроликом,https://otkrytki.top/wp-content/uploads/2025/08/otkrytka-3243.jpg.webp
Открытка с добрым утром 3308,https://otkrytki.top/wp-content/uploads/2025/08/otkrytka-3308.jpg.webp
Больше спишь - меньше грешишь картинка 3317,https://otkrytki.top/wp-content/uploads/2025/08/otkrytka-3317.jpg.webp
Открытка за нас красавицы 3301,https://otkrytki.top/wp-content/uploads/2025/08/otkrytka-3301.jpg.webp
Открытка с будильником Успешной недели 3309,https://otkrytki.top/wp-content/uploads/2025/08/otkrytka-3309.jpg.webp
Открытка с добрым утречком 3297,https://otkrytki.top/wp-content/uploads/2025/08/otkrytka-3297.jpg.webp
Открытка Доброе утро: Кофе будешь? 3298,https://otkrytki.top/wp-content/uploads/2025/08/otkrytka-3298.jpg.webp
Открытка 3293,https://otkrytki.top/wp-content/uploads/2025/08/otkrytka-3293.jpg.webp
Картинка Ты покормил кота? 3292,https://otkrytki.top/wp-content/uploads/2025/08/otkrytka-3292.jpg.webp
"Открытка Утро, кофе 3311",https://otkrytki.top/wp-content/uploads/2025/08/otkrytka-3311.jpg.webp
Картинка Моя суперспособность 3287,https://otkrytki.top/wp-content/uploads/2025/08/otkrytka-3287.jpg.webp
Прикольная открытка с птицей Доброе утро 3274,https://otkrytki.top/wp-content/uploads/2025/08/otkrytka-3274.jpg.webp
Прикольная открытка на день рождения,https://otkrytki.top/wp-content/uploads/2025/08/otkrytka-3259.jpg.webp
Открытка доброе утро с осликом 3266,https://otkrytki.top/wp-content/uploads/2025/08/otkrytka-3266.jpg.webp
Открытка С понедельником тебя 3241,https://otkrytki.top/wp-content/uploads/2025/08/otkrytka-3241.jpg.webp
Открытка с котиком Дай обниму 3272,https://otkrytki.top/wp-content/uploads/2025/08/otkrytka-3272.jpg.webp
Открытка Нескучного вечера с обезьяной 3267,https://otkrytki.top/wp-content/uploads/2025/08/otkrytka-3267.jpg.webp
Прикольная картинка про арбуз 2725,https://otkrytki.top/wp-content/uploads/2025/03/otkrytka-2725.jpg.webp
"Прикольная открытка с днем рождения, кайфуй",https://otkrytki.top/wp-content/uploads/2025/08/otkrytka-3256.jpg.webp
"Открытка с добрым утром, пятница 3261",https://otkrytki.top/wp-content/uploads/2025/08/otkrytka-3261.jpg.webp
Открытка мужчине с днем рождения от женщин звезд,https://otkrytki.top/wp-content/uploads/2025/08/otkrytka-3255.jpg.webp
Открытка с пятницей и волком 3268,https://otkrytki.top/wp-content/uploads/2025/08/otkrytka-3268.jpg.webp
Открытка Татьяне с поздравлениями,https://otkrytki.top/wp-content/uploads/2025/08/otkrytka-3254.jpg.webp
С новым летним утром,https://otkrytki.top/wp-content/uploads/2025/08/otkrytka-3263.jpg.webp
Прикольная картинка День какой-то сегодня - 3240,https://otkrytki.top/wp-content/uploads/2025/08/otkrytka-3240.jpg.webp
Открытка Утренняя перекличка 3228,https://otkrytki.top/wp-content/uploads/2025/07/otkrytka-3228.jpg.webp
Открытка жопу мыть и спать,https://otkrytki.top/wp-content/uploads/2025/08/otkrytka-3247.jpg.webp
Видео-открытка С добрым утром 3252,https://otkrytki.top/wp-content/uploads/2025/08/otkrytka-3252.jpg.webp
Открытка Выпьем за любовь 3231,https://otkrytki.top/wp-content/uploads/2025/08/otkrytka-3231.jpg.webp
кто там хотел похудеть к лету 3210,https://otkrytki.top/wp-content/uploads/2025/07/otkrytka-3210.jpg.webp
Картинка про литросексуала 3230,https://otkrytki.top/wp-content/uploads/2025/07/otkrytka-3230.jpg.webp
Открытка Как долго я тебя искала 3212,https://otkrytki.top/wp-content/uploads/2025/07/otkrytka-3212.jpg.webp
Открытка Всем утренний привет 3218,https://otkrytki.top/wp-content/uploads/2025/07/otkrytka-3218.jpg.webp
Открытка мужчине с пожеланием 3221,https://otkrytki.top/wp-content/uploads/2025/07/otkrytka-3221.jpg.webp
Картинка Первый день диеты 3206,https://otkrytki.top/wp-content/uploads/2025/07/otkrytka-3206.jpg.webp
"Открытка Наташа, вставай 3120",https://otkrytki.top/wp-content/uploads/2025/06/otkrytka-3120.jpg.webp
"Женщина - это слабое, беззащитное создание 3208",https://otkrytki.top/wp-content/uploads/2025/07/otkrytka-3208.jpg.webp
Открытка 3203,https://otkrytki.top/wp-content/uploads/2025/07/otkrytka-3203.jpg.webp
Открытка Доброе утро 3201,https://otkrytki.top/wp-content/uploads/2025/07/otkrytka-3201.jpg.webp
Картинка Без дела не люблю сидеть 3204,https://otkrytki.top/wp-content/uploads/2025/07/otkrytka-3204.jpg.webp
Видео-открытка женщине 3187,https://otkrytki.top/wp-content/uploads/2025/07/otkrytka-3187.jpg.webp
"Доброе утро, кофе не было 3198",https://otkrytki.top/wp-content/uploads/2025/07/otkrytka-3198.jpg.webp
Открытка 3200,https://otkrytki.top/wp-content/uploads/2025/07/otkrytka-3200.jpg.webp
Открытка доброго вечера с вином 3197,https://otkrytki.top/wp-content/uploads/2025/07/otkrytka-3197.jpg.webp
"Открытка День начался, погнали 3176",https://otkrytki.top/wp-content/uploads/2025/07/otkrytka-3176.jpg.webp
Открытка Уход в отпуск 3192,https://otkrytki.top/wp-content/uploads/2025/07/otkrytka-3192.jpg.webp
Картинка про женщин 3199,https://otkrytki.top/wp-content/uploads/2025/07/otkrytka-3199.jpg.webp
Открытка Привет красавица 3173,https://otkrytki.top/wp-content/uploads/2025/07/otkrytka-3173.jpg.webp
Открытка Доброго воскресного утра 3167,https://otkrytki.top/wp-content/uploads/2025/07/otkrytka-3167.jpg.webp
Открытка с субботой 3183,https://otkrytki.top/wp-content/uploads/2025/07/otkrytka-3183.jpg.webp
Открытка в стихах Бодрого утра 3175,https://otkrytki.top/wp-content/uploads/2025/07/otkrytka-3175.jpg.webp
Открытка С добрым утром 3160,https://otkrytki.top/wp-content/uploads/2025/07/otkrytka-3160.jpg.webp
Открытка с барашками Спокойной ночи 3180,https://otkrytki.top/wp-content/uploads/2025/07/otkrytka-3180.jpg.webp
Открытка С добрым утром 3157,https://otkrytki.top/wp-content/uploads/2025/07/otkrytka-3157.jpg.webp
Открытка Олегу 3179,https://otkrytki.top/wp-content/uploads/2025/07/otkrytka-3179.jpg.webp
Картинка Всё надоело 3146,https://otkrytki.top/wp-content/uploads/2025/07/otkrytka-3146.jpg.webp
"Картинка Если утром на работу, вы немного опоздали 3172",https://otkrytki.top/wp-content/uploads/2025/07/otkrytka-3172.jpg.webp
Картинка про дни недели 3087,https://otkrytki.top/wp-content/uploads/2025/06/otkrytka-3087.jpg.webp
Открытка Доброе утро в летний понедельник 3174,https://otkrytki.top/wp-content/uploads/2025/07/otkrytka-3174.jpg.webp
Картинка Здравствуй утро 3145,https://otkrytki.top/wp-content/uploads/2025/07/otkrytka-3145.jpg.webp
Открытка Доброе утро 3128,https://otkrytki.top/wp-content/uploads/2025/06/otkrytka-3128.jpg.webp
Открытка с добрым утром женщинам 3132,https://otkrytki.top/wp-content/uploads/2025/07/otkrytka-3132.jpg.webp
Открытка доброе утро 3125,https://otkrytki.top/wp-content/uploads/2025/06/otkrytka-3125.jpg.webp
Открытка Спасибо 3134,https://otkrytki.top/wp-content/uploads/2025/07/otkrytka-3134.jpg.webp
Открытка тем кто на море 3153,https://otkrytki.top/wp-content/uploads/2025/07/otkrytka-3153.jpg.webp
Открытка моему зайке,https://otkrytki.top/wp-content/uploads/2025/07/otkrytka-3131.jpg.webp
Картинка Хочется поехать на работу 3148,https://otkrytki.top/wp-content/uploads/2025/07/otkrytka-3148.jpg.webp
Открытка Привет трудящимся 3100,https://otkrytki.top/wp-content/uploads/2025/07/otkrytka-3100.jpg.webp
"Открытка Так, где мой кофий? 3142",https://otkrytki.top/wp-content/uploads/2025/07/otkrytka-3142.jpg.webp
Открытка с Понедельником -3073,https://otkrytki.top/wp-content/uploads/2025/06/otkrytka-3073.jpg.webp
Открытка В интернете все сидите 3139,https://otkrytki.top/wp-content/uploads/2025/07/otkrytka-3139.jpg.webp
Открытка С Днем Рождения 3115,https://otkrytki.top/wp-content/uploads/2025/06/otkrytka-3115.jpg.webp
Открытка Вижу проснулись 3130,https://otkrytki.top/wp-content/uploads/2025/06/otkrytka-3130.jpg.webp
Открытка хорошего отдыха 3095,https://otkrytki.top/wp-content/uploads/2025/07/otkrytka-3095.jpg.webp
Открытка утро доброе 3123,https://otkrytki.top/wp-content/uploads/2025/06/otkrytka-3123.jpg.webp
Коротко о жизни - картинка 3111,https://otkrytki.top/wp-content/uploads/2025/06/otkrytka-3111.jpg.webp
Гифка Кормить будешь 3098,https://otkrytki.top/wp-content/uploads/2025/06/otkrytka-3098.gif
Открытка 3108,https://otkrytki.top/wp-content/uploads/2025/06/otkrytka-3108.jpg.webp
Открытка Доброе утро 3152,https://otkrytki.top/wp-content/uploads/2025/07/otkrytka-3152.jpg.webp
Открытка Будьте добрее 3107,https://otkrytki.top/wp-content/uploads/2025/06/otkrytka-3107.jpg.webp
Пока разберёшься что к чему - картинка 3112,https://otkrytki.top/wp-content/uploads/2025/06/otkrytka-3112.jpg.webp
Открытка С добрым утром 3049,https://otkrytki.top/wp-content/uploads/2025/06/otkrytka-3049.jpg.webp
Открытка 3064,https://otkrytki.top/wp-content/uploads/2025/06/otkrytka-3064.jpg.webp
Открытка Если вам за 50 - не беда 3109,https://otkrytki.top/wp-content/uploads/2025/06/otkrytka-3109.jpg.webp
"Открытка мужчине Привет, пятница 3099",https://otkrytki.top/wp-content/uploads/2025/07/otkrytka-3099.jpg.webp
Открытка с пожеланием для отпуска 2801,https://otkrytki.top/wp-content/uploads/2025/04/otkrytka-2801.jpg.webp
Видео-открытка в отпуске хорошо 3094,https://otkrytki.top/wp-content/uploads/2025/06/otkrytka-3094.jpg.webp
Картинка про женщину 3103,https://otkrytki.top/wp-content/uploads/2025/06/otkrytka-3103.jpg.webp
Открытка 3041,https://otkrytki.top/wp-content/uploads/2025/06/otkrytka-3041.jpg.webp
"Картинка ""С гуся вода, с внученьки вся худоба 3091",https://otkrytki.top/wp-content/uploads/2025/06/otkrytka-3091.jpg.webp
Открытка доброе утречко 3068,https://otkrytki.top/wp-content/uploads/2025/06/otkrytka-3068.jpg.webp
Открытка Как провести незабываемый вечер 3058,https://otkrytki.top/wp-content/uploads/2025/06/otkrytka-3058.jpg.webp
Открытка не разрешайте себе плохое настроение 3062,https://otkrytki.top/wp-content/uploads/2025/06/otkrytka-3062.jpg.webp
Открытка  Доброго утра 3046,https://otkrytki.top/wp-content/uploads/2025/06/otkrytka-3046.jpg.webp
Открытка Желаю жить и не тужить 3065,https://otkrytki.top/wp-content/uploads/2025/06/otkrytka-3065.jpg.webp
Открытка улыбнись 3071,https://otkrytki.top/wp-content/uploads/2025/06/otkrytka-3071.jpg.webp
Открытка Здравствуйте - 3072,https://otkrytki.top/wp-content/uploads/2025/06/otkrytka-3072.jpg.webp
Открытка Доброе утро 3066,https://otkrytki.top/wp-content/uploads/2025/06/otkrytka-3066.jpg.webp
Открытка бери от жизни все 3063,https://otkrytki.top/wp-content/uploads/2025/06/otkrytka-3063.jpg.webp
Картинка еду на море 3060,https://otkrytki.top/wp-content/uploads/2025/06/otkrytka-3060.jpg.webp
Открытка Доброе утро 3030,https://otkrytki.top/wp-content/uploads/2025/06/otkrytka-3030.jpg.webp
Открытка хорошего настроения 3069,https://otkrytki.top/wp-content/uploads/2025/06/otkrytka-3069.jpg.webp
Картинка 3059,https://otkrytki.top/wp-content/uploads/2025/06/otkrytka-3059.jpg.webp
Открытка с днем рождения 3070,https://otkrytki.top/wp-content/uploads/2025/06/otkrytka-3070.jpg.webp
Открытка Доброе утро 3029,https://otkrytki.top/wp-content/uploads/2025/06/otkrytka-3029.jpg.webp
Открытка с пятницей 3050,https://otkrytki.top/wp-content/uploads/2025/06/otkrytka-3050.jpg.webp
Открытка Доброе утро 3028,https://otkrytki.top/wp-content/uploads/2025/06/otkrytka-3028.jpg.webp
Открытка С вами я люблю общаться 3053,https://otkrytki.top/wp-content/uploads/2025/06/otkrytka-3053.jpg.webp
Картинка Не бойтесь пенсии 3044,https://otkrytki.top/wp-content/uploads/2025/06/otkrytka-3044.jpg.webp
Картинка Утро четверга 3043,https://otkrytki.top/wp-content/uploads/2025/06/otkrytka-3043.jpg.webp
Открытка вкусного завтрака 3025,https://otkrytki.top/wp-content/uploads/2025/05/otkrytka-3025.jpg.webp
Открытка с днем рождения 3034,https://otkrytki.top/wp-content/uploads/2025/06/otkrytka-3035.jpg.webp
Открытка Утречка 3040,https://otkrytki.top/wp-content/uploads/2025/06/otkrytka-3040.jpg.webp
Открытка с добрым утром 3024,https://otkrytki.top/wp-content/uploads/2025/05/otkrytka-3024.jpg.webp
Открытка с днем рождения 3051,https://otkrytki.top/wp-content/uploads/2025/06/otkrytka-3051.jpg.webp
"Открытка Котя, ты мне ноги прекращай когтить 3045",https://otkrytki.top/wp-content/uploads/2025/06/otkrytka-3045.jpg.webp
Открытка Улыбнись - 3047,https://otkrytki.top/wp-content/uploads/2025/06/otkrytka-3047_1.jpg.webp
Открытка С добрым утром 3013,https://otkrytki.top/wp-content/uploads/2025/05/otkrytka-3013.jpg.webp
Открытка Давай есть 3031,https://otkrytki.top/wp-content/uploads/2025/06/otkrytka-3031.jpg.webp
Картинка 3020 - Правила гаража,https://otkrytki.top/wp-content/uploads/2025/05/otkrytka-3020.jpg.webp
Картинка 3021 - Когда хреново на душе,https://otkrytki.top/wp-content/uploads/2025/05/otkrytka-3021.jpg.webp
Открытка с днем рождения 3034,https://otkrytki.top/wp-content/uploads/2025/06/otkrytka-3034.jpg.webp
Картинка 3018 - Правила мамы,https://otkrytki.top/wp-content/uploads/2025/05/otkrytka-3018.jpg.webp
Картинка 3022 - Правила счастливой женщины,https://otkrytki.top/wp-content/uploads/2025/05/otkrytka-3022.jpg.webp
День Медицинского работника 4,https://otkrytki.top/wp-content/uploads/2025/05/den-mediczinskogo-rabotnika-4.jpg.webp
День Медицинского работника 3,https://otkrytki.top/wp-content/uploads/2025/05/den-mediczinskogo-rabotnika-3.jpg.webp
Картинка 3012 - Правила папы,https://otkrytki.top/wp-content/uploads/2025/05/otkrytka-3012.jpg.webp
День Медицинского работника 2,https://otkrytki.top/wp-content/uploads/2025/05/den-mediczinskogo-rabotnika-2.jpg.webp
Картинка 3007 - Моя крыша может ездить по-разному,https://otkrytki.top/wp-content/uploads/2025/05/otkrytka-3007.jpg.webp
Картинка иду на работу 3042,https://otkrytki.top/wp-content/uploads/2025/06/otkrytka-3042.jpg.webp
Открытка С добрым утром 2998,https://otkrytki.top/wp-content/uploads/2025/05/otkrytka-2998.jpg.webp
Открытка с днем рождения 3005,https://otkrytki.top/wp-content/uploads/2025/05/otkrytka-3005.jpg.webp
Открытка С Днем Рождения 3006,https://otkrytki.top/wp-content/uploads/2025/05/otkrytka-3006.jpg.webp
Открытка 3000 - Я к тебе с приветом,https://otkrytki.top/wp-content/uploads/2025/05/otkrytka-3000.jpg.webp
"Открытка подружка, Раскрой чакры. День рождения пришел 3003",https://otkrytki.top/wp-content/uploads/2025/05/otkrytka-3003.jpg.webp
Картинка 3001,https://otkrytki.top/wp-content/uploads/2025/05/otkrytka-3001.jpg.webp
Картинка 2992 - В детстве я мечтала о сверхспособностях,https://otkrytki.top/wp-content/uploads/2025/05/otkrytka-2992.jpg.webp
Открытка Слушай музыку 2987,https://otkrytki.top/wp-content/uploads/2025/05/otkrytka-2987.jpg.webp
Картинка 2999,https://otkrytki.top/wp-content/uploads/2025/05/otkrytka-2999.jpg.webp
Картинка 2990 - В деревне люди не имеют времени а депрессии,https://otkrytki.top/wp-content/uploads/2025/05/otkrytka-2990.jpg.webp
Картинка Я застряла 2982,https://otkrytki.top/wp-content/uploads/2025/05/otkrytka-2982.jpg.webp
Открытка Горжусь собой 2976,https://otkrytki.top/wp-content/uploads/2025/05/otkrytka-2976.jpg.webp
Смешная картинка про маму 2980,https://otkrytki.top/wp-content/uploads/2025/05/otkrytka-2980.jpg.webp
Открытка доброе утро 2947,https://otkrytki.top/wp-content/uploads/2025/05/otkrytka-2947.jpg.webp
Картинка про женщин 2966,https://otkrytki.top/wp-content/uploads/2025/05/otkrytka-2966.jpg.webp
Картинка 2989 - У женщины есть 3 возраста,https://otkrytki.top/wp-content/uploads/2025/05/otkrytka-2989.jpg.webp
Открытка Доброе утро 2936,https://otkrytki.top/wp-content/uploads/2025/05/otkrytka-2936.jpg.webp
Открытка Ну и где ты? 2916,https://otkrytki.top/wp-content/uploads/2025/05/otkrytka-2916.jpg.webp
Открытка с субботой 2933,https://otkrytki.top/wp-content/uploads/2025/05/otkrytka-2933.jpg.webp
Гифка с Днем рождения 2957,https://otkrytki.top/wp-content/uploads/2025/05/otkrytka-2957.gif
Картинка про стрессоустойчивость 2942,https://otkrytki.top/wp-content/uploads/2025/05/otkrytka-2942.gif
Смешная картинка 2962,https://otkrytki.top/wp-content/uploads/2025/05/otkrytka-2962.jpg.webp
Открытка С добрым утром 2940,https://otkrytki.top/wp-content/uploads/2025/05/otkrytka-2940.jpg.webp
Картинка про мемных котов 2934,https://otkrytki.top/wp-content/uploads/2025/05/otkrytka-2934.jpg.webp
Открытка Доброй ночи 2943,https://otkrytki.top/wp-content/uploads/2025/05/otkrytka-2943.jpg.webp
Гиф-открытка Вечно надутая 2941,https://otkrytki.top/wp-content/uploads/2025/05/otkrytka-2941.jpg.webp
Картинка про крышу 2931,https://otkrytki.top/wp-content/uploads/2025/05/otkrytka-2931.jpg.webp
Открытка мужчине с вопросом 2914,https://otkrytki.top/wp-content/uploads/2025/05/otkrytka-2914.jpg.webp
Открытка где ты? 2913,https://otkrytki.top/wp-content/uploads/2025/05/otkrytka-2913.jpg.webp
Открытка на выходные 2926,https://otkrytki.top/wp-content/uploads/2025/05/otkrytka-2926.jpg.webp
Открытка доброе утро 2908,https://otkrytki.top/wp-content/uploads/2025/04/otkrytka-2908.jpg.webp
Открытка с полезным советом 2928,https://otkrytki.top/wp-content/uploads/2025/05/otkrytka-2928.jpg.webp
Открытка Веселого дня 2924,https://otkrytki.top/wp-content/uploads/2025/05/otkrytka-2924.jpg.webp
Открытка просыпайся 2938,https://otkrytki.top/wp-content/uploads/2025/05/otkrytka-2938.jpg.webp
Открытка Пора спать 2923,https://otkrytki.top/wp-content/uploads/2025/05/otkrytka-2923.jpg.webp
Картинка Как можно быть спокойным 2920,https://otkrytki.top/wp-content/uploads/2025/05/otkrytka-2920.jpg.webp
Гиф-открытка Лену обижать нельзя  2922,https://otkrytki.top/wp-content/uploads/2025/05/otkrytka-2922.gif
Открытка С добрым утром 2889,https://otkrytki.top/wp-content/uploads/2025/04/otkrytka-2889.jpg.webp
Открытка спокойной ночи 2903,https://otkrytki.top/wp-content/uploads/2025/04/otkrytka-2903.jpg.webp
Картинка с советом 2904,https://otkrytki.top/wp-content/uploads/2025/04/otkrytka-2904.jpg.webp
Открытка прости 2915,https://otkrytki.top/wp-content/uploads/2025/05/otkrytka-2915.jpg.webp
Картинка Спать боюсь 2898,https://otkrytki.top/wp-content/uploads/2025/04/otkrytka-2898.jpg.webp
Открытка доброе утро 2888,https://otkrytki.top/wp-content/uploads/2025/04/otkrytka-2888.jpg.webp
Прикольная картинка с котом 2910,https://otkrytki.top/wp-content/uploads/2025/04/otkrytka-2910.jpg.webp
Картинка 2875,https://otkrytki.top/wp-content/uploads/2025/04/otkrytka-2875.jpg.webp
Открытка С Днем Рождения 2878,https://otkrytki.top/wp-content/uploads/2025/04/otkrytka-2878.jpg.webp
Картинка 2872,https://otkrytki.top/wp-content/uploads/2025/04/otkrytka-2872.jpg.webp
Картинка про рабочие дни 2892,https://otkrytki.top/wp-content/uploads/2025/04/otkrytka-2892.jpg.webp
Картинка про девочек 2861,https://otkrytki.top/wp-content/uploads/2025/04/otkrytka-2861.jpg.webp
Смешная картинка про женщин 2859,https://otkrytki.top/wp-content/uploads/2025/04/otkrytka-2859.jpg.webp
Картинка с женским юмором 2862,https://otkrytki.top/wp-content/uploads/2025/04/otkrytka-2862.jpg.webp
Смешная картинка про работу 2854,https://otkrytki.top/wp-content/uploads/2025/04/otkrytka-2854.jpg.webp
С 1 мая открытка 16,https://otkrytki.top/wp-content/uploads/2025/04/s-1-maya-otkrytka-16.jpg.webp
С 1 мая открытка 15,https://otkrytki.top/wp-content/uploads/2025/04/s-1-maya-otkrytka-15.jpg.webp
Картинка про погоду 2893,https://otkrytki.top/wp-content/uploads/2025/04/otkrytka-2893.jpg.webp
С 1 мая открытка 13,https://otkrytki.top/wp-content/uploads/2025/04/s-1-maya-otkrytka-13.jpg.webp
Картинка про ежиков 2847,https://otkrytki.top/wp-content/uploads/2025/04/otkrytka-2847.jpg.webp
Картинка про работу 2834,https://otkrytki.top/wp-content/uploads/2025/04/otkrytka-2834.jpg.webp
Открытка Доброе утро 2826,https://otkrytki.top/wp-content/uploads/2025/04/otkrytka-2826.jpg.webp
Картинка с детским юмором 2833,https://otkrytki.top/wp-content/uploads/2025/04/otkrytka-2833.jpg.webp
открытка 2818,https://otkrytki.top/wp-content/uploads/2025/04/otkrytka-2818.jpg.webp
Картинка про работу 2819,https://otkrytki.top/wp-content/uploads/2025/04/otkrytka-2819.jpg.webp
Открытка С добрым утром 2789,https://otkrytki.top/wp-content/uploads/2025/03/otkrytka-2789.jpg.webp
Открытка 1828,https://otkrytki.top/wp-content/uploads/2024/08/otkrytka-1828.jpg.webp
Открытка с днем рождения 2813,https://otkrytki.top/wp-content/uploads/2025/04/otkrytka-2813.jpg.webp
Открытка с добрым утром пятницы 2763,https://otkrytki.top/wp-content/uploads/2025/03/otkrytka-2763.jpg.webp
Прикольная картинка 2767,https://otkrytki.top/wp-content/uploads/2025/03/otkrytka-2767.jpg.webp
Смешная картинка про женщин 2766,https://otkrytki.top/wp-content/uploads/2025/03/otkrytka-2766.jpg.webp
Картинка про будни 2718,https://otkrytki.top/wp-content/uploads/2025/03/otkrytka-2718.jpg.webp
Открытка Хорошего настроения 2783,https://otkrytki.top/wp-content/uploads/2025/03/otkrytka-2783.jpg.webp
Картинка про диету 2764,https://otkrytki.top/wp-content/uploads/2025/03/otkrytka-2764.jpg.webp
Картинка про баланс 2746,https://otkrytki.top/wp-content/uploads/2025/03/otkrytka-2746.jpg.webp
Картинка 2749,https://otkrytki.top/wp-content/uploads/2025/03/otkrytka-2749.jpg.webp
Картинка про похудение 2780,https://otkrytki.top/wp-content/uploads/2025/03/otkrytka-2780.jpg.webp
Открытка Спокойной ночи 2774,https://otkrytki.top/wp-content/uploads/2025/03/otkrytka-2774.jpg.webp
Открытка Добрый вечер 2773,https://otkrytki.top/wp-content/uploads/2025/03/otkrytka-2773.jpg.webp
Картинка с юмором 2759,https://otkrytki.top/wp-content/uploads/2025/03/otkrytka-2759.jpg.webp
Картинка про работу 2733,https://otkrytki.top/wp-content/uploads/2025/03/otkrytka-2733-2.jpg.webp
Открытка с понедельником 2716,https://otkrytki.top/wp-content/uploads/2025/03/otkrytka-2716.jpg.webp
Открытка С годовщиной свадьбы 2760,https://otkrytki.top/wp-content/uploads/2025/03/otkrytka-2760.jpg.webp
Картинка про женщин 2736,https://otkrytki.top/wp-content/uploads/2025/03/otkrytka-2736.jpg.webp
Открытка доброе утро 2710,https://otkrytki.top/wp-content/uploads/2025/03/otkrytka-2710.jpg.webp
Картинка про женщин 2724,https://otkrytki.top/wp-content/uploads/2025/03/otkrytka-2724.jpg.webp
Открытка Пора спать  2757,https://otkrytki.top/wp-content/uploads/2025/03/otkrytka-2757.jpg.webp
Прикольная картинка 2707,https://otkrytki.top/wp-content/uploads/2025/03/otkrytka-2707.jpg.webp
Картинка про настроение  2737,https://otkrytki.top/wp-content/uploads/2025/03/otkrytka-2737.jpg.webp
Открытка Спокойной ночи 2728,https://otkrytki.top/wp-content/uploads/2025/03/otkrytka-2728.jpg.webp
Картинка про работу 2702,https://otkrytki.top/wp-content/uploads/2025/03/otkrytka-2702.jpg.webp
Открытка доброе утро 2699,https://otkrytki.top/wp-content/uploads/2025/03/otkrytka-2699.jpg.webp
Картинка Толковая девка 2679,https://otkrytki.top/wp-content/uploads/2025/03/otkrytka-2679.jpg.webp
Открытка С добрым утром 2697,https://otkrytki.top/wp-content/uploads/2025/03/otkrytka-2697.jpg.webp
Картинка 2669,https://otkrytki.top/wp-content/uploads/2025/03/otkrytka-2669.jpg.webp
Открытка 2668,https://otkrytki.top/wp-content/uploads/2025/03/otkrytka-2668.jpg.webp
Картинка про утро 2652,https://otkrytki.top/wp-content/uploads/2025/03/otkrytka-2652.jpg.webp
Картинка про женщину 2667,https://otkrytki.top/wp-content/uploads/2025/03/otkrytka-2667.jpg.webp
Открытка доброго утра 2664,https://otkrytki.top/wp-content/uploads/2025/03/otkrytka-2664.jpg.webp
Картинка 2662,https://otkrytki.top/wp-content/uploads/2025/03/otkrytka-2662.jpg.webp
Открытка доброе утро 2661,https://otkrytki.top/wp-content/uploads/2025/03/otkrytka-2661.jpg.webp
Картинка 2685,https://otkrytki.top/wp-content/uploads/2025/03/otkrytka-2685.jpg.webp
Открытка с днем рождения 2698,https://otkrytki.top/wp-content/uploads/2025/03/otkrytka-2698.jpg.webp
Открытка 2651,https://otkrytki.top/wp-content/uploads/2025/03/otkrytka-2651.jpg.webp
Картинка про вес 2675,https://otkrytki.top/wp-content/uploads/2025/03/otkrytka-2675.jpg.webp
Открытка с утрой 2650,https://otkrytki.top/wp-content/uploads/2025/03/otkrytka-2650.jpg.webp
Картинка про работу 2655,https://otkrytki.top/wp-content/uploads/2025/03/otkrytka-2655.jpg.webp
Открытка доброго утра 2649,https://otkrytki.top/wp-content/uploads/2025/03/otkrytka-2649.jpg.webp
Картинка про кота 2660,https://otkrytki.top/wp-content/uploads/2025/03/otkrytka-2660.jpg.webp
Открытка привет среда 2676,https://otkrytki.top/wp-content/uploads/2025/03/otkrytka-2676.jpg.webp
Открытка всем доброе утро 2645,https://otkrytki.top/wp-content/uploads/2025/03/otkrytka-2645.jpg.webp
Открытка 2684,https://otkrytki.top/wp-content/uploads/2025/03/otkrytka-2684.jpg.webp
Картинка 2659,https://otkrytki.top/wp-content/uploads/2025/03/otkrytka-2659.jpg.webp
Открытка Скучаю 2683,https://otkrytki.top/wp-content/uploads/2025/03/otkrytka-2683.jpg.webp
Картинка про работу 2654,https://otkrytki.top/wp-content/uploads/2025/03/otkrytka-2654.jpg.webp
Картинка с женским юмором 2657,https://otkrytki.top/wp-content/uploads/2025/03/otkrytka-2657.jpg.webp
Открытка 2629,https://otkrytki.top/wp-content/uploads/2025/02/otkrytka-2629.jpg.webp
Смешная картинка про женщину 2665,https://otkrytki.top/wp-content/uploads/2025/03/otkrytka-2665.jpg.webp
Открытка 2628,https://otkrytki.top/wp-content/uploads/2025/02/otkrytka-2628.jpg.webp
Открытка 2621,https://otkrytki.top/wp-content/uploads/2025/02/otkrytka-2621.jpg.webp
Открытка 2617,https://otkrytki.top/wp-content/uploads/2025/02/otkrytka-2617.jpg.webp
Открытка 8 марта 37,https://otkrytki.top/wp-content/uploads/2025/02/otkrytka-8-marta-37.jpg.webp
Открытка выздоравливай 2647,https://otkrytki.top/wp-content/uploads/2025/03/otkrytka-2647.jpg.webp
Открытка хорошего дня 2592,https://otkrytki.top/wp-content/uploads/2025/02/otkrytka-2592.gif
Открытка с добрым утром 2618,https://otkrytki.top/wp-content/uploads/2025/02/otkrytka-2618.jpg.webp
Открытка погладь кота 2603,https://otkrytki.top/wp-content/uploads/2025/02/otkrytka-2603.jpg.webp
Картинка весна близко 1482,https://otkrytki.top/wp-content/uploads/2024/04/otkrytka-1482.jpg.webp
Открытка у меня день рождения 2575,https://otkrytki.top/wp-content/uploads/2025/02/otkrytka-2575.jpg.webp
Открытка 8 марта 27,https://otkrytki.top/wp-content/uploads/2025/02/otkrytka-8-marta-27.jpg.webp
Открытка 8 марта 26,https://otkrytki.top/wp-content/uploads/2025/02/otkrytka-8-marta-26.jpg.webp
Открытка доброе утро 2570,https://otkrytki.top/wp-content/uploads/2025/02/otkrytka-2570.jpg.webp
Прикольная открытка С 23 февраля 22,https://otkrytki.top/wp-content/uploads/2025/01/s-23-fevralya-otkrytka-22.jpg.webp
Открытка 2587,https://otkrytki.top/wp-content/uploads/2025/02/otkrytka-2587.jpg.webp
Открытка с днем рождения  2560,https://otkrytki.top/wp-content/uploads/2025/02/otkrytka-2560.jpg.webp
Картинка про гостей 2586,https://otkrytki.top/wp-content/uploads/2025/02/otkrytka-2586.jpg.webp
С 23 февраля открытка 21,https://otkrytki.top/wp-content/uploads/2025/01/s-23-fevralya-otkrytka-21.jpg.webp
Открытка 2579,https://otkrytki.top/wp-content/uploads/2025/02/otkrytka-2579.jpg.webp
Открытка с масленицей 11,https://otkrytki.top/wp-content/uploads/2025/02/otkrytka-s-maslenniczej-11.jpg.webp
Открытка  с днем рождения 2558,https://otkrytki.top/wp-content/uploads/2025/02/otkrytka-2558.jpg.webp
Открытка доброе утро 2549,https://otkrytki.top/wp-content/uploads/2025/02/otkrytka-2549.jpg.webp
Открытка я согласна 2578,https://otkrytki.top/wp-content/uploads/2025/02/otkrytka-2578.jpg.webp
Открытка с масленицей 10,https://otkrytki.top/wp-content/uploads/2025/02/otkrytka-s-maslenniczej-10.jpg.webp
Открытка доброе утро 2543,https://otkrytki.top/wp-content/uploads/2025/02/otkrytka-2543.jpg.webp
Открытка доброе утро 2574,https://otkrytki.top/wp-content/uploads/2025/02/otkrytka-2574.jpg.webp
Открытка мы вам рады 2577,https://otkrytki.top/wp-content/uploads/2025/02/otkrytka-2577.jpg.webp
Открытка привет утро 2541,https://otkrytki.top/wp-content/uploads/2025/02/otkrytka-2541.jpg.webp
Открытка доброе утро 2540,https://otkrytki.top/wp-content/uploads/2025/02/otkrytka-2540.jpg.webp
Картинка про свободу слова 2573,https://otkrytki.top/wp-content/uploads/2025/02/otkrytka-2573.jpg.webp
С 23 февраля открытка 16,https://otkrytki.top/wp-content/uploads/2025/01/s-23-fevralya-otkrytka-16.jpg.webp
Картинка Самое лучшее успокоительное  2571,https://otkrytki.top/wp-content/uploads/2025/02/otkrytka-2571.jpg.webp
С 23 февраля открытка 15,https://otkrytki.top/wp-content/uploads/2025/01/s-23-fevralya-otkrytka-15.jpg.webp
С 23 февраля открытка 14,https://otkrytki.top/wp-content/uploads/2025/01/s-23-fevralya-otkrytka-14.jpg.webp
Открытка 2566,https://otkrytki.top/wp-content/uploads/2025/02/otkrytka-2566.jpg.webp
Картинка про меня 2551,https://otkrytki.top/wp-content/uploads/2025/02/otkrytka-2551.jpg.webp
Открытка 2565,https://otkrytki.top/wp-content/uploads/2025/02/otkrytka-2565.jpg.webp
Открытка понедельник утро 2522,https://otkrytki.top/wp-content/uploads/2025/02/otkrytka-2522.jpg.webp
Картинка про жизнь 2542,https://otkrytki.top/wp-content/uploads/2025/02/otkrytka-2542.jpg.webp
Картинка про лучшее 2507,https://otkrytki.top/wp-content/uploads/2025/01/otkrytka-2507.jpg.webp
Открытка 2497,https://otkrytki.top/wp-content/uploads/2025/01/otkrytka-2497.jpg.webp
Открытка дай поцелую 2520,https://otkrytki.top/wp-content/uploads/2025/02/otkrytka-2520.jpg.webp
Открытка 2492,https://otkrytki.top/wp-content/uploads/2025/01/otkrytka-2492.jpg.webp
Открытка 2516,https://otkrytki.top/wp-content/uploads/2025/02/otkrytka-2516.jpg.webp
Картинка про работу 2487,https://otkrytki.top/wp-content/uploads/2025/01/otkrytka-2487.jpg.webp
Открытка с пожеланием  2514,https://otkrytki.top/wp-content/uploads/2025/01/otkrytka-2514.jpg.webp
Открытка доброе утро 2518,https://otkrytki.top/wp-content/uploads/2025/02/otkrytka-2518.jpg.webp
Прикольная картинка 2477,https://otkrytki.top/wp-content/uploads/2025/01/otkrytka-2477.jpg.webp
Открытка про чувства 2476,https://otkrytki.top/wp-content/uploads/2025/01/otkrytka-2476.jpg.webp
Открытка с приглашением 2502,https://otkrytki.top/wp-content/uploads/2025/01/otkrytka-2502.jpg.webp
Открытка у тебя днюха 2480,https://otkrytki.top/wp-content/uploads/2025/01/otkrytka-2480.jpg.webp
Открытка 2490,https://otkrytki.top/wp-content/uploads/2025/01/otkrytka-2490.jpeg.webp
Открытка 2486,https://otkrytki.top/wp-content/uploads/2025/01/otkrytka-2486.jpg.webp
Открытка доброе утро вторник 2500,https://otkrytki.top/wp-content/uploads/2025/01/otkrytka-2500.jpg.webp
Открытка про любовь 2481,https://otkrytki.top/wp-content/uploads/2025/01/otkrytka-2481.jpg.webp
Открытка 2473,https://otkrytki.top/wp-content/uploads/2025/01/otkrytka-2473.jpg.webp
Открытка 2488,https://otkrytki.top/wp-content/uploads/2025/01/otkrytka-2488.jpg.webp
Открытка спокойствия 2465,https://otkrytki.top/wp-content/uploads/2025/01/otkrytka-2465.jpg.webp
Открытка  с днем рождения 2471,https://otkrytki.top/wp-content/uploads/2025/01/otkrytka-2471.jpg.webp
Картинка спокойствие 2464,https://otkrytki.top/wp-content/uploads/2025/01/otkrytka-2464.jpg.webp
Открытка не доброе утро 2478,https://otkrytki.top/wp-content/uploads/2025/01/otkrytka-2478.jpg.webp
Открытка приветствия 2484,https://otkrytki.top/wp-content/uploads/2025/01/otkrytka-2484.jpg.webp
Картинка 2461,https://otkrytki.top/wp-content/uploads/2025/01/otkrytka-2461.jpg.webp
Открытка 2463,https://otkrytki.top/wp-content/uploads/2025/01/otkrytka-2463.jpg.webp
Открытка доброе утро прикольная 2472,https://otkrytki.top/wp-content/uploads/2025/01/otkrytka-2472.jpg.webp
Открытка про любовь 2460,https://otkrytki.top/wp-content/uploads/2025/01/otkrytka-2460.jpg.webp
Открытка с пожеланием 2483,https://otkrytki.top/wp-content/uploads/2025/01/otkrytka-2483.jpg.webp
Прикольная картинка 2459,https://otkrytki.top/wp-content/uploads/2025/01/otkrytka-2459.jpg.webp
Открытка доброе утро 2466,https://otkrytki.top/wp-content/uploads/2025/01/otkrytka-2466.jpg.webp
Открытка 2458,https://otkrytki.top/wp-content/uploads/2025/01/otkrytka-2458.jpg.webp
Открытка 2447,https://otkrytki.top/wp-content/uploads/2025/01/otkrytka-2447.jpg.webp
Картинка про работу 2426,https://otkrytki.top/wp-content/uploads/2025/01/otkrytka-2426.jpg.webp
Стикер как все достали 2455,https://otkrytki.top/wp-content/uploads/2025/01/otkrytka-2455.jpg.webp
Открытка улыбнись 2453,https://otkrytki.top/wp-content/uploads/2025/01/otkrytka-2453.jpg.webp
Открытка доброе утро 2441,https://otkrytki.top/wp-content/uploads/2025/01/otkrytka-2441.jpg.webp
Открытка Бог в помощь 2448,https://otkrytki.top/wp-content/uploads/2025/01/otkrytka-2448.jpeg.webp
Открытка с добрым утром 2439,https://otkrytki.top/wp-content/uploads/2025/01/otkrytka-2439.jpg.webp
Открытка спокойной ночи 2397,https://otkrytki.top/wp-content/uploads/2025/01/otkrytka-2397.jpg.webp
Прикольная картинка про друзей 2452,https://otkrytki.top/wp-content/uploads/2025/01/otkrytka-2452.jpg.webp
Открытка 2434,https://otkrytki.top/wp-content/uploads/2025/01/otkrytka-2434.jpg.webp
Открытка доброе утро понедельника 2378,https://otkrytki.top/wp-content/uploads/2024/12/otkrytka-2378.jpg.webp
Открытка доброе утро 2421,https://otkrytki.top/wp-content/uploads/2025/01/otkrytka-2421.jpg.webp
открытка 2291,https://otkrytki.top/wp-content/uploads/2024/11/otkrytka-2291.jpg.webp
Открытка с пожеланием 2419,https://otkrytki.top/wp-content/uploads/2025/01/otkrytka-2419.jpg.webp
Картинка про возраст 2416,https://otkrytki.top/wp-content/uploads/2025/01/otkrytka-2416.jpg.webp
Открытка Доброе утро 2414,https://otkrytki.top/wp-content/uploads/2025/01/otkrytka-2414.jpg.webp
Смешная картинка 2412,https://otkrytki.top/wp-content/uploads/2025/01/otkrytka-2412.jpg.webp
Открытка хорошего зимнего дня 2417,https://otkrytki.top/wp-content/uploads/2025/01/otkrytka-2417.jpg.webp
Открытка 2406,https://otkrytki.top/wp-content/uploads/2025/01/otkrytka-2406.jpg.webp
Открытка 2396,https://otkrytki.top/wp-content/uploads/2024/12/otkrytka-2396.jpg.webp
Открытка целую 2398,https://otkrytki.top/wp-content/uploads/2024/12/otkrytka-2398.jpg.webp
Открытка как дела 2394,https://otkrytki.top/wp-content/uploads/2024/12/otkrytka-2394.jpg.webp
Прикольная картинка на новый год 2383,https://otkrytki.top/wp-content/uploads/2024/12/otkrytka-2383.jpg.webp
С Новым Годом открытка 59,https://otkrytki.top/wp-content/uploads/2024/12/s-novym-godom-otkrytka-59.gif
С Новым Годом открытка на 1 января 43,https://otkrytki.top/wp-content/uploads/2024/12/s-novym-godom-otkrytka-43.gif
С Новым Годом открытка 51,https://otkrytki.top/wp-content/uploads/2024/12/s-novym-godom-otkrytka-51.jpg.webp
С Новым Годом открытка 50,https://otkrytki.top/wp-content/uploads/2024/12/s-novym-godom-otkrytka-50.jpg.webp
С Новым Годом открытка 40,https://otkrytki.top/wp-content/uploads/2024/02/s-novym-godom-otkrytka-40.jpg.webp
Открытка с котами на утро 2379,https://otkrytki.top/wp-content/uploads/2024/12/otkrytka-2379.jpg.webp
Картинка про новый год 2368,https://otkrytki.top/wp-content/uploads/2024/12/otkrytka-2368.jpg.webp
С Новым Годом открытка 45,https://otkrytki.top/wp-content/uploads/2024/12/s-novym-godom-otkrytka-45-2.jpg.webp
Открытка с добрым утром зимы 2369,https://otkrytki.top/wp-content/uploads/2024/12/otkrytka-2369.jpg.webp
Открытка спокойной ночи 2370,https://otkrytki.top/wp-content/uploads/2024/12/otkrytka-2370.jpg.webp
Картинка про оптимиста и пессимиста 2364,https://otkrytki.top/wp-content/uploads/2024/12/otkrytka-2364.jpg.webp
Картинка про новогоднюю премию 2363,https://otkrytki.top/wp-content/uploads/2024/12/otkrytka-2363-2.jpg.webp
Прикольная гифка про вставать на работу 2338,https://otkrytki.top/wp-content/uploads/2024/12/otkrytka-2338.gif
Открытка доброе утро зимой 2358,https://otkrytki.top/wp-content/uploads/2024/12/otkrytka-2358.jpg.webp
Открытка с днем рождения 2352,https://otkrytki.top/wp-content/uploads/2024/12/otkrytka-2352.jpg.webp
открытка 2275,https://otkrytki.top/wp-content/uploads/2024/11/otkrytka-2275.jpg.webp
Открытка 2351,https://otkrytki.top/wp-content/uploads/2024/12/otkrytka-2351.jpg.webp
Открытка люблю 2356,https://otkrytki.top/wp-content/uploads/2024/12/otkrytka-2356.jpg.webp
Открытка доброе утро 2311,https://otkrytki.top/wp-content/uploads/2024/12/otkrytka-2311.jpg.webp
Открытка хороших выходных2337,https://otkrytki.top/wp-content/uploads/2024/12/otkrytka-2337.jpg.webp
Прикольная женская картинка 2326,https://otkrytki.top/wp-content/uploads/2024/12/otkrytka-2326.jpg.webp
Картинка с советом 2361,https://otkrytki.top/wp-content/uploads/2024/12/otkrytka-2361.jpg.webp
Прикольная картинка с гороскопом на сегодня 2304,https://otkrytki.top/wp-content/uploads/2024/12/otkrytka-2304.jpg.webp
Открытка утро доброе 2297,https://otkrytki.top/wp-content/uploads/2024/11/otkrytka-2297.jpg.webp
Смешная картинка 2290,https://otkrytki.top/wp-content/uploads/2024/11/otkrytka-2290.jpg.webp
Открытка доброе утро 2294,https://otkrytki.top/wp-content/uploads/2024/11/otkrytka-2294.jpg.webp
Смешная картинка 2289,https://otkrytki.top/wp-content/uploads/2024/11/otkrytka-2289.jpg.webp
Открытка доброе утро зима 2299,https://otkrytki.top/wp-content/uploads/2024/11/otkrytka-2299.jpg.webp
открытка доброе утро 2285,https://otkrytki.top/wp-content/uploads/2024/11/otkrytka-2285.jpg.webp
открытка 2273,https://otkrytki.top/wp-content/uploads/2024/11/otkrytka-2273.jpg.webp
открытка доброе утро 2280,https://otkrytki.top/wp-content/uploads/2024/11/otkrytka-2280.jpg.webp
открытка здравствуй понедельник 2229,https://otkrytki.top/wp-content/uploads/2024/11/otkrytka-2229.jpg.webp
Картинка про утро 2266,https://otkrytki.top/wp-content/uploads/2024/11/otkrytka-2266.jpg.webp
открытка с днем рождения  2264,https://otkrytki.top/wp-content/uploads/2024/11/otkrytka-2264.jpg.webp
Мудрая картинка 2245,https://otkrytki.top/wp-content/uploads/2024/11/otkrytka-2245.jpg.webp
открытка 2233,https://otkrytki.top/wp-content/uploads/2024/11/otkrytka-2233.jpg.webp
Смешная картинка 2231,https://otkrytki.top/wp-content/uploads/2024/11/otkrytka-2231.jpg.webp
Картинка про понедельник 2219,https://otkrytki.top/wp-content/uploads/2024/11/otkrytka-2219.jpg.webp
открытка с днем рождения 2224,https://otkrytki.top/wp-content/uploads/2024/11/otkrytka-2224.jpg.webp
открытка с днем рождения 2223,https://otkrytki.top/wp-content/uploads/2024/11/otkrytka-2223.jpg.webp
открытка с днем рождения 2222,https://otkrytki.top/wp-content/uploads/2024/11/otkrytka-2222.jpg.webp
открытка доброе утро четверг 2226,https://otkrytki.top/wp-content/uploads/2024/11/otkrytka-2226.jpg.webp
открытка добрый вечер 2243,https://otkrytki.top/wp-content/uploads/2024/11/otkrytka-2243.jpg.webp
Открытка с днем рождения 2197,https://otkrytki.top/wp-content/uploads/2024/11/otkrytka-2197.jpg.webp
Открытка с днем рождения 2206,https://otkrytki.top/wp-content/uploads/2024/11/otkrytka-2206.jpg.webp
Смешная картинка 2220,https://otkrytki.top/wp-content/uploads/2024/11/otkrytka-2220.jpg.webp
Смешная картинка 2218,https://otkrytki.top/wp-content/uploads/2024/11/otkrytka-2218.jpg.webp
Веселая картинка 2212,https://otkrytki.top/wp-content/uploads/2024/11/otkrytka-2212.jpg.webp
Картинка 2216,https://otkrytki.top/wp-content/uploads/2024/11/otkrytka-2216.jpg.webp
Открытка с пятницей 2194,https://otkrytki.top/wp-content/uploads/2024/11/otkrytka-2194.jpg.webp
Открытка с днем рождения 2188,https://otkrytki.top/wp-content/uploads/2024/11/otkrytka-2188.jpg.webp
Открытка доброе утро 2196,https://otkrytki.top/wp-content/uploads/2024/11/otkrytka-2196.jpg.webp
Открытка с днем рождения женщине 2171,https://otkrytki.top/wp-content/uploads/2024/10/otkrytka-2171.jpg.webp
Открытка доброе утро 2190,https://otkrytki.top/wp-content/uploads/2024/11/otkrytka-2190.jpg.webp
Картинка с шуткой про начальника 2192,https://otkrytki.top/wp-content/uploads/2024/11/otkrytka-2192.jpg.webp
Открытка 1897,https://otkrytki.top/wp-content/uploads/2024/08/otkrytka-1897.jpg.webp
Смешная картинка про женщину 2186,https://otkrytki.top/wp-content/uploads/2024/11/otkrytka-2186.jpg.webp
Открытка хорошего отдыха 2177,https://otkrytki.top/wp-content/uploads/2024/11/otkrytka-2177.jpg.webp
Открытка 2180,https://otkrytki.top/wp-content/uploads/2024/11/otkrytka-2180.jpg.webp
Открытка бабушке 2179,https://otkrytki.top/wp-content/uploads/2024/11/otkrytka-2179.jpg.webp
Открытка доброе утро 2184,https://otkrytki.top/wp-content/uploads/2024/11/otkrytka-2184.jpg.webp
Открытка с днем рождения 2126,https://otkrytki.top/wp-content/uploads/2024/10/otkrytka-2126.jpg.webp
Открытка 2175,https://otkrytki.top/wp-content/uploads/2024/11/otkrytka-2175.jpg.webp
Открытка легкого понедельника 2153,https://otkrytki.top/wp-content/uploads/2024/10/otkrytka-2153.jpg.webp
Картинка про проблемы 2174,https://otkrytki.top/wp-content/uploads/2024/11/otkrytka-2174.jpg.webp
Картинка про субботу 2169,https://otkrytki.top/wp-content/uploads/2024/10/otkrytka-2169.jpg.webp
Открытка С Днем Рождения 2117,https://otkrytki.top/wp-content/uploads/2024/10/otkrytka-2117.gif
Смешная картинка 2160,https://otkrytki.top/wp-content/uploads/2024/10/otkrytka-2160.jpg.webp
Картинка про среду 2149,https://otkrytki.top/wp-content/uploads/2024/10/otkrytka-2149.jpg.webp
Картинка про котов 2157,https://otkrytki.top/wp-content/uploads/2024/10/otkrytka-2157.jpg.webp
Открытка про понедельник 2138,https://otkrytki.top/wp-content/uploads/2024/10/otkrytka-2138.jpg.webp
Открытка воскресенье 2099,https://otkrytki.top/wp-content/uploads/2024/10/otkrytka-2099.jpg.webp
Открытка хорошего отдыха 2135,https://otkrytki.top/wp-content/uploads/2024/10/otkrytka-2135.jpg.webp
Открытка с добрым утром 2107,https://otkrytki.top/wp-content/uploads/2024/10/otkrytka-2107.gif
Открытка с днем рождения Наше 2110,https://otkrytki.top/wp-content/uploads/2024/10/otkrytka-2110.jpg.webp
Открытка с дем рождения наташа  2097,https://otkrytki.top/wp-content/uploads/2024/10/otkrytka-2097.jpg.webp
Открытка пора спать 2131,https://otkrytki.top/wp-content/uploads/2024/10/otkrytka-2131.gif
Открытка спокойной ночи 2130,https://otkrytki.top/wp-content/uploads/2024/10/otkrytka-2130.gif
Катинка про субботу 2075,https://otkrytki.top/wp-content/uploads/2024/10/otkrytka-2075.jpg.webp
Открытка 2089,https://otkrytki.top/wp-content/uploads/2024/10/otkrytka-2089.jpg.webp
Открытка с добрым утречком 2076,https://otkrytki.top/wp-content/uploads/2024/10/otkrytka-2076.gif
Картинка про утреннее кофе 2070,https://otkrytki.top/wp-content/uploads/2024/10/otkrytka-2070.jpg.webp
Открытка понедельник  2069,https://otkrytki.top/wp-content/uploads/2024/10/otkrytka-2069.jpg.webp
Открытка доброе утро 2067,https://otkrytki.top/wp-content/uploads/2024/10/otkrytka-2067.jpg.webp
Открытка твой подарок 2074,https://otkrytki.top/wp-content/uploads/2024/10/otkrytka-2074.gif
Открытка 2048,https://otkrytki.top/wp-content/uploads/2024/09/otkrytka-2048.jpg.webp
Открытка с добрым утром 2059,https://otkrytki.top/wp-content/uploads/2024/10/otkrytka-2059.jpg.webp
Смешная картинка про жизнь 2078,https://otkrytki.top/wp-content/uploads/2024/10/otkrytka-2078.jpg.webp
Открытка с днем рождения 2073,https://otkrytki.top/wp-content/uploads/2024/10/otkrytka-2073.jpg.webp
Открытка с пожеланиями 2079,https://otkrytki.top/wp-content/uploads/2024/10/otkrytka-2079.gif
Открытка 2082,https://otkrytki.top/wp-content/uploads/2024/10/otkrytka-2082.jpg.webp
Смешная картинка про жизнь  2066,https://otkrytki.top/wp-content/uploads/2024/10/otkrytka-2066.jpg.webp
Открытка женщине с днем рождения 2137,https://otkrytki.top/wp-content/uploads/2024/10/otkrytka-2137.jpg.webp
Смешная картинка про женщин 2065,https://otkrytki.top/wp-content/uploads/2024/10/otkrytka-2065.jpg.webp
Открытка сднем рождения 2053,https://otkrytki.top/wp-content/uploads/2024/10/otkrytka-2053.jpg.webp
открытка 2036,https://otkrytki.top/wp-content/uploads/2024/09/otkrytka-2036.gif
Открытка пятница с добрым утром 2027,https://otkrytki.top/wp-content/uploads/2024/09/otkrytka-2027.jpg.webp
Прикольная картинка 2061,https://otkrytki.top/wp-content/uploads/2024/10/otkrytka-2061.jpg.webp
Картинка про воскреснье 2060,https://otkrytki.top/wp-content/uploads/2024/10/otkrytka-2060.jpg.webp
Открытка доброе утро суббота  2047,https://otkrytki.top/wp-content/uploads/2024/09/otkrytka-2047.jpg.webp
Открытка 2046,https://otkrytki.top/wp-content/uploads/2024/09/otkrytka-2046.jpg.webp
Открытка сейчас придем 2041,https://otkrytki.top/wp-content/uploads/2024/09/otkrytka-2041.jpg.webp
Открытка 2044,https://otkrytki.top/wp-content/uploads/2024/09/otkrytka-2044.gif
Открытка спим 2034,https://otkrytki.top/wp-content/uploads/2024/09/otkrytka-2034.gif
Картинка о суперспособностях 2033,https://otkrytki.top/wp-content/uploads/2024/09/otkrytka-2033.jpg.webp
Смешная картинка про работу 2017,https://otkrytki.top/wp-content/uploads/2024/09/otkrytka-2017.jpg.webp
Открытка доброе утро 2016,https://otkrytki.top/wp-content/uploads/2024/09/otkrytka-2016.gif
Открытка доброе утро смешная 2015,https://otkrytki.top/wp-content/uploads/2024/09/otkrytka-2015.jpg.webp
Прикольная гиф картинка про ворону 2030,https://otkrytki.top/wp-content/uploads/2024/09/otkrytka-2030.gif
Картинка про субботу 2006,https://otkrytki.top/wp-content/uploads/2024/09/otkrytka-2006.jpg.webp
Открытка хорошего дня 2028,https://otkrytki.top/wp-content/uploads/2024/09/otkrytka-2028.jpg.webp
Смешная картинка про утро 2010,https://otkrytki.top/wp-content/uploads/2024/09/otkrytka-2010.jpg.webp
Открытка с четвергом2024,https://otkrytki.top/wp-content/uploads/2024/09/otkrytka-2024.jpg.webp
Открытка привет 2023,https://otkrytki.top/wp-content/uploads/2024/09/otkrytka-2023.gif
Открытка приходите в гости 2019,https://otkrytki.top/wp-content/uploads/2024/09/otkrytka-2019.gif
открытка на понедельник 1995,https://otkrytki.top/wp-content/uploads/2024/09/otkrytka-1995.jpg.webp
Гифка про овец во сне 2007,https://otkrytki.top/wp-content/uploads/2024/09/otkrytka-2007.gif
Открытка женщине с юмором 2025,https://otkrytki.top/wp-content/uploads/2024/09/otkrytka-2025.gif
открытка 1971,https://otkrytki.top/wp-content/uploads/2024/09/otkrytka-1971.gif
открытка доброе утро 1978,https://otkrytki.top/wp-content/uploads/2024/09/otkrytka-1978.jpg.webp
Открытка доброе утро 1984,https://otkrytki.top/wp-content/uploads/2024/09/otkrytka-1984.jpg.webp
Открытка 1288,https://otkrytki.top/wp-content/uploads/2024/03/otkrytka-1288.jpg.webp
открытка не унывать 1996,https://otkrytki.top/wp-content/uploads/2024/09/otkrytka-1996_1.jpg.webp
открытка 1983,https://otkrytki.top/wp-content/uploads/2024/09/otkrytka-1983.jpg.webp
Открытка врываемся в понедельник 1933,https://otkrytki.top/wp-content/uploads/2024/09/otkrytka-1933.gif
открытка 1979,https://otkrytki.top/wp-content/uploads/2024/09/otkrytka-1979.jpg.webp
открытка легкого утра 1982,https://otkrytki.top/wp-content/uploads/2024/09/otkrytka-1982.jpg.webp
открытка Я тебя жду 1970,https://otkrytki.top/wp-content/uploads/2024/09/otkrytka-1970.gif
Прикольная картинка про лень 1948,https://otkrytki.top/wp-content/uploads/2024/09/otkrytka-1948.jpg.webp
Картинка про подруг 1967,https://otkrytki.top/wp-content/uploads/2024/09/otkrytka-1967.jpg.webp
открытка 1980,https://otkrytki.top/wp-content/uploads/2024/09/otkrytka-1980.jpg.webp
открытка 1972,https://otkrytki.top/wp-content/uploads/2024/09/otkrytka-1972.jpg.webp
открытка с днем рождения 1954,https://otkrytki.top/wp-content/uploads/2024/09/otkrytka-1954.jpg.webp
Картинка про сплетни 1947,https://otkrytki.top/wp-content/uploads/2024/09/otkrytka-1947.jpg.webp
Картинка все будет хорошо 1945,https://otkrytki.top/wp-content/uploads/2024/09/otkrytka-1945.jpg.webp
Картинка делай это упражнение 1942,https://otkrytki.top/wp-content/uploads/2024/09/otkrytka-1942.jpg.webp
Открытка как дела 1935,https://otkrytki.top/wp-content/uploads/2024/09/otkrytka-1935.jpg.webp
Каринка пр голову 1925,https://otkrytki.top/wp-content/uploads/2024/08/otkrytka-1925.jpg.webp
Открытка доброе утро 1892,https://otkrytki.top/wp-content/uploads/2024/08/otkrytka-1892.gif
Открытка с добрым утром 1887,https://otkrytki.top/wp-content/uploads/2024/08/otkrytka-1887.jpg.webp
Каринка про отпуск 1919,https://otkrytki.top/wp-content/uploads/2024/08/otkrytka-1919.jpg.webp
Картинка про лето 1894,https://otkrytki.top/wp-content/uploads/2024/08/otkrytka-1894.jpg.webp
Картинка про понедельник 1898,https://otkrytki.top/wp-content/uploads/2024/08/otkrytka-1898.jpg.webp
Открытка 1917,https://otkrytki.top/wp-content/uploads/2024/08/otkrytka-1917.jpg.webp
Смешная картинка 1916,https://otkrytki.top/wp-content/uploads/2024/08/otkrytka-1916.jpg.webp
Открытка 1913,https://otkrytki.top/wp-content/uploads/2024/08/otkrytka-1913.jpg.webp
Картинка про оптимистов 1905,https://otkrytki.top/wp-content/uploads/2024/08/otkrytka-1905.jpg.webp
Картинка про спать 1896,https://otkrytki.top/wp-content/uploads/2024/08/otkrytka-1896.jpg.webp
Картинка 1902,https://otkrytki.top/wp-content/uploads/2024/08/otkrytka-1902.jpg.webp
Открытка 1895,https://otkrytki.top/wp-content/uploads/2024/08/otkrytka-1895.jpg.webp
Смешная картинка 1915,https://otkrytki.top/wp-content/uploads/2024/08/otkrytka-1915.jpg.webp
Прикольная картинка про попугая 1891,https://otkrytki.top/wp-content/uploads/2024/08/otkrytka-1891.gif
Открытка на пятницу 1890,https://otkrytki.top/wp-content/uploads/2024/08/otkrytka-1890.jpg.webp
Открытка добрый день 1888,https://otkrytki.top/wp-content/uploads/2024/08/otkrytka-1888_3.gif
Картинка про пятницу 1850,https://otkrytki.top/wp-content/uploads/2024/08/otkrytka-1850.jpg.webp
Картинка про работу 1880,https://otkrytki.top/wp-content/uploads/2024/08/otkrytka-1880.jpg.webp
Картинка я проснулся 1845,https://otkrytki.top/wp-content/uploads/2024/08/otkrytka-1845.gif
Картинка про женщин 1852,https://otkrytki.top/wp-content/uploads/2024/08/otkrytka-1852.jpg.webp
Картинку про женщину 1849,https://otkrytki.top/wp-content/uploads/2024/08/otkrytka-1849.jpg.webp
Открытка хорошего настроения 1847,https://otkrytki.top/wp-content/uploads/2024/08/otkrytka-1847.gif
Открытка 1861_1,https://otkrytki.top/wp-content/uploads/2024/08/otkrytka-1861_1.jpg.webp
Картинка спокойной ночи 1860,https://otkrytki.top/wp-content/uploads/2024/08/otkrytka-1860.jpg.webp
Открытка 1829,https://otkrytki.top/wp-content/uploads/2024/08/otkrytka-1829.jpg.webp
Смешная картинка про женщин 1818,https://otkrytki.top/wp-content/uploads/2024/07/otkrytka-1818.jpg.webp
Смешная картинка про разбогатеть 1808,https://otkrytki.top/wp-content/uploads/2024/07/otkrytka-1808.jpg.webp
Прикольная картинка 1807,https://otkrytki.top/wp-content/uploads/2024/07/otkrytka-1807.jpg.webp
Смешная картинка про будильник 1834,https://otkrytki.top/wp-content/uploads/2024/08/otkrytka-1834.jpg.webp
Открытка доброе утро 1805,https://otkrytki.top/wp-content/uploads/2024/07/otkrytka-1805.gif
Открытка хорошего вечера 1836,https://otkrytki.top/wp-content/uploads/2024/08/otkrytka-1836_1.gif
Открытка 1335,https://otkrytki.top/wp-content/uploads/2024/04/otkrytka-1335.jpg.webp
Смешная картинка 1786,https://otkrytki.top/wp-content/uploads/2024/07/otkrytka-1786.jpg.webp
Смешная картинка про сон 1784,https://otkrytki.top/wp-content/uploads/2024/07/otkrytka-1784.jpg.webp
Открытка Воскресенье 1812,https://otkrytki.top/wp-content/uploads/2024/07/otkrytka-1812.jpg.webp
Смешная картинка про выходные 1761,https://otkrytki.top/wp-content/uploads/2024/07/otkrytka-1761.jpg.webp
Картинка про пятницу 1791,https://otkrytki.top/wp-content/uploads/2024/07/otkrytka-1791.jpg.webp
Смешная картинка про жизнь 1778,https://otkrytki.top/wp-content/uploads/2024/07/otkrytka-1778.jpg.webp
Картинка про отпуск 1793,https://otkrytki.top/wp-content/uploads/2024/07/otkrytka-1793.jpg.webp
Картинка про воскресенье 1780,https://otkrytki.top/wp-content/uploads/2024/07/otkrytka-1780.jpg.webp
Смешная картинка про женщин 1764,https://otkrytki.top/wp-content/uploads/2024/07/otkrytka-1764.jpg.webp
Смешная картинка про пресс 1755,https://otkrytki.top/wp-content/uploads/2024/07/otkrytka-1755.jpg.webp
Смешная картинка 1754,https://otkrytki.top/wp-content/uploads/2024/07/otkrytka-1754.jpg.webp
Открытка просыпаемся 1731,https://otkrytki.top/wp-content/uploads/2024/07/otkrytka-1731.gif
Картинка про работу 1750,https://otkrytki.top/wp-content/uploads/2024/07/otkrytka-1750.jpg.webp
Открытка 1748,https://otkrytki.top/wp-content/uploads/2024/07/otkrytka-1748.jpg.webp
Открытка 1747,https://otkrytki.top/wp-content/uploads/2024/07/otkrytka-1747.jpg.webp
Смешная картинка про жизнь 1741,https://otkrytki.top/wp-content/uploads/2024/07/otkrytka-1741.jpg.webp
Смешная картинка 1712,https://otkrytki.top/wp-content/uploads/2024/07/otkrytka-1712.jpg.webp
Открытка 1709,https://otkrytki.top/wp-content/uploads/2024/07/otkrytka-1709.jpg.webp
Открытка с добрым утром 1666,https://otkrytki.top/wp-content/uploads/2024/06/otkrytka-1666.gif
Прикольная открытка про женщин 1692,https://otkrytki.top/wp-content/uploads/2024/06/otkrytka-1692.jpg.webp
Картинка с пятницей 1702,https://otkrytki.top/wp-content/uploads/2024/06/otkrytka-1702.gif
Прикольная картинка 1691,https://otkrytki.top/wp-content/uploads/2024/06/otkrytka-1691.jpg.webp
Картинка про работу 1704,https://otkrytki.top/wp-content/uploads/2024/07/otkrytka-1704.jpg.webp
Картинка про отпуск 1689,https://otkrytki.top/wp-content/uploads/2024/06/otkrytka-1689.jpg.webp
Прикольная картинка 1688,https://otkrytki.top/wp-content/uploads/2024/06/otkrytka-1688.jpg.webp
Прикольная картинка 1686,https://otkrytki.top/wp-content/uploads/2024/06/otkrytka-1686.jpg.webp
Открытка 1675,https://otkrytki.top/wp-content/uploads/2024/06/otkrytka-1675.jpg.webp
Прикольная картинка про женщину 1674,https://otkrytki.top/wp-content/uploads/2024/06/otkrytka-1674.jpg.webp
Смешная картинка про женщин 1672,https://otkrytki.top/wp-content/uploads/2024/06/otkrytka-1672.jpg.webp
Картинка про настроение 1671,https://otkrytki.top/wp-content/uploads/2024/06/otkrytka-1671.jpg.webp
Прикольная картинка про женщин 1670,https://otkrytki.top/wp-content/uploads/2024/06/otkrytka-1670.jpg.webp
Прикольная картинка про настроение 1669,https://otkrytki.top/wp-content/uploads/2024/06/otkrytka-1669.jpg.webp
Прикольная открытка с котом 1655,https://otkrytki.top/wp-content/uploads/2024/06/otkrytka-1655.jpg.webp
Картинка про отпуск 1661,https://otkrytki.top/wp-content/uploads/2024/06/otkrytka-1661.jpg.webp
Смешная картинка про супругов 1665,https://otkrytki.top/wp-content/uploads/2024/06/otkrytka-1665.jpg.webp
Открытка с добрым утром 1610,https://otkrytki.top/wp-content/uploads/2024/06/otkrytka-1610.jpg.webp
ПРикольная картинка 1663,https://otkrytki.top/wp-content/uploads/2024/06/otkrytka-1663.jpg.webp
ПРикольная картинка 1662,https://otkrytki.top/wp-content/uploads/2024/06/otkrytka-1662.jpg.webp
Картинка с цитатами 1652,https://otkrytki.top/wp-content/uploads/2024/06/otkrytka-1652.jpg.webp
Смешная картинка 1651,https://otkrytki.top/wp-content/uploads/2024/06/otkrytka-1651.jpg.webp
Прикольная картинка про утро 1600,https://otkrytki.top/wp-content/uploads/2024/05/otkrytka-1600.jpg.webp
Картинка про мой возраст 1567,https://otkrytki.top/wp-content/uploads/2024/05/otkrytka-1567.jpg.webp
Картинка мудрости 1565,https://otkrytki.top/wp-content/uploads/2024/05/otkrytka-1565.jpg.webp
Картинка про утро 1560,https://otkrytki.top/wp-content/uploads/2024/05/otkrytka-1560.jpg.webp
Картинка про понедельник 1509,https://otkrytki.top/wp-content/uploads/2024/05/otkrytka-1509.jpg.webp
Картинка с пирогом 1554,https://otkrytki.top/wp-content/uploads/2024/05/otkrytka-1554.jpg.webp
Открытка с пятницей 1548,https://otkrytki.top/wp-content/uploads/2024/05/otkrytka-1548.jpg.webp
Открытка 1547,https://otkrytki.top/wp-content/uploads/2024/05/otkrytka-1547.jpg.webp
Открытка Картинка про понедельник утром 1480,https://otkrytki.top/wp-content/uploads/2024/04/otkrytka-1480.jpg.webp
Картинка про женщин 1506,https://otkrytki.top/wp-content/uploads/2024/05/otkrytka-1506.jpg.webp
Картинка для настроения1505,https://otkrytki.top/wp-content/uploads/2024/05/otkrytka-1505.jpg.webp
Смешная картинка про зарплату 1488,https://otkrytki.top/wp-content/uploads/2024/04/otkrytka-1488.jpg.webp
Открытка на перерыв 1498,https://otkrytki.top/wp-content/uploads/2024/05/otkrytka-1498.gif
Прикольная открытка с добрым утром 1491,https://otkrytki.top/wp-content/uploads/2024/04/otkrytka-1491.gif
Картинка про работу 1486,https://otkrytki.top/wp-content/uploads/2024/04/otkrytka-1486.jpg.webp
Прикольная картинка про ложись спать 1487,https://otkrytki.top/wp-content/uploads/2024/04/otkrytka-1487.jpg.webp
Смешная картинка про женщин 1490,https://otkrytki.top/wp-content/uploads/2024/04/otkrytka-1490.jpg.webp
Прикольная картинка про кота 1485,https://otkrytki.top/wp-content/uploads/2024/04/otkrytka-1485.jpg.webp
Прикольная открытка 1461,https://otkrytki.top/wp-content/uploads/2024/04/otkrytka-1461.jpg.webp
Прикольная картинка про женщин 1483,https://otkrytki.top/wp-content/uploads/2024/04/otkrytka-1483.jpg.webp
Открытка про женщину 1456,https://otkrytki.top/wp-content/uploads/2024/04/otkrytka-1456.jpg.webp
Открытка про доброе утро 1469,https://otkrytki.top/wp-content/uploads/2024/04/otkrytka-1469.jpg.webp
Открытка подруге 1459,https://otkrytki.top/wp-content/uploads/2024/04/otkrytka-1459.jpg.webp
Открытка про женщину 1455,https://otkrytki.top/wp-content/uploads/2024/04/otkrytka-1455.jpg.webp
Прикольная открытка про женщин 1451,https://otkrytki.top/wp-content/uploads/2024/04/otkrytka-1451.jpg.webp
Открытка я спать 1460,https://otkrytki.top/wp-content/uploads/2024/04/otkrytka-1460.jpg.webp
Прикольная окрытка 1448,https://otkrytki.top/wp-content/uploads/2024/04/otkrytka-1448.jpg.webp
Открытка 1439,https://otkrytki.top/wp-content/uploads/2024/04/otkrytka-1439.jpg.webp
Прикольная открытка 1446,https://otkrytki.top/wp-content/uploads/2024/04/otkrytka-1446.jpg.webp
Открытка 1437,https://otkrytki.top/wp-content/uploads/2024/04/otkrytka-1437.jpg.webp
Открытка 1444,https://otkrytki.top/wp-content/uploads/2024/04/otkrytka-1444.jpg.webp
Открытка 1435,https://otkrytki.top/wp-content/uploads/2024/04/otkrytka-1435.jpg.webp
Открытка 1429,https://otkrytki.top/wp-content/uploads/2024/04/otkrytka-1429.jpg.webp
Открытка 1425,https://otkrytki.top/wp-content/uploads/2024/04/otkrytka-1425.jpg.webp
Открытка 1423,https://otkrytki.top/wp-content/uploads/2024/04/otkrytka-1423.jpg.webp
Открытка 1443,https://otkrytki.top/wp-content/uploads/2024/04/otkrytka-1443.jpg.webp
Открытка 1420,https://otkrytki.top/wp-content/uploads/2024/04/otkrytka-1420.jpg.webp
Открытка 1422,https://otkrytki.top/wp-content/uploads/2024/04/otkrytka-1422.jpg.webp
Прикольная открытка 1442,https://otkrytki.top/wp-content/uploads/2024/04/otkrytka-1442.jpg.webp
Прикольная открытка женщине 1419,https://otkrytki.top/wp-content/uploads/2024/04/otkrytka-1419.jpg.webp
Открытка 1403,https://otkrytki.top/wp-content/uploads/2024/04/otkrytka-1403.jpg.webp
Открытка про ожидание 1406,https://otkrytki.top/wp-content/uploads/2024/04/otkrytka-1406.jpg.webp
Открытка 1436,https://otkrytki.top/wp-content/uploads/2024/04/otkrytka-1436.jpg.webp
Открытка 1402,https://otkrytki.top/wp-content/uploads/2024/04/otkrytka-1402.jpg.webp
Открытка люблю 1440,https://otkrytki.top/wp-content/uploads/2024/04/otkrytka-1440.jpg.webp
Открытка про любовь 1411,https://otkrytki.top/wp-content/uploads/2024/04/otkrytka-1411.jpg.webp
Открытка 1401,https://otkrytki.top/wp-content/uploads/2024/04/otkrytka-1401.jpg.webp
Открытка 1400,https://otkrytki.top/wp-content/uploads/2024/04/otkrytka-1400.jpg.webp
Открытка с добрым утром 1433,https://otkrytki.top/wp-content/uploads/2024/04/otkrytka-1433.jpg.webp
Прикольная картинка 1395,https://otkrytki.top/wp-content/uploads/2024/04/otkrytka-1395.jpg.webp
Открытка 1418,https://otkrytki.top/wp-content/uploads/2024/04/otkrytka-1418.jpg.webp
Открытка 1372,https://otkrytki.top/wp-content/uploads/2024/04/otkrytka-1372.jpg.webp
Смешная открытка 1392,https://otkrytki.top/wp-content/uploads/2024/04/otkrytka-1392.jpg.webp
Открытка 1390,https://otkrytki.top/wp-content/uploads/2024/04/otkrytka-1390.jpg.webp
Прикольная открытка 1388,https://otkrytki.top/wp-content/uploads/2024/04/otkrytka-1388.jpg.webp
Картинка про агента Эйвон 1376,https://otkrytki.top/wp-content/uploads/2024/04/otkrytka-1376.jpg.webp
Открытка 1370,https://otkrytki.top/wp-content/uploads/2024/04/otkrytka-1370.jpg.webp
Открытка 1380,https://otkrytki.top/wp-content/uploads/2024/04/otkrytka-1380.jpg.webp
Прикольная картинка 1369,https://otkrytki.top/wp-content/uploads/2024/04/otkrytka-1369.jpg.webp
Открытка 1361,https://otkrytki.top/wp-content/uploads/2024/04/otkrytka-1361.jpg.webp
Прикольная картинка 1362,https://otkrytki.top/wp-content/uploads/2024/04/otkrytka-1362.jpg.webp
Смешная открытка 1360,https://otkrytki.top/wp-content/uploads/2024/04/otkrytka-1360.jpg.webp
Смешная картинка про женщин 1367,https://otkrytki.top/wp-content/uploads/2024/04/otkrytka-1367.jpg.webp
Открытка Сереже 1366,https://otkrytki.top/wp-content/uploads/2024/04/otkrytka-1366.jpg.webp
Открытка подруге 1357,https://otkrytki.top/wp-content/uploads/2024/04/otkrytka-1357.jpg.webp
Открытка 1359,https://otkrytki.top/wp-content/uploads/2024/04/otkrytka-1359.jpg.webp
Картинка про вторник 1353,https://otkrytki.top/wp-content/uploads/2024/04/otkrytka-1353.jpg.webp
Открытка Наше все будет хорошо 1347,https://otkrytki.top/wp-content/uploads/2024/04/otkrytka-1347.jpg.webp
Открытка 1346,https://otkrytki.top/wp-content/uploads/2024/04/otkrytka-1346.jpg.webp
Открытка 1340,https://otkrytki.top/wp-content/uploads/2024/04/otkrytka-1340.jpg.webp
Открытка 1338,https://otkrytki.top/wp-content/uploads/2024/04/otkrytka-1338.jpg.webp
Открытка скучаю 1331,https://otkrytki.top/wp-content/uploads/2024/04/otkrytka-1331.jpg.webp
Открытка 1329,https://otkrytki.top/wp-content/uploads/2024/04/otkrytka-1329.jpg.webp
Открытка с пожеланием 1327,https://otkrytki.top/wp-content/uploads/2024/03/otkrytka-1327.jpg.webp
Открытка 1343,https://otkrytki.top/wp-content/uploads/2024/04/otkrytka-1343.jpg.webp
Открытка 1325,https://otkrytki.top/wp-content/uploads/2024/03/otkrytka-1325.jpg.webp
Открытка 1323,https://otkrytki.top/wp-content/uploads/2024/03/otkrytka-1323.jpg.webp
Открытка 1318,https://otkrytki.top/wp-content/uploads/2024/03/otkrytka-1318.jpg.webp
Открытка 1279,https://otkrytki.top/wp-content/uploads/2024/03/otkrytka-1279.jpg.webp
Открытка 1312,https://otkrytki.top/wp-content/uploads/2024/03/otkrytka-1312.jpg.webp
Открытка 1314,https://otkrytki.top/wp-content/uploads/2024/03/otkrytka-1314.jpg.webp
Картинка про любовь 1319,https://otkrytki.top/wp-content/uploads/2024/03/otkrytka-1319.jpg.webp
Открытка 1308,https://otkrytki.top/wp-content/uploads/2024/03/otkrytka-1308.jpg.webp
Открытка 1275,https://otkrytki.top/wp-content/uploads/2024/03/otkrytka-1275.jpg.webp
Открытка 1313,https://otkrytki.top/wp-content/uploads/2024/03/otkrytka-1313.jpg.webp
Открытка 1274,https://otkrytki.top/wp-content/uploads/2024/03/otkrytka-1274.jpg.webp
смешная открытка 1302,https://otkrytki.top/wp-content/uploads/2024/03/otkrytka-1302.jpg.webp
Открытка 1304,https://otkrytki.top/wp-content/uploads/2024/03/otkrytka-1304.jpg.webp
Открытка 1297,https://otkrytki.top/wp-content/uploads/2024/03/otkrytka-1297.jpg.webp
Открытка 1260,https://otkrytki.top/wp-content/uploads/2024/03/otkrytka-1260.jpg.webp
Открытка 1278,https://otkrytki.top/wp-content/uploads/2024/03/otkrytka-1278.jpg.webp
Открытка 1249,https://otkrytki.top/wp-content/uploads/2024/03/otkrytka-1249.jpg.webp
Открытка 1292,https://otkrytki.top/wp-content/uploads/2024/03/otkrytka-1292.jpg.webp
Смешная картинка про мужа 1300,https://otkrytki.top/wp-content/uploads/2024/03/otkrytka-1300.jpg.webp
Открытка 1247,https://otkrytki.top/wp-content/uploads/2024/03/otkrytka-1247.jpg.webp
Открытка 1244,https://otkrytki.top/wp-content/uploads/2024/03/otkrytka-1244.jpg.webp
Открытка 1251,https://otkrytki.top/wp-content/uploads/2024/03/otkrytka-1251.jpg.webp
Открытка 1243,https://otkrytki.top/wp-content/uploads/2024/03/otkrytka-1243.jpg.webp
Открытка 1236,https://otkrytki.top/wp-content/uploads/2024/03/otkrytka-1236.jpg.webp
Открытка 1271,https://otkrytki.top/wp-content/uploads/2024/03/otkrytka-1271.jpg.webp
Открытка 1270,https://otkrytki.top/wp-content/uploads/2024/03/otkrytka-1270.jpg.webp
Прикольная картинка про женщину 1264,https://otkrytki.top/wp-content/uploads/2024/03/otkrytka-1264.jpg.webp
Открытка 1269,https://otkrytki.top/wp-content/uploads/2024/03/otkrytka-1269.jpg.webp
Открытка 1256,https://otkrytki.top/wp-content/uploads/2024/03/otkrytka-1256.jpg.webp
Открытка 1227,https://otkrytki.top/wp-content/uploads/2024/02/otkrytka-1227.jpg.webp
Открытка 1263,https://otkrytki.top/wp-content/uploads/2024/03/otkrytka-1263.jpg.webp
Открытка 1226,https://otkrytki.top/wp-content/uploads/2024/02/otkrytka-1226.jpg.webp
Открытка 1218,https://otkrytki.top/wp-content/uploads/2024/02/otkrytka-1218.gif
Открытка 1238,https://otkrytki.top/wp-content/uploads/2024/03/otkrytka-1238.jpg.webp
Открытка 1223,https://otkrytki.top/wp-content/uploads/2024/02/otkrytka-1223.jpg.webp
Открытка 1255,https://otkrytki.top/wp-content/uploads/2024/03/otkrytka-1255.jpg.webp
Открытка 1221,https://otkrytki.top/wp-content/uploads/2024/02/otkrytka-1221.jpg.webp
Открытка 1231,https://otkrytki.top/wp-content/uploads/2024/03/otkrytka-1231.jpg.webp
Открытка 1214,https://otkrytki.top/wp-content/uploads/2024/02/otkrytka-1214.jpg.webp
Открытка 1233,https://otkrytki.top/wp-content/uploads/2024/03/otkrytka-1233.gif
Открытка 1209,https://otkrytki.top/wp-content/uploads/2024/02/otkrytka-1209.jpg.webp
Открытка 1225,https://otkrytki.top/wp-content/uploads/2024/02/otkrytka-1225.jpg.webp
Открытка 1253,https://otkrytki.top/wp-content/uploads/2024/03/otkrytka-1253.gif
Открытка 1210,https://otkrytki.top/wp-content/uploads/2024/02/otkrytka-1210.jpg.webp
С 8 марта открытка 2,https://otkrytki.top/wp-content/uploads/2024/03/s-8-marta-otkrytka-2.jpg.webp
Открытка 1207,https://otkrytki.top/wp-content/uploads/2024/02/otkrytka-1207.jpg.webp
Открытка 1204,https://otkrytki.top/wp-content/uploads/2024/02/otkrytka-1204.jpg.webp
Открытка 1230,https://otkrytki.top/wp-content/uploads/2024/02/otkrytka-1230.jpg.webp
Открытка 1198,https://otkrytki.top/wp-content/uploads/2024/02/otkrytka-1198.jpg.webp
Открытка 1200,https://otkrytki.top/wp-content/uploads/2024/02/otkrytka-1200.jpg.webp
Открытка 1197,https://otkrytki.top/wp-content/uploads/2024/02/otkrytka-1197.jpg.webp
Открытка 1208,https://otkrytki.top/wp-content/uploads/2024/02/otkrytka-1208.jpg.webp
Открытка 1196,https://otkrytki.top/wp-content/uploads/2024/02/otkrytka-1196.jpg.webp
Открытка 1206,https://otkrytki.top/wp-content/uploads/2024/02/otkrytka-1206.jpg.webp
Открытка 1232,https://otkrytki.top/wp-content/uploads/2024/03/otkrytka-1232.jpg.webp
Открытка 1177,https://otkrytki.top/wp-content/uploads/2024/02/otkrytka-1177.jpg.webp
Открытка 1265,https://otkrytki.top/wp-content/uploads/2024/03/otkrytka-1265.jpg.webp
Открытка 1071,https://otkrytki.top/wp-content/uploads/2024/01/otkrytka-1071.jpg.webp
Открытка 1194,https://otkrytki.top/wp-content/uploads/2024/02/otkrytka-1194.jpg.webp
Открытка 1203,https://otkrytki.top/wp-content/uploads/2024/02/otkrytka-1203.jpg.webp
Открытка 1195,https://otkrytki.top/wp-content/uploads/2024/02/otkrytka-1195.jpg.webp
Открытка 1193,https://otkrytki.top/wp-content/uploads/2024/02/otkrytka-1193.jpg.webp
День кота открытка 4,https://otkrytki.top/wp-content/uploads/2024/02/den-kota-otkrytka-4.jpg.webp
Открытка 1202,https://otkrytki.top/wp-content/uploads/2024/02/otkrytka-1202.jpg.webp
Открытка 1171,https://otkrytki.top/wp-content/uploads/2024/02/otkrytka-1171.jpg.webp
Открытка 1187,https://otkrytki.top/wp-content/uploads/2024/02/otkrytka-1187.gif
Открытка 1181,https://otkrytki.top/wp-content/uploads/2024/02/otkrytka-1181.jpg.webp
Открытка 1170,https://otkrytki.top/wp-content/uploads/2024/02/otkrytka-1170.jpg.webp
Открытка 1179,https://otkrytki.top/wp-content/uploads/2024/02/otkrytka-1179.jpg.webp
Открытка 1114,https://otkrytki.top/wp-content/uploads/2024/01/otkrytka-1114.jpg.webp
Открытка 1212,https://otkrytki.top/wp-content/uploads/2024/02/otkrytka-1212.jpg.webp
Открытка 1169,https://otkrytki.top/wp-content/uploads/2024/02/otkrytka-1169.jpg.webp
Открытка 1163,https://otkrytki.top/wp-content/uploads/2024/02/otkrytka-1163.jpg.webp
Открытка 1188,https://otkrytki.top/wp-content/uploads/2024/02/otkrytka-1188.gif
Открытка 1175,https://otkrytki.top/wp-content/uploads/2024/02/otkrytka-1175.jpg.webp
Смешная картинка про женщину 1167,https://otkrytki.top/wp-content/uploads/2024/02/otkrytka-1167.jpg.webp
Открытка 1148,https://otkrytki.top/wp-content/uploads/2024/02/otkrytka-1148.jpg.webp
Открытка 1161,https://otkrytki.top/wp-content/uploads/2024/02/otkrytka-1161.jpg.webp
23 февраля открытка 1,https://otkrytki.top/wp-content/uploads/2023/11/23-fevralya-otkrytka-1.jpg.webp
Открытка 1160,https://otkrytki.top/wp-content/uploads/2024/02/otkrytka-1160.jpg.webp
Открытка 1166,https://otkrytki.top/wp-content/uploads/2024/02/otkrytka-1166.jpg.webp
Открытка 1126,https://otkrytki.top/wp-content/uploads/2024/01/otkrytka-1126.jpg.webp
Открытка 1155,https://otkrytki.top/wp-content/uploads/2024/02/otkrytka-1155.jpg.webp
Открытка 1125,https://otkrytki.top/wp-content/uploads/2024/01/otkrytka-1125.jpg.webp
Открытка 1151,https://otkrytki.top/wp-content/uploads/2024/02/otkrytka-1151.jpg.webp
Открытка 1124,https://otkrytki.top/wp-content/uploads/2024/01/otkrytka-1124.jpg.webp
Открытка 1157,https://otkrytki.top/wp-content/uploads/2024/02/otkrytka-1157.jpg.webp
Открытка 1122,https://otkrytki.top/wp-content/uploads/2024/01/otkrytka-1122.jpg.webp
Открытка 1145,https://otkrytki.top/wp-content/uploads/2024/02/otkrytka-1145.jpg.webp
Открытка 1090,https://otkrytki.top/wp-content/uploads/2024/01/otkrytka-1090.jpg.webp
Открытка 1130,https://otkrytki.top/wp-content/uploads/2024/02/otkrytka-1130.jpg.webp
Открытка 1115,https://otkrytki.top/wp-content/uploads/2024/01/otkrytka-1115.jpg.webp
Открытка 1139,https://otkrytki.top/wp-content/uploads/2024/02/otkrytka-1139.jpg.webp
Открытка 1137,https://otkrytki.top/wp-content/uploads/2024/02/otkrytka-1137.jpg.webp
Открытка 1152,https://otkrytki.top/wp-content/uploads/2024/02/otkrytka-1152.jpg.webp
Открытка 1113,https://otkrytki.top/wp-content/uploads/2024/01/otkrytka-1113.jpg.webp
С Днем Влюбленных открытка 4,https://otkrytki.top/wp-content/uploads/2024/02/s-dnem-vlyublennyh-otkrytka-4.jpg.webp
Открытка 1184,https://otkrytki.top/wp-content/uploads/2024/02/otkrytka-1184.gif
Открытка 1106,https://otkrytki.top/wp-content/uploads/2024/01/otkrytka-1106.jpg.webp
Открытка 1136,https://otkrytki.top/wp-content/uploads/2024/02/otkrytka-1136.jpg.webp
Открытка 1103,https://otkrytki.top/wp-content/uploads/2024/01/otkrytka-1103.jpg.webp
Открытка 1135,https://otkrytki.top/wp-content/uploads/2024/02/otkrytka-1135.jpg.webp
Открытка 1101,https://otkrytki.top/wp-content/uploads/2024/01/otkrytka-1101.jpg.webp
Открытка 1100,https://otkrytki.top/wp-content/uploads/2024/01/otkrytka-1100.jpg.webp
Открытка 1089,https://otkrytki.top/wp-content/uploads/2024/01/otkrytka-1089.jpg.webp
Открытка 1104,https://otkrytki.top/wp-content/uploads/2024/01/otkrytka-1104.jpg.webp
Открытка 1096,https://otkrytki.top/wp-content/uploads/2024/01/otkrytka-1096.jpg.webp
Открытка 1105,https://otkrytki.top/wp-content/uploads/2024/01/otkrytka-1105.jpg.webp
Открытка 1081,https://otkrytki.top/wp-content/uploads/2024/01/otkrytka-1081.jpg.webp
Открытка 1095,https://otkrytki.top/wp-content/uploads/2024/01/otkrytka-1095.jpg.webp
Открытка 1092,https://otkrytki.top/wp-content/uploads/2024/01/otkrytka-1092.jpg.webp
Открытка 1085,https://otkrytki.top/wp-content/uploads/2024/01/otkrytka-1085.jpg.webp
Открытка 1091,https://otkrytki.top/wp-content/uploads/2024/01/otkrytka-1091.jpg.webp
Открытка 1088,https://otkrytki.top/wp-content/uploads/2024/01/otkrytka-1088.jpg.webp
Открытка 1066,https://otkrytki.top/wp-content/uploads/2024/01/otkrytka-1066.jpg.webp
Открытка 1067,https://otkrytki.top/wp-content/uploads/2024/01/otkrytka-1067.jpg.webp
Открытка 1070,https://otkrytki.top/wp-content/uploads/2024/01/otkrytka-1070.jpg.webp
Открытка 1065,https://otkrytki.top/wp-content/uploads/2024/01/otkrytka-1065.jpg.webp
Открытка 1074,https://otkrytki.top/wp-content/uploads/2024/01/otkrytka-1074.jpg.webp
Открытка 1063,https://otkrytki.top/wp-content/uploads/2024/01/otkrytka-1063.jpg.webp
Открытка 1062,https://otkrytki.top/wp-content/uploads/2024/01/otkrytka-1062.jpg.webp
Открытка 1057,https://otkrytki.top/wp-content/uploads/2024/01/otkrytka-1057.jpg.webp
Открытка 1056,https://otkrytki.top/wp-content/uploads/2024/01/otkrytka-1056.jpg.webp
Открытка 1045,https://otkrytki.top/wp-content/uploads/2024/01/otkrytka-1045.jpg.webp
Открытка 1044,https://otkrytki.top/wp-content/uploads/2024/01/otkrytka-1044.jpg.webp
Открытка 1029,https://otkrytki.top/wp-content/uploads/2024/01/otkrytka-1029.jpg.webp
Открытка 1026,https://otkrytki.top/wp-content/uploads/2024/01/otkrytka-1026.jpg.webp
Открытка 1024,https://otkrytki.top/wp-content/uploads/2024/01/otkrytka-1024.jpg.webp
Открытка 1012,https://otkrytki.top/wp-content/uploads/2024/01/otkrytka-1012.jpg.webp
Открытка 1014,https://otkrytki.top/wp-content/uploads/2024/01/otkrytka-1014.jpg.webp
Открытка 1006,https://otkrytki.top/wp-content/uploads/2024/01/otkrytka-1006.jpg.webp
С Новым Годом открытка 36,https://otkrytki.top/wp-content/uploads/2024/01/s-novym-godom-otkrytka-36.jpg.webp
Открытка 993,https://otkrytki.top/wp-content/uploads/2024/01/otkrytka-993.jpg.webp
Открытка 978,https://otkrytki.top/wp-content/uploads/2023/12/otkrytka-978.jpg.webp
Открытка 975,https://otkrytki.top/wp-content/uploads/2023/12/otkrytka-975.jpg.webp
Открытка 985,https://otkrytki.top/wp-content/uploads/2023/12/otkrytka-985.jpg.webp
Открытка 983,https://otkrytki.top/wp-content/uploads/2023/12/otkrytka-983.jpg.webp
Открытка 970,https://otkrytki.top/wp-content/uploads/2023/12/otkrytka-970.jpg.webp
Открытка 972,https://otkrytki.top/wp-content/uploads/2023/12/otkrytka-972.jpg.webp
Открытка 898,https://otkrytki.top/wp-content/uploads/2023/12/otkrytka-898.jpg.webp
Открытка 967,https://otkrytki.top/wp-content/uploads/2023/12/otkrytka-967.jpg.webp
Открытка 945,https://otkrytki.top/wp-content/uploads/2023/12/otkrytka-945.jpg.webp
Открытка 946,https://otkrytki.top/wp-content/uploads/2023/12/otkrytka-946.jpg.webp
Открытка 900,https://otkrytki.top/wp-content/uploads/2023/12/otkrytka-900.jpg.webp
Открытка 944,https://otkrytki.top/wp-content/uploads/2023/12/otkrytka-944.jpg.webp
Открытка 942,https://otkrytki.top/wp-content/uploads/2023/12/otkrytka-942.jpg.webp
С Новым Годом открытка 2,https://otkrytki.top/wp-content/uploads/2023/11/s-novym-godom-otkrytka-2.jpg.webp
С Новым Годом открытка 30,https://otkrytki.top/wp-content/uploads/2023/12/otkrytka-955_1.jpg.webp
С Новым Годом открытка 19,https://otkrytki.top/wp-content/uploads/2023/12/s-novym-godom-otkrytka-19.jpg.webp
Открытка 941,https://otkrytki.top/wp-content/uploads/2023/12/otkrytka-941.jpg.webp
С Новым Годом открытка 05,https://otkrytki.top/wp-content/uploads/2023/11/s-novym-godom-otkrytka-05.jpg.webp
С Новым Годом открытка 29,https://otkrytki.top/wp-content/uploads/2023/12/s-novym-godom-otkrytka-29.jpg.webp
С Новым Годом открытка 27,https://otkrytki.top/wp-content/uploads/2023/12/s-novym-godom-otkrytka-27.jpg.webp
Открытка 940,https://otkrytki.top/wp-content/uploads/2023/12/otkrytka-940.jpg.webp
Открытка 934,https://otkrytki.top/wp-content/uploads/2023/12/otkrytka-934.jpg.webp
Открытка 933,https://otkrytki.top/wp-content/uploads/2023/12/otkrytka-933.jpg.webp
С Новым Годом открытка 01,https://otkrytki.top/wp-content/uploads/2023/11/s-novym-godom-otkrytka-01.jpg.webp
Открытка 925,https://otkrytki.top/wp-content/uploads/2023/12/otkrytka-925.jpg.webp
Открытка 870,https://otkrytki.top/wp-content/uploads/2023/12/otkrytka-870.jpg.webp
Открытка 929,https://otkrytki.top/wp-content/uploads/2023/12/otkrytka-929.jpg.webp
Открытка 912,https://otkrytki.top/wp-content/uploads/2023/12/otkrytka-912.jpg.webp
С Новым Годом открытка 03,https://otkrytki.top/wp-content/uploads/2023/11/s-novym-godom-otkrytka-03.jpg.webp
Открытка 865,https://otkrytki.top/wp-content/uploads/2023/12/otkrytka-865.jpg.webp
С Новым Годом открытка 10,https://otkrytki.top/wp-content/uploads/2023/12/s-novym-godom-otkrytka-10.jpg.webp
Открытка 864,https://otkrytki.top/wp-content/uploads/2023/12/otkrytka-864.jpg.webp
Открытка 904,https://otkrytki.top/wp-content/uploads/2023/12/otkrytka-904.jpg.webp
С Новым Годом открытка 08,https://otkrytki.top/wp-content/uploads/2023/12/s-novym-godom-otkrytka-08.jpg.webp
Открытка 905,https://otkrytki.top/wp-content/uploads/2023/12/otkrytka-905.jpg.webp
С Новым Годом открытка 09,https://otkrytki.top/wp-content/uploads/2023/12/s-novym-godom-otkrytka-09.jpg.webp
Открытка 859,https://otkrytki.top/wp-content/uploads/2023/12/otkrytka-859.jpg.webp
Открытка 858,https://otkrytki.top/wp-content/uploads/2023/12/otkrytka-858.jpg.webp
Открытка 848,https://otkrytki.top/wp-content/uploads/2023/12/otkrytka-848.jpg.webp
Открытка 839,https://otkrytki.top/wp-content/uploads/2023/12/otkrytka-839.jpg.webp
Открытка 860,https://otkrytki.top/wp-content/uploads/2023/12/otkrytka-860.jpg.webp
Открытка 833,https://otkrytki.top/wp-content/uploads/2023/12/otkrytka-833.jpg.webp
Открытка 835,https://otkrytki.top/wp-content/uploads/2023/12/otkrytka-835.jpg.webp
Открытка 829,https://otkrytki.top/wp-content/uploads/2023/12/otkrytka-829.jpg.webp
Открытка 830,https://otkrytki.top/wp-content/uploads/2023/12/otkrytka-830.jpg.webp
Открытка 823,https://otkrytki.top/wp-content/uploads/2023/12/otkrytka-823.jpg.webp
Открытка 825,https://otkrytki.top/wp-content/uploads/2023/12/otkrytka-825.jpg.webp
Открытка 811,https://otkrytki.top/wp-content/uploads/2023/11/otkrytka-811.jpg.webp
Открытка 807,https://otkrytki.top/wp-content/uploads/2023/11/otkrytka-807.jpg.webp
Открытка 768,https://otkrytki.top/wp-content/uploads/2023/11/otkrytka-768.jpg.webp
Открытка 822,https://otkrytki.top/wp-content/uploads/2023/11/otkrytka-822.jpg.webp
Открытка маме 4,https://otkrytki.top/wp-content/uploads/2023/11/otkrytka-mame-4.jpeg.webp
Открытка 766,https://otkrytki.top/wp-content/uploads/2023/11/otkrytka-766.jpg.webp
Открытка 767,https://otkrytki.top/wp-content/uploads/2023/11/otkrytka-767.jpg.webp
Открытка 773,https://otkrytki.top/wp-content/uploads/2023/11/otkrytka-773.jpg.webp
Открытка 772,https://otkrytki.top/wp-content/uploads/2023/11/otkrytka-772.jpg.webp
Открытка 797,https://otkrytki.top/wp-content/uploads/2023/11/otkrytka-797.jpg.webp
Открытка 796,https://otkrytki.top/wp-content/uploads/2023/11/otkrytka-796.jpg.webp
Открытка 781,https://otkrytki.top/wp-content/uploads/2023/11/s-novym-godom-otkrytka-02.jpg.webp
Открытка 778,https://otkrytki.top/wp-content/uploads/2023/11/otkrytka-778.jpg.webp
Открытка 740,https://otkrytki.top/wp-content/uploads/2023/11/otkrytka-740.jpg.webp
Открытка 761,https://otkrytki.top/wp-content/uploads/2023/11/otkrytka-761.jpg.webp
Открытка 777,https://otkrytki.top/wp-content/uploads/2023/11/otkrytka-777.jpg.webp
Открытка 760,https://otkrytki.top/wp-content/uploads/2023/11/otkrytka-760.jpg.webp
Открытка 703,https://otkrytki.top/wp-content/uploads/2023/11/otkrytka-703.jpg.webp
Открытка 744,https://otkrytki.top/wp-content/uploads/2023/11/otkrytka-744.jpg.webp
Открытка 759,https://otkrytki.top/wp-content/uploads/2023/11/otkrytka-759.jpg.webp
Открытка 764,https://otkrytki.top/wp-content/uploads/2023/11/otkrytka-764.jpg.webp
Открытка 765,https://otkrytki.top/wp-content/uploads/2023/11/otkrytka-765.jpg.webp
Открытка 675,https://otkrytki.top/wp-content/uploads/2023/10/otkrytka-675.jpg.webp
Открытка 697,https://otkrytki.top/wp-content/uploads/2023/11/otkrytka-697.jpg.webp
Открытка 674,https://otkrytki.top/wp-content/uploads/2023/10/otkrytka-674.jpg.webp
Открытка 696,https://otkrytki.top/wp-content/uploads/2023/11/otkrytka-696.jpg.webp
Открытка 749,https://otkrytki.top/wp-content/uploads/2023/11/otkrytka-749.jpg.webp
Открытка 769,https://otkrytki.top/wp-content/uploads/2023/11/otkrytka-769.jpg.webp
Открытка 673,https://otkrytki.top/wp-content/uploads/2023/10/otkrytka-673.jpg.webp
Открытка 695,https://otkrytki.top/wp-content/uploads/2023/11/otkrytka-695.jpg.webp
день бухгалтера (открытка 04),https://otkrytki.top/wp-content/uploads/2023/11/den-buhgaltera-otkrytka-04.jpg.webp
Открытка 672,https://otkrytki.top/wp-content/uploads/2023/10/otkrytka-672.jpg.webp
Открытка 693,https://otkrytki.top/wp-content/uploads/2023/11/otkrytka-693.jpg.webp
Открытка 671,https://otkrytki.top/wp-content/uploads/2023/10/otkrytka-671.jpg.webp
Открытка 669,https://otkrytki.top/wp-content/uploads/2023/10/otkrytka-669.jpg.webp
Открытка 668,https://otkrytki.top/wp-content/uploads/2023/10/otkrytka-668.jpg.webp
Открытка 667,https://otkrytki.top/wp-content/uploads/2023/10/otkrytka-667.jpg.webp
Открытка 692,https://otkrytki.top/wp-content/uploads/2023/11/otkrytka-692.jpg.webp
Открытка 665,https://otkrytki.top/wp-content/uploads/2023/10/otkrytka-665.jpg.webp
Открытка 664,https://otkrytki.top/wp-content/uploads/2023/10/otkrytka-664.jpg.webp
Открытка 748,https://otkrytki.top/wp-content/uploads/2023/11/otkrytka-748.jpg.webp
Открытка 662,https://otkrytki.top/wp-content/uploads/2023/10/otkrytka-662.jpg.webp
Открытка 661,https://otkrytki.top/wp-content/uploads/2023/10/otkrytka-661.jpg.webp
Открытка 660,https://otkrytki.top/wp-content/uploads/2023/10/otkrytka-660.jpg.webp
Открытка 654,https://otkrytki.top/wp-content/uploads/2023/10/otkrytka-654.jpg.webp
Открытка 657,https://otkrytki.top/wp-content/uploads/2023/10/otkrytka-657.jpg.webp
Открытка 653,https://otkrytki.top/wp-content/uploads/2023/10/otkrytka-653.jpg.webp
Открытка 656,https://otkrytki.top/wp-content/uploads/2023/10/otkrytka-656.jpg.webp
Открытка 643,https://otkrytki.top/wp-content/uploads/2023/10/otkrytka-643.jpg.webp
Открытка 651,https://otkrytki.top/wp-content/uploads/2023/10/otkrytka-651.jpg.webp
Открытка 642,https://otkrytki.top/wp-content/uploads/2023/10/otkrytka-642.jpg.webp
Открытка 647,https://otkrytki.top/wp-content/uploads/2023/10/otkrytka-647.jpg.webp
Открытка 641,https://otkrytki.top/wp-content/uploads/2023/10/otkrytka-641.jpg.webp
Открытка 640,https://otkrytki.top/wp-content/uploads/2023/10/otkrytka-640.jpg.webp
Открытка 639,https://otkrytki.top/wp-content/uploads/2023/10/otkrytka-639.jpg.webp
Открытка 646,https://otkrytki.top/wp-content/uploads/2023/10/otkrytka-646.jpg.webp
Открытка 638,https://otkrytki.top/wp-content/uploads/2023/10/otkrytka-638.jpg.webp
Открытка 666,https://otkrytki.top/wp-content/uploads/2023/10/otkrytka-666.jpg.webp
Открытка 636,https://otkrytki.top/wp-content/uploads/2023/10/otkrytka-636.jpg.webp
Открытка 648,https://otkrytki.top/wp-content/uploads/2023/10/otkrytka-648.jpg.webp
Открытка 635,https://otkrytki.top/wp-content/uploads/2023/10/otkrytka-635.jpg.webp
Открытка 634,https://otkrytki.top/wp-content/uploads/2023/10/otkrytka-634.jpg.webp
Открытка 633,https://otkrytki.top/wp-content/uploads/2023/10/otkrytka-633.jpg.webp
Открытка 645,https://otkrytki.top/wp-content/uploads/2023/10/otkrytka-645.jpg.webp
Открытка 629,https://otkrytki.top/wp-content/uploads/2023/10/otkrytka-629.jpg.webp
Открытка 630,https://otkrytki.top/wp-content/uploads/2023/10/otkrytka-630.jpg.webp
Открытка 626,https://otkrytki.top/wp-content/uploads/2023/10/otkrytka-626.jpg.webp
Открытка 624,https://otkrytki.top/wp-content/uploads/2023/10/otkrytka-624.jpg.webp
Открытка 623,https://otkrytki.top/wp-content/uploads/2023/10/otkrytka-623.jpg.webp
Открытка 616,https://otkrytki.top/wp-content/uploads/2023/10/otkrytka-616.jpg.webp
Открытка 617,https://otkrytki.top/wp-content/uploads/2023/10/otkrytka-617.jpg.webp
Открытка 676,https://otkrytki.top/wp-content/uploads/2023/10/otkrytka-676.jpg.webp
Открытка 618,https://otkrytki.top/wp-content/uploads/2023/10/otkrytka-618.jpg.webp
Открытка 614,https://otkrytki.top/wp-content/uploads/2023/10/otkrytka-614.jpg.webp
Открытка 613,https://otkrytki.top/wp-content/uploads/2023/10/otkrytka-613.jpg.webp
Открытка 606,https://otkrytki.top/wp-content/uploads/2023/10/otkrytka-606.jpg.webp
Картинка со смыслом 604,https://otkrytki.top/wp-content/uploads/2023/10/otkrytka-604.jpg.webp
Открытка 619,https://otkrytki.top/wp-content/uploads/2023/10/otkrytka-619.jpg.webp
Смешная картинка про настроение 599,https://otkrytki.top/wp-content/uploads/2023/10/otkrytka-599.jpg.webp
Открытка 595,https://otkrytki.top/wp-content/uploads/2023/10/otkrytka-595.jpg.webp
Открытка 602,https://otkrytki.top/wp-content/uploads/2023/10/otkrytka-602.jpg.webp
Открытка 594,https://otkrytki.top/wp-content/uploads/2023/10/otkrytka-594.jpg.webp
Открытка 597,https://otkrytki.top/wp-content/uploads/2023/10/otkrytka-597.jpg.webp
Открытка 596,https://otkrytki.top/wp-content/uploads/2023/10/otkrytka-596.jpg.webp
Открытка 587,https://otkrytki.top/wp-content/uploads/2023/10/otkrytka-587.jpg.webp
Открытка 581,https://otkrytki.top/wp-content/uploads/2023/10/otkrytka-581.jpg.webp
Открытка 572,https://otkrytki.top/wp-content/uploads/2023/10/otkrytka-572.jpg.webp
Открытка 567,https://otkrytki.top/wp-content/uploads/2023/10/567_otkrytka.jpg.webp
Открытка 569,https://otkrytki.top/wp-content/uploads/2023/10/otkrytka-569.jpg.webp
Открытка 568,https://otkrytki.top/wp-content/uploads/2023/10/568_otkrytka.jpg.webp
Открытка 561,https://otkrytki.top/wp-content/uploads/2023/10/561_otkrytka.jpg.webp
Открытка 565,https://otkrytki.top/wp-content/uploads/2023/10/565_otkrytka.jpg.webp
Открытка 562,https://otkrytki.top/wp-content/uploads/2023/10/562_otkrytka.jpg.webp
Открытка 560,https://otkrytki.top/wp-content/uploads/2023/10/560_otkrytka.jpg.webp
Открытка 553,https://otkrytki.top/wp-content/uploads/2023/10/553_otkrytka.jpg.webp
Открытка 557,https://otkrytki.top/wp-content/uploads/2023/10/557_otkrytka.jpg.webp
Открытка 549,https://otkrytki.top/wp-content/uploads/2023/09/549_otkrytka.jpg.webp
Открытка 546,https://otkrytki.top/wp-content/uploads/2023/09/546_otkrytka.jpg.webp
Открытка 543,https://otkrytki.top/wp-content/uploads/2023/09/543_otkrytka.jpg.webp
Открытка 533,https://otkrytki.top/wp-content/uploads/2023/09/533_otkrytka.jpg.webp
Открытка 541,https://otkrytki.top/wp-content/uploads/2023/09/541_otkrytka.jpg.webp
Открытка 571,https://otkrytki.top/wp-content/uploads/2023/10/otkrytka-571.jpg.webp
Открытка 525,https://otkrytki.top/wp-content/uploads/2023/09/525_otkrytka.jpg.webp
Открытка 524,https://otkrytki.top/wp-content/uploads/2023/09/524_otkrytka.jpg.webp
Открытка 540,https://otkrytki.top/wp-content/uploads/2023/09/540_otkrytka.jpg.webp
Открытка 532,https://otkrytki.top/wp-content/uploads/2023/09/532_otkrytka.jpg.webp
Открытка 536,https://otkrytki.top/wp-content/uploads/2023/09/536_otkrytka.jpg.webp
Открытка 521,https://otkrytki.top/wp-content/uploads/2023/09/521_otkrytka.jpg.webp
Открытка 534,https://otkrytki.top/wp-content/uploads/2023/09/534_otkrytka.jpg.webp
Открытка 530,https://otkrytki.top/wp-content/uploads/2023/09/530_otkrytka.jpg.webp
Открытка 518,https://otkrytki.top/wp-content/uploads/2023/09/518_otkrytka.jpg.webp
Открытка 517,https://otkrytki.top/wp-content/uploads/2023/09/517_otkrytka.jpg.webp
Открытка 515,https://otkrytki.top/wp-content/uploads/2023/09/515_otkrytka.jpg.webp
Открытка 514,https://otkrytki.top/wp-content/uploads/2023/09/514_otkrytka.jpg.webp
Открытка 513,https://otkrytki.top/wp-content/uploads/2023/09/513_otkrytka.jpg.webp
Открытка 510,https://otkrytki.top/wp-content/uploads/2023/09/510_otkrytka.jpg.webp
Открытка 509,https://otkrytki.top/wp-content/uploads/2023/09/509_otkrytka.jpg.webp
Открытка 507,https://otkrytki.top/wp-content/uploads/2023/09/507_otkrytka.jpg.webp
Открытка 504,https://otkrytki.top/wp-content/uploads/2023/09/504_otkrytka.jpg.webp
Открытка 497,https://otkrytki.top/wp-content/uploads/2023/09/497_otkrytka.jpg.webp
Открытка 498,https://otkrytki.top/wp-content/uploads/2023/09/498_otkrytka.jpg.webp
Открытка 499,https://otkrytki.top/wp-content/uploads/2023/09/499_otkrytka.jpg.webp
Открытка 493,https://otkrytki.top/wp-content/uploads/2023/09/493_otkrytka.jpg.webp
Открытка 487,https://otkrytki.top/wp-content/uploads/2023/09/487_otkrytka.jpg.webp
Открытка 490,https://otkrytki.top/wp-content/uploads/2023/09/490_otkrytka.jpg.webp
Открытка 506,https://otkrytki.top/wp-content/uploads/2023/09/506_otkrytka.jpg.webp
Открытка 481,https://otkrytki.top/wp-content/uploads/2023/09/481_otkrytka.jpg.webp
Открытка 495,https://otkrytki.top/wp-content/uploads/2023/09/495_otkrytka.jpg.webp
Открытка 484,https://otkrytki.top/wp-content/uploads/2023/09/484_otkrytka.jpg.webp
Открытка 485,https://otkrytki.top/wp-content/uploads/2023/09/485_otkrytka.jpg.webp
Открытка 479,https://otkrytki.top/wp-content/uploads/2023/09/479_otkrytka.jpg.webp
Открытка 476,https://otkrytki.top/wp-content/uploads/2023/09/476_otkrytka.jpg.webp
Открытка 474,https://otkrytki.top/wp-content/uploads/2023/09/474_otkrytka.jpg.webp
Открытка 473,https://otkrytki.top/wp-content/uploads/2023/09/473_otkrytka.jpg.webp
Открытка 470,https://otkrytki.top/wp-content/uploads/2023/09/470_otkrytka.jpg.webp
Открытка 471,https://otkrytki.top/wp-content/uploads/2023/09/471_otkrytka.jpg.webp
Открытка 459,https://otkrytki.top/wp-content/uploads/2023/09/459_otkrytka.jpg.webp
Открытка 457,https://otkrytki.top/wp-content/uploads/2023/09/457_otkrytka.jpg.webp
Открытка 452,https://otkrytki.top/wp-content/uploads/2023/09/452_otkrytka.jpg.webp
Открытка 450,https://otkrytki.top/wp-content/uploads/2023/09/450_otkrytka.jpg.webp
Открытка 451,https://otkrytki.top/wp-content/uploads/2023/09/451_otkrytka.jpg.webp
Открытка 439,https://otkrytki.top/wp-content/uploads/2023/09/439_otkrytka.jpg.webp
Открытка 435,https://otkrytki.top/wp-content/uploads/2023/09/435_otkrytka.jpg.webp
Открытка 434,https://otkrytki.top/wp-content/uploads/2023/09/434_otkrytka.jpg.webp
Открытка 433,https://otkrytki.top/wp-content/uploads/2023/09/433_otkrytka.jpg.webp
Открытка 441,https://otkrytki.top/wp-content/uploads/2023/09/441_otkrytka.jpg.webp
Открытка 423,https://otkrytki.top/wp-content/uploads/2023/09/423_otkrytka.jpg.webp
Открытка 422,https://otkrytki.top/wp-content/uploads/2023/09/422_otkrytka.jpg.webp
Открытка 425,https://otkrytki.top/wp-content/uploads/2023/09/425_otkrytka.jpg.webp
Открытка 421,https://otkrytki.top/wp-content/uploads/2023/09/421_otkrytka.jpg.webp
Открытка 415,https://otkrytki.top/wp-content/uploads/2023/08/415_otkrytka.jpg.webp
Открытка 406,https://otkrytki.top/wp-content/uploads/2023/08/406_otkrytka.jpg.webp
Открытка 390,https://otkrytki.top/wp-content/uploads/2023/08/390_otkrytka.jpg.webp
Открытка 389,https://otkrytki.top/wp-content/uploads/2023/08/389_otkrytka.jpg.webp
Открытка 386,https://otkrytki.top/wp-content/uploads/2023/08/386_otkrytka.jpg.webp
Открытка 387,https://otkrytki.top/wp-content/uploads/2023/08/387_otkrytka.jpg.webp
Открытка 385,https://otkrytki.top/wp-content/uploads/2023/08/385_otkrytka.jpg.webp
Открытка 379,https://otkrytki.top/wp-content/uploads/2023/08/379_otkrytka.jpg.webp
Открытка 380,https://otkrytki.top/wp-content/uploads/2023/08/380_otkrytka.jpg.webp
Открытка 377,https://otkrytki.top/wp-content/uploads/2023/08/377_otkrytka.jpg.webp
Открытка 375,https://otkrytki.top/wp-content/uploads/2023/08/375_otkrytka.jpg.webp
Открытка 371,https://otkrytki.top/wp-content/uploads/2023/08/371_otkrytka.jpg.webp
Открытка 365,https://otkrytki.top/wp-content/uploads/2023/08/365_otkrytka.jpg.webp
Открытка 364,https://otkrytki.top/wp-content/uploads/2023/08/364_otkrytka.jpg.webp
Открытка 357,https://otkrytki.top/wp-content/uploads/2023/08/357_otkrytka.jpg.webp
Открытка 354,https://otkrytki.top/wp-content/uploads/2023/08/354_otkrytka.jpg.webp
Открытка 353,https://otkrytki.top/wp-content/uploads/2023/08/353_otkrytka.jpg.webp
Открытка 351,https://otkrytki.top/wp-content/uploads/2023/08/351_otkrytka.jpg.webp
Открытка 333,https://otkrytki.top/wp-content/uploads/2023/08/333_otkrytka.jpg.webp
Открытка 339,https://otkrytki.top/wp-content/uploads/2023/08/339_otkrytka.jpg.webp
Открытка 341,https://otkrytki.top/wp-content/uploads/2023/08/341_otkrytka.jpg.webp
Открытка 320,https://otkrytki.top/wp-content/uploads/2023/08/320_otkrytka.jpg.webp
Открытка 342,https://otkrytki.top/wp-content/uploads/2023/08/342_otkrytka.jpg.webp
Открытка 318,https://otkrytki.top/wp-content/uploads/2023/08/318_otkrytka.jpg.webp
Открытка 317,https://otkrytki.top/wp-content/uploads/2023/08/317_otkrytka_1.jpg.webp
Открытка 299,https://otkrytki.top/wp-content/uploads/2023/08/299_otkrytka.jpg.webp
Открытка 306,https://otkrytki.top/wp-content/uploads/2023/08/306_otkrytka_01.jpg.webp
Открытка 305,https://otkrytki.top/wp-content/uploads/2023/08/305_otkrytka.jpg.webp
Открытка 304,https://otkrytki.top/wp-content/uploads/2023/08/304_otkrytka.jpg.webp
Открытка 294,https://otkrytki.top/wp-content/uploads/2023/08/294_otkrytka.jpg.webp
Открытка 293,https://otkrytki.top/wp-content/uploads/2023/08/293_otkrytka.jpg.webp
Открытка 292,https://otkrytki.top/wp-content/uploads/2023/08/292_otkrytka.jpg.webp
Открытка 291,https://otkrytki.top/wp-content/uploads/2023/08/291_otkrytka.jpg.webp
Открытка 28,https://otkrytki.top/wp-content/uploads/2023/08/287_otkrytka.jpg.webp
Открытка 279,https://otkrytki.top/wp-content/uploads/2023/08/279_otkrytka.jpg.webp
Открытка 254,https://otkrytki.top/wp-content/uploads/2023/07/254_otkrytka.jpg.webp
Открытка 249,https://otkrytki.top/wp-content/uploads/2023/07/249_otkrytka.jpg.webp
Открытка 245,https://otkrytki.top/wp-content/uploads/2023/07/245_otkrytka.jpg.webp
Открытка 237,https://otkrytki.top/wp-content/uploads/2023/07/237_otkrytka.jpg.webp
Открытка 242,https://otkrytki.top/wp-content/uploads/2023/07/242_otkrytka.jpg.webp
Открытка 229,https://otkrytki.top/wp-content/uploads/2023/07/229_otkrytka.jpg.webp
Открытка 236,https://otkrytki.top/wp-content/uploads/2023/07/236_otkrytka.jpg.webp
Открытка 228,https://otkrytki.top/wp-content/uploads/2023/07/228_otkrytka.jpg.webp
Открытка 224,https://otkrytki.top/wp-content/uploads/2023/07/224_otkrytka.jpg.webp
Открытка 222,https://otkrytki.top/wp-content/uploads/2023/07/222_otkrytka.jpg.webp
Открытка 223,https://otkrytki.top/wp-content/uploads/2023/07/223_otkrytka.jpg.webp
Открытка 221,https://otkrytki.top/wp-content/uploads/2023/07/221_otkrytka.jpg.webp
Открытка 220,https://otkrytki.top/wp-content/uploads/2023/07/220_otkrytka.jpg.webp
Открытка 212,https://otkrytki.top/wp-content/uploads/2023/07/212_otkrytka.jpg.webp
Открытка 199,https://otkrytki.top/wp-content/uploads/2023/07/199_otkrytka.jpg.webp
Открытка 211,https://otkrytki.top/wp-content/uploads/2023/07/211_otkrytka.jpg.webp
Открытка 208,https://otkrytki.top/wp-content/uploads/2023/07/208_otkrytka.jpg.webp
Открытка 206,https://otkrytki.top/wp-content/uploads/2023/07/206_otkrytka.jpg.webp
Открытка 207,https://otkrytki.top/wp-content/uploads/2023/07/207_otkrytka.jpg.webp
Открытка 202,https://otkrytki.top/wp-content/uploads/2023/07/202_otkrytka.jpg.webp
Открытка 200,https://otkrytki.top/wp-content/uploads/2023/07/200_otkrytka.jpg.webp
Открытка 194,https://otkrytki.top/wp-content/uploads/2023/07/194_otkrytka.jpg.webp
Открытка 193,https://otkrytki.top/wp-content/uploads/2023/07/193_otkrytka.jpg.webp
Открытка 192,https://otkrytki.top/wp-content/uploads/2023/07/192_otkrytka.jpg.webp
Открытка 196,https://otkrytki.top/wp-content/uploads/2023/07/196_otkrytka.jpg.webp
Открытка 182,https://otkrytki.top/wp-content/uploads/2023/07/182_otkrytka.jpg.webp
Открытка 195,https://otkrytki.top/wp-content/uploads/2023/07/195_otkrytka.jpg.webp
Открытка 181,https://otkrytki.top/wp-content/uploads/2023/07/181_otkrytka.jpg.webp
Открытка 172,https://otkrytki.top/wp-content/uploads/2023/07/172_otkrytka.jpg.webp
Открытка 170,https://otkrytki.top/wp-content/uploads/2023/07/170_otkrytka.jpg.webp
Открытка 175,https://otkrytki.top/wp-content/uploads/2023/07/175_otkrytka.jpg.webp
Открытка 179,https://otkrytki.top/wp-content/uploads/2023/07/179_otkrytka.jpg.webp
Открытка 137,https://otkrytki.top/wp-content/uploads/2023/07/137_otkrytka.jpg.webp
Открытка 169,https://otkrytki.top/wp-content/uploads/2023/07/169_otkrytka.jpg.webp
Открытка 167,https://otkrytki.top/wp-content/uploads/2023/07/167_otkrytka.jpg.webp
Открытка 164,https://otkrytki.top/wp-content/uploads/2023/07/164_otkrytka.jpg.webp
Открытка 168,https://otkrytki.top/wp-content/uploads/2023/07/168_otkrytka.jpg.webp
Открытка 163,https://otkrytki.top/wp-content/uploads/2023/07/163_otkrytka.jpg.webp
Открытка 191,https://otkrytki.top/wp-content/uploads/2023/07/191_otkrytka.jpg.webp
Открытка 183,https://otkrytki.top/wp-content/uploads/2023/07/183_otkrytka.jpg.webp
Открытка 160,https://otkrytki.top/wp-content/uploads/2023/07/160_otkrytka.jpg.webp
Открытка 151,https://otkrytki.top/wp-content/uploads/2023/07/151_otkrytka.jpg.webp
Открытка 156,https://otkrytki.top/wp-content/uploads/2023/07/156_otkrytka.jpg.webp
Открытка 150,https://otkrytki.top/wp-content/uploads/2023/07/150_otkrytka.jpg.webp
Открытка 155,https://otkrytki.top/wp-content/uploads/2023/07/155_otkrytka.jpg.webp
Открытка 142,https://otkrytki.top/wp-content/uploads/2023/07/142_otkrytka.jpg.webp
Открытка 149,https://otkrytki.top/wp-content/uploads/2023/07/149_otkrytka.jpg.webp
Открытка 141,https://otkrytki.top/wp-content/uploads/2023/07/141_otkrytka.jpg.webp
Открытка 136,https://otkrytki.top/wp-content/uploads/2023/07/136_otkrytka.jpg.webp
Открытка 124,https://otkrytki.top/wp-content/uploads/2023/07/124_otkrytka.jpg.webp
Открытка 147,https://otkrytki.top/wp-content/uploads/2023/07/147_otkrytka.jpg.webp
Открытка 140,https://otkrytki.top/wp-content/uploads/2023/07/140_otkrytka.jpg.webp
Открытка 148,https://otkrytki.top/wp-content/uploads/2023/07/148_otkrytka.jpg.webp
Открытка 123,https://otkrytki.top/wp-content/uploads/2023/07/123_otkrytka.jpg.webp
Открытка 139,https://otkrytki.top/wp-content/uploads/2023/07/139_otkrytka.jpg.webp
Открытка 144,https://otkrytki.top/wp-content/uploads/2023/07/144_otkrytka.jpg.webp
Открытка 121,https://otkrytki.top/wp-content/uploads/2023/07/121_otkrytka.jpg.webp
Открытка 138,https://otkrytki.top/wp-content/uploads/2023/07/138_otkrytka.jpg.webp
Открытка 143,https://otkrytki.top/wp-content/uploads/2023/07/143_otkrytka.jpg.webp
Открытка 153,https://otkrytki.top/wp-content/uploads/2023/07/153_otkrytka.jpg.webp
Открытка 152,https://otkrytki.top/wp-content/uploads/2023/07/152_otkrytka.jpg.webp
Открытка 135,https://otkrytki.top/wp-content/uploads/2023/07/135_otkrytka.jpg.webp
Открытка 132,https://otkrytki.top/wp-content/uploads/2023/07/132_otkrytka.jpg.webp
Открытка 133,https://otkrytki.top/wp-content/uploads/2023/07/133_otkrytka.jpg.webp
Открытка 130,https://otkrytki.top/wp-content/uploads/2023/07/130_otkrytka.jpg.webp
Открытка 134,https://otkrytki.top/wp-content/uploads/2023/07/134_otkrytka.jpg.webp
Открытка 122,https://otkrytki.top/wp-content/uploads/2023/07/122_otkrytka.jpg.webp
открытка 63,https://otkrytki.top/wp-content/uploads/2023/06/63_otkrytka.jpg.webp
Открытка 128,https://otkrytki.top/wp-content/uploads/2023/07/128_otkrytka.jpg.webp
Открытка 109,https://otkrytki.top/wp-content/uploads/2023/07/109_otkrytka.jpg.webp
Открытка 107,https://otkrytki.top/wp-content/uploads/2023/07/107_otkrytka.jpg.webp
Открытка 104,https://otkrytki.top/wp-content/uploads/2023/06/104_otkrytka.jpg.webp
Открытка 106,https://otkrytki.top/wp-content/uploads/2023/07/106_otkrytka.jpg.webp
Открытка 105,https://otkrytki.top/wp-content/uploads/2023/06/105_otkrytka.jpg.webp
Открытка 101,https://otkrytki.top/wp-content/uploads/2023/06/101_otkrytka.jpg.webp
Открытка 103,https://otkrytki.top/wp-content/uploads/2023/06/103_otkrytka.jpg.webp
открытка 64,https://otkrytki.top/wp-content/uploads/2023/06/64_otkrytka.jpg.webp
Открытка 102,https://otkrytki.top/wp-content/uploads/2023/06/102_otkrytka.jpg.webp
Открытка Твой торт с каждым годом горит всё ярче,https://otkrytki.top/wp-content/uploads/2023/06/95_otkrytka.jpg.webp
Открытка 97,https://otkrytki.top/wp-content/uploads/2023/06/97_otkrytka_01.jpg.webp
Открытка 90,https://otkrytki.top/wp-content/uploads/2023/06/90_otkrytka.jpg.webp
Открытка 88,https://otkrytki.top/wp-content/uploads/2023/06/88_otkrytka.jpg.webp
Открытка 93,https://otkrytki.top/wp-content/uploads/2023/06/93_otkrytka.jpg.webp
Открытка 89,https://otkrytki.top/wp-content/uploads/2023/06/89_otkrytka_01.jpg.webp
Открыта 81,https://otkrytki.top/wp-content/uploads/2023/06/81_otkrytka.jpg.webp
открытка 80,https://otkrytki.top/wp-content/uploads/2023/06/80_otkrytka.jpg.webp
Открытка 87,https://otkrytki.top/wp-content/uploads/2023/06/87_otkrytka.jpg.webp
открытка 79,https://otkrytki.top/wp-content/uploads/2023/06/79_otkrytka.jpg.webp
Открытка 94,https://otkrytki.top/wp-content/uploads/2023/06/94_otkrytka.jpg.webp
открытка 78,https://otkrytki.top/wp-content/uploads/2023/06/78_otkrytka.jpg.webp
открытка 77,https://otkrytki.top/wp-content/uploads/2023/06/77_otkrytka.jpg.webp
открытка 70,https://otkrytki.top/wp-content/uploads/2023/06/70_otkrytka.jpg.webp
открытка 76,https://otkrytki.top/wp-content/uploads/2023/06/76_otkrytka.jpg.webp
открытка 68,https://otkrytki.top/wp-content/uploads/2023/06/68_otkrytka.jpg.webp
открытка 75,https://otkrytki.top/wp-content/uploads/2023/06/75_otkrytka.jpg.webp
открытка 72,https://otkrytki.top/wp-content/uploads/2023/06/72_otkrytka.jpg.webp
открытка 66,https://otkrytki.top/wp-content/uploads/2023/06/66_otkrytka.jpg.webp
открытка 73,https://otkrytki.top/wp-content/uploads/2023/06/73_otkrytka.jpg.webp
открытка 65,https://otkrytki.top/wp-content/uploads/2023/06/65_otkrytka.jpg.webp
Открытка 51,https://otkrytki.top/wp-content/uploads/2023/06/51_otkrytka_1.jpg.webp
Открытка 61,https://otkrytki.top/wp-content/uploads/2023/06/61_otkrytka.jpg.webp
Открытка 48,https://otkrytki.top/wp-content/uploads/2023/06/48_otkrytka.jpg.webp
Открытка 47,https://otkrytki.top/wp-content/uploads/2023/06/47_otkrytka.jpg.webp
Открытка 62,https://otkrytki.top/wp-content/uploads/2023/06/62_otkrytka.jpg.webp
Открытка 54,https://otkrytki.top/wp-content/uploads/2023/06/54_otkrytka.jpg.webp
Открытка 46,https://otkrytki.top/wp-content/uploads/2023/06/46_otkrytka.jpg.webp
Открытка 55,https://otkrytki.top/wp-content/uploads/2023/06/55_otkrytka.jpg.webp
Открытка 53,https://otkrytki.top/wp-content/uploads/2023/06/53_otkrytka.jpg.webp
Открытка 60,https://otkrytki.top/wp-content/uploads/2023/06/60_otkrytka.jpg.webp
Открытка 44,https://otkrytki.top/wp-content/uploads/2023/06/44_otkrytka.jpg.webp
открытка 43,https://otkrytki.top/wp-content/uploads/2023/06/43_otkrytka.jpg.webp
Открытка 57,https://otkrytki.top/wp-content/uploads/2023/06/57_otkrytka.jpg.webp
открытка 40,https://otkrytki.top/wp-content/uploads/2023/06/40_otkrytka.jpg.webp
открытка 41,https://otkrytki.top/wp-content/uploads/2023/06/41_otkrytka.jpg.webp
Открытка 36,https://otkrytki.top/wp-content/uploads/2023/06/36_otkrytka.jpg.webp
Открытка 31,https://otkrytki.top/wp-content/uploads/2023/06/31_otkrytka.jpg.webp
Открытка 33,https://otkrytki.top/wp-content/uploads/2023/06/33_otkrytka.jpg.webp
открытка 37,https://otkrytki.top/wp-content/uploads/2023/06/37_otkrytka.jpg.webp
открытка 35,https://otkrytki.top/wp-content/uploads/2023/06/35_otkrytka.jpg.webp
Открытка 32,https://otkrytki.top/wp-content/uploads/2023/06/32_otkrytka.jpg.webp
открытка 42,https://otkrytki.top/wp-content/uploads/2023/06/42_otkrytka.jpg.webp
Открытка 26,https://otkrytki.top/wp-content/uploads/2023/06/26_otkrytka.jpg.webp
Открытка 28,https://otkrytki.top/wp-content/uploads/2023/06/28_otkrytka.jpg.webp
Открытка 22,https://otkrytki.top/wp-content/uploads/2023/05/22_otkrytka.jpg.webp
(Открытка 24),https://otkrytki.top/wp-content/uploads/2023/05/24_otkrytka.jpg.webp
Открытка 21,https://otkrytki.top/wp-content/uploads/2023/05/21_otkrytka.jpg.webp
Открытка 20,https://otkrytki.top/wp-content/uploads/2023/05/20_otkrytka.jpg.webp
Открытка 19,https://otkrytki.top/wp-content/uploads/2023/05/19_otkrytka.jpg.webp
Открытка 15,https://otkrytki.top/wp-content/uploads/2023/05/15_otkrytka.jpg.webp
Открытка 13,https://otkrytki.top/wp-content/uploads/2023/05/013_otkrytka.jpg.webp
Открытка 12,https://otkrytki.top/wp-content/uploads/2023/05/12_otkrytka.jpg.webp
Открытка 16,https://otkrytki.top/wp-content/uploads/2023/05/16_otkrytka.jpg.webp
Открытка 18,https://otkrytki.top/wp-content/uploads/2023/05/18_otkrytka.jpg.webp
Открытка 10,https://otkrytki.top/wp-content/uploads/2023/05/10_otkrytka.jpg.webp
Открытка 09,https://otkrytki.top/wp-content/uploads/2023/05/9_otkrytka.jpg.webp
Открытка 14,https://otkrytki.top/wp-content/uploads/2023/05/14_otkrytka.jpg.webp
Открытка 08,https://otkrytki.top/wp-content/uploads/2023/05/8_otkrytka.jpg.webp
Открытка 7,https://otkrytki.top/wp-content/uploads/2023/05/7_otkrytka-1.jpg.webp
,https://otkrytki.top/wp-content/uploads/2023/05/6_otkrytka-1.jpg.webp
,https://otkrytki.top/wp-content/uploads/2023/05/0_otkrytka-scaled.jpg
5_otkrytka,https://otkrytki.top/wp-content/uploads/2023/05/5_otkrytka.jpg.webp
4_otkrytka,https://otkrytki.top/wp-content/uploads/2023/05/4_otkrytka.jpg.webp
3_otkrytka,https://otkrytki.top/wp-content/uploads/2023/05/3_otkrytka.jpg.webp
2_otkrytka,https://otkrytki.top/wp-content/uploads/2023/05/2_otkrytka.jpg.webp
1_otkrytka,https://otkrytki.top/wp-content/uploads/2023/05/1_otkrytka.jpg.webp
Открытка Выходных требуют наши сердца 4552,https://otkrytki.top/wp-content/uploads/2026/08/otkrytka-4552.jpg.webp
Открытка гороскоп для всех знаков зодиака 4545,https://otkrytki.top/wp-content/uploads/2026/08/otkrytka-4545.jpg.webp
Открытка Ане 4560,https://otkrytki.top/wp-content/uploads/2026/08/otkrytka-4560.jpg.webp
Открытка мужчине от женщины 4551,https://otkrytki.top/wp-content/uploads/2026/08/otkrytka-4551.jpg.webp
Открытка Вы офигели 4543,https://otkrytki.top/wp-content/uploads/2026/08/otkrytka-4543.jpg.webp
Картинка Путь к сердцу женщины 4544,https://otkrytki.top/wp-content/uploads/2026/08/otkrytka-4544.jpg.webp
Открытка Выпила я к ночи пару маргарит 4536,https://otkrytki.top/wp-content/uploads/2026/08/otkrytka-4536.jpg.webp
Картинка Я милая 4500,https://otkrytki.top/wp-content/uploads/2026/08/otkrytka-4500.jpg.webp
Картинка Я люблю рок 4507,https://otkrytki.top/wp-content/uploads/2026/08/otkrytka-4507.jpg.webp
Картинка я живу фантазиями 4482,https://otkrytki.top/wp-content/uploads/2026/08/otkrytka-4482.jpg.webp
Открытка Надо бить добрее 4447,https://otkrytki.top/wp-content/uploads/2026/08/otkrytka-4447.jpg.webp
Картинка про меня 4431,https://otkrytki.top/wp-content/uploads/2026/07/otkrytka-4431.jpg.webp
"Вы такая стройная, на диете 4448",https://otkrytki.top/wp-content/uploads/2026/08/otkrytka-4448.jpg.webp
Картинка про ягодку - 4443,https://otkrytki.top/wp-content/uploads/2026/07/otkrytka-4443.jpg.webp
Картинка 4411,https://otkrytki.top/wp-content/uploads/2026/07/otkrytka-4411.jpg.webp
Открытка доброе утро 4371,https://otkrytki.top/wp-content/uploads/2026/07/otkrytka-4371.jpg.webp
Открытка Не беси меня 4381,https://otkrytki.top/wp-content/uploads/2026/07/otkrytka-4381.jpg.webp
Картинка если вас обидели 4383,https://otkrytki.top/wp-content/uploads/2026/07/otkrytka-4383.jpg.webp
Открытка для поднятия настроения 4385,https://otkrytki.top/wp-content/uploads/2026/07/otkrytka-4385.jpg.webp
Открытка доброе утро с лягушкой 3847,https://otkrytki.top/wp-content/uploads/2026/02/otkrytka-3847.jpg.webp
Картинка про женское настроение 4255,https://otkrytki.top/wp-content/uploads/2026/06/otkrytka-4255.jpg.webp
Проснулась зайкой Картинка 4235,https://otkrytki.top/wp-content/uploads/2026/06/otkrytka-4235.jpg.webp
Картинка ЧуднАя или чУдная? 4233,https://otkrytki.top/wp-content/uploads/2026/06/otkrytka-4233.jpg.webp
Картинка про огород и женщину 4245,https://otkrytki.top/wp-content/uploads/2026/06/otkrytka-4245.jpg.webp
открытка доброе утро 4039,https://otkrytki.top/wp-content/uploads/2026/04/otkrytka-4039.jpg.webp
Картинка про подруг 4036,https://otkrytki.top/wp-content/uploads/2026/04/otkrytka-4036.jpg.webp
Открытка Бонжур 3968,https://otkrytki.top/wp-content/uploads/2026/03/otkrytka-3968.jpg.webp
Картинка про женщину 3871,https://otkrytki.top/wp-content/uploads/2026/02/otkrytka-3871.jpg.webp
Открытка с добрым утром 3843,https://otkrytki.top/wp-content/uploads/2026/02/otkrytka-3843.jpg.webp
"Открытка Бесит, когда ты аристократка 3787",https://otkrytki.top/wp-content/uploads/2026/01/otkrytka-3787.jpg.webp
Открытка 3755,https://otkrytki.top/wp-content/uploads/2025/12/otkrytka-3755.jpg.webp
Открытка 3741,https://otkrytki.top/wp-content/uploads/2025/12/otkrytka-3741.jpg.webp
Открытка Тебе надо отдохнуть 3671,https://otkrytki.top/wp-content/uploads/2025/11/otkrytka-3671.jpg.webp
Открытка с лягушкой доброе утро 3547,https://otkrytki.top/wp-content/uploads/2025/10/otkrytka-3547.jpg.webp
Открытка доброе утро с чудиком 3551,https://otkrytki.top/wp-content/uploads/2025/10/otkrytka-3551.jpg.webp
Открытка Доброе утро с красивой девушкой 3520,https://otkrytki.top/wp-content/uploads/2025/10/otkrytka-3520.jpg.webp
Открытка не зли меня 3498,https://otkrytki.top/wp-content/uploads/2025/10/otkrytka-3498.jpg.webp
Открытка с собакой и бигудями 3459,https://otkrytki.top/wp-content/uploads/2025/09/otkrytka-3459.jpg.webp
"Я прекрасна, как халва картинка с лягушкой 3430",https://otkrytki.top/wp-content/uploads/2025/09/otkrytka-3430.jpg.webp
Видео-открытка с девушкой привет пятница 3405,https://otkrytki.top/wp-content/uploads/2025/09/otkrytka-3405.jpg.webp
Открытка с женщиной на метле спокойной ночи 3393,https://otkrytki.top/wp-content/uploads/2025/09/otkrytka-3393.jpg.webp
кто там хотел похудеть к лету 3210,https://otkrytki.top/wp-content/uploads/2025/07/otkrytka-3210.jpg.webp
Картинка Первый день диеты 3206,https://otkrytki.top/wp-content/uploads/2025/07/otkrytka-3206.jpg.webp
"Женщина - это слабое, беззащитное создание 3208",https://otkrytki.top/wp-content/uploads/2025/07/otkrytka-3208.jpg.webp
Открытка 3200,https://otkrytki.top/wp-content/uploads/2025/07/otkrytka-3200.jpg.webp
Картинка про женщин 3199,https://otkrytki.top/wp-content/uploads/2025/07/otkrytka-3199.jpg.webp
Открытка Олегу 3179,https://otkrytki.top/wp-content/uploads/2025/07/otkrytka-3179.jpg.webp
Открытка Доброе утро в летний понедельник 3174,https://otkrytki.top/wp-content/uploads/2025/07/otkrytka-3174.jpg.webp
Открытка Доброе утро 3128,https://otkrytki.top/wp-content/uploads/2025/06/otkrytka-3128.jpg.webp
Открытка тем кто на море 3153,https://otkrytki.top/wp-content/uploads/2025/07/otkrytka-3153.jpg.webp
Картинка про женщину 3103,https://otkrytki.top/wp-content/uploads/2025/06/otkrytka-3103.jpg.webp
Картинка с женским юмором 3061,https://otkrytki.top/wp-content/uploads/2025/06/otkrytka-3061.jpg.webp
Картинка еду на море 3060,https://otkrytki.top/wp-content/uploads/2025/06/otkrytka-3060.jpg.webp
Картинка 3018 - Правила мамы,https://otkrytki.top/wp-content/uploads/2025/05/otkrytka-3018.jpg.webp
Картинка 3022 - Правила счастливой женщины,https://otkrytki.top/wp-content/uploads/2025/05/otkrytka-3022.jpg.webp
Картинка 2992 - В детстве я мечтала о сверхспособностях,https://otkrytki.top/wp-content/uploads/2025/05/otkrytka-2992.jpg.webp
Картинка Я застряла 2982,https://otkrytki.top/wp-content/uploads/2025/05/otkrytka-2982.jpg.webp
Открытка Горжусь собой 2976,https://otkrytki.top/wp-content/uploads/2025/05/otkrytka-2976.jpg.webp
Картинка про женщин 2966,https://otkrytki.top/wp-content/uploads/2025/05/otkrytka-2966.jpg.webp
Картинка 2989 - У женщины есть 3 возраста,https://otkrytki.top/wp-content/uploads/2025/05/otkrytka-2989.jpg.webp
Гиф-открытка Лену обижать нельзя  2922,https://otkrytki.top/wp-content/uploads/2025/05/otkrytka-2922.gif
Открытка доброе утро 2888,https://otkrytki.top/wp-content/uploads/2025/04/otkrytka-2888.jpg.webp
Картинка про девочек 2861,https://otkrytki.top/wp-content/uploads/2025/04/otkrytka-2861.jpg.webp
Смешная картинка про женщин 2859,https://otkrytki.top/wp-content/uploads/2025/04/otkrytka-2859.jpg.webp
Картинка с женским юмором 2862,https://otkrytki.top/wp-content/uploads/2025/04/otkrytka-2862.jpg.webp
Картинка с детским юмором 2833,https://otkrytki.top/wp-content/uploads/2025/04/otkrytka-2833.jpg.webp
Смешная картинка про женщин 2766,https://otkrytki.top/wp-content/uploads/2025/03/otkrytka-2766.jpg.webp
Картинка про баланс 2746,https://otkrytki.top/wp-content/uploads/2025/03/otkrytka-2746.jpg.webp
Картинка про женщин 2736,https://otkrytki.top/wp-content/uploads/2025/03/otkrytka-2736.jpg.webp
Картинка про женщин 2724,https://otkrytki.top/wp-content/uploads/2025/03/otkrytka-2724.jpg.webp
Картинка Толковая девка 2679,https://otkrytki.top/wp-content/uploads/2025/03/otkrytka-2679.jpg.webp
Картинка 2669,https://otkrytki.top/wp-content/uploads/2025/03/otkrytka-2669.jpg.webp
Картинка про женщину 2667,https://otkrytki.top/wp-content/uploads/2025/03/otkrytka-2667.jpg.webp
Открытка доброго утра 2664,https://otkrytki.top/wp-content/uploads/2025/03/otkrytka-2664.jpg.webp
Картинка 2662,https://otkrytki.top/wp-content/uploads/2025/03/otkrytka-2662.jpg.webp
Картинка про вес 2675,https://otkrytki.top/wp-content/uploads/2025/03/otkrytka-2675.jpg.webp
Картинка про работу 2655,https://otkrytki.top/wp-content/uploads/2025/03/otkrytka-2655.jpg.webp
Картинка 2659,https://otkrytki.top/wp-content/uploads/2025/03/otkrytka-2659.jpg.webp
Картинка с женским юмором 2657,https://otkrytki.top/wp-content/uploads/2025/03/otkrytka-2657.jpg.webp
Смешная картинка про женщину 2665,https://otkrytki.top/wp-content/uploads/2025/03/otkrytka-2665.jpg.webp
Открытка 2615,https://otkrytki.top/wp-content/uploads/2025/02/otkrytka-2615.jpg.webp
Картинка весна близко 1482,https://otkrytki.top/wp-content/uploads/2024/04/otkrytka-1482.jpg.webp
Открытка я согласна 2578,https://otkrytki.top/wp-content/uploads/2025/02/otkrytka-2578.jpg.webp
Картинка про меня 2551,https://otkrytki.top/wp-content/uploads/2025/02/otkrytka-2551.jpg.webp
Открытка понедельник утро 2522,https://otkrytki.top/wp-content/uploads/2025/02/otkrytka-2522.jpg.webp
Открытка доброе утро 2518,https://otkrytki.top/wp-content/uploads/2025/02/otkrytka-2518.jpg.webp
Открытка целую 2398,https://otkrytki.top/wp-content/uploads/2024/12/otkrytka-2398.jpg.webp
Открытка женщине 2391,https://otkrytki.top/wp-content/uploads/2024/12/otkrytka-2391.jpg.webp
С Новым Годом открытка 40,https://otkrytki.top/wp-content/uploads/2024/02/s-novym-godom-otkrytka-40.jpg.webp
Прикольная женская картинка 2326,https://otkrytki.top/wp-content/uploads/2024/12/otkrytka-2326.jpg.webp
Смешная картинка про женщину 2186,https://otkrytki.top/wp-content/uploads/2024/11/otkrytka-2186.jpg.webp
Смешная картинка 2160,https://otkrytki.top/wp-content/uploads/2024/10/otkrytka-2160.jpg.webp
Смешная картинка про женщин 2065,https://otkrytki.top/wp-content/uploads/2024/10/otkrytka-2065.jpg.webp
Прикольная картинка 2061,https://otkrytki.top/wp-content/uploads/2024/10/otkrytka-2061.jpg.webp
Картинка о суперспособностях 2033,https://otkrytki.top/wp-content/uploads/2024/09/otkrytka-2033.jpg.webp
Смешная картинка про работу 2017,https://otkrytki.top/wp-content/uploads/2024/09/otkrytka-2017.jpg.webp
Открытка 1288,https://otkrytki.top/wp-content/uploads/2024/03/otkrytka-1288.jpg.webp
открытка 1983,https://otkrytki.top/wp-content/uploads/2024/09/otkrytka-1983.jpg.webp
открытка Я тебя жду 1970,https://otkrytki.top/wp-content/uploads/2024/09/otkrytka-1970.gif
открытка 1972,https://otkrytki.top/wp-content/uploads/2024/09/otkrytka-1972.jpg.webp
Картинка про сплетни 1947,https://otkrytki.top/wp-content/uploads/2024/09/otkrytka-1947.jpg.webp
Смешная картинка 1916,https://otkrytki.top/wp-content/uploads/2024/08/otkrytka-1916.jpg.webp
Картинка про спать 1896,https://otkrytki.top/wp-content/uploads/2024/08/otkrytka-1896.jpg.webp
Картинка 1902,https://otkrytki.top/wp-content/uploads/2024/08/otkrytka-1902.jpg.webp
Открытка 1895,https://otkrytki.top/wp-content/uploads/2024/08/otkrytka-1895.jpg.webp
Картинка про женщин 1852,https://otkrytki.top/wp-content/uploads/2024/08/otkrytka-1852.jpg.webp
Картинку про женщину 1849,https://otkrytki.top/wp-content/uploads/2024/08/otkrytka-1849.jpg.webp
Открытка 1861_1,https://otkrytki.top/wp-content/uploads/2024/08/otkrytka-1861_1.jpg.webp
Открытка 1829,https://otkrytki.top/wp-content/uploads/2024/08/otkrytka-1829.jpg.webp
Смешная картинка про женщин 1818,https://otkrytki.top/wp-content/uploads/2024/07/otkrytka-1818.jpg.webp
Открытка 1335,https://otkrytki.top/wp-content/uploads/2024/04/otkrytka-1335.jpg.webp
Смешная картинка про женщин 1764,https://otkrytki.top/wp-content/uploads/2024/07/otkrytka-1764.jpg.webp
Смешная картинка про пресс 1755,https://otkrytki.top/wp-content/uploads/2024/07/otkrytka-1755.jpg.webp
Открытка 1748,https://otkrytki.top/wp-content/uploads/2024/07/otkrytka-1748.jpg.webp
Открытка 1747,https://otkrytki.top/wp-content/uploads/2024/07/otkrytka-1747.jpg.webp
Открытка 1709,https://otkrytki.top/wp-content/uploads/2024/07/otkrytka-1709.jpg.webp
Прикольная открытка про женщин 1692,https://otkrytki.top/wp-content/uploads/2024/06/otkrytka-1692.jpg.webp
Прикольная картинка про женщину 1674,https://otkrytki.top/wp-content/uploads/2024/06/otkrytka-1674.jpg.webp
Смешная картинка про женщин 1672,https://otkrytki.top/wp-content/uploads/2024/06/otkrytka-1672.jpg.webp
Прикольная картинка про женщин 1670,https://otkrytki.top/wp-content/uploads/2024/06/otkrytka-1670.jpg.webp
Смешная картинка про супругов 1665,https://otkrytki.top/wp-content/uploads/2024/06/otkrytka-1665.jpg.webp
Смешная картинка 1651,https://otkrytki.top/wp-content/uploads/2024/06/otkrytka-1651.jpg.webp
Картинка про мой возраст 1567,https://otkrytki.top/wp-content/uploads/2024/05/otkrytka-1567.jpg.webp
Картинка про утро 1560,https://otkrytki.top/wp-content/uploads/2024/05/otkrytka-1560.jpg.webp
Картинка про женщин 1506,https://otkrytki.top/wp-content/uploads/2024/05/otkrytka-1506.jpg.webp
Картинка для настроения1505,https://otkrytki.top/wp-content/uploads/2024/05/otkrytka-1505.jpg.webp
Смешная картинка про женщин 1490,https://otkrytki.top/wp-content/uploads/2024/04/otkrytka-1490.jpg.webp
Открытка про женщину 1456,https://otkrytki.top/wp-content/uploads/2024/04/otkrytka-1456.jpg.webp
Открытка подруге 1459,https://otkrytki.top/wp-content/uploads/2024/04/otkrytka-1459.jpg.webp
Открытка про женщину 1455,https://otkrytki.top/wp-content/uploads/2024/04/otkrytka-1455.jpg.webp
Прикольная открытка про женщин 1451,https://otkrytki.top/wp-content/uploads/2024/04/otkrytka-1451.jpg.webp
Открытка 1444,https://otkrytki.top/wp-content/uploads/2024/04/otkrytka-1444.jpg.webp
Открытка 1423,https://otkrytki.top/wp-content/uploads/2024/04/otkrytka-1423.jpg.webp
Открытка 1443,https://otkrytki.top/wp-content/uploads/2024/04/otkrytka-1443.jpg.webp
Открытка 1420,https://otkrytki.top/wp-content/uploads/2024/04/otkrytka-1420.jpg.webp
Прикольная открытка 1442,https://otkrytki.top/wp-content/uploads/2024/04/otkrytka-1442.jpg.webp
Открытка 1403,https://otkrytki.top/wp-content/uploads/2024/04/otkrytka-1403.jpg.webp
Картинка про агента Эйвон 1376,https://otkrytki.top/wp-content/uploads/2024/04/otkrytka-1376.jpg.webp
Открытка 1370,https://otkrytki.top/wp-content/uploads/2024/04/otkrytka-1370.jpg.webp
Открытка 1380,https://otkrytki.top/wp-content/uploads/2024/04/otkrytka-1380.jpg.webp
Открытка 1361,https://otkrytki.top/wp-content/uploads/2024/04/otkrytka-1361.jpg.webp
Смешная открытка 1360,https://otkrytki.top/wp-content/uploads/2024/04/otkrytka-1360.jpg.webp
Смешная картинка про женщин 1367,https://otkrytki.top/wp-content/uploads/2024/04/otkrytka-1367.jpg.webp
Открытка подруге 1357,https://otkrytki.top/wp-content/uploads/2024/04/otkrytka-1357.jpg.webp
Открытка 1359,https://otkrytki.top/wp-content/uploads/2024/04/otkrytka-1359.jpg.webp
Открытка 1340,https://otkrytki.top/wp-content/uploads/2024/04/otkrytka-1340.jpg.webp
смешная открытка 1302,https://otkrytki.top/wp-content/uploads/2024/03/otkrytka-1302.jpg.webp
Открытка 1260,https://otkrytki.top/wp-content/uploads/2024/03/otkrytka-1260.jpg.webp
Открытка 1249,https://otkrytki.top/wp-content/uploads/2024/03/otkrytka-1249.jpg.webp
Смешная картинка про мужа 1300,https://otkrytki.top/wp-content/uploads/2024/03/otkrytka-1300.jpg.webp
Открытка 1236,https://otkrytki.top/wp-content/uploads/2024/03/otkrytka-1236.jpg.webp
Открытка 1271,https://otkrytki.top/wp-content/uploads/2024/03/otkrytka-1271.jpg.webp
Открытка 1228,https://otkrytki.top/wp-content/uploads/2024/02/otkrytka-1228.jpg.webp
Прикольная картинка про женщину 1264,https://otkrytki.top/wp-content/uploads/2024/03/otkrytka-1264.jpg.webp
Открытка 1269,https://otkrytki.top/wp-content/uploads/2024/03/otkrytka-1269.jpg.webp
Открытка 1256,https://otkrytki.top/wp-content/uploads/2024/03/otkrytka-1256.jpg.webp
Открытка 1255,https://otkrytki.top/wp-content/uploads/2024/03/otkrytka-1255.jpg.webp
Открытка 1222,https://otkrytki.top/wp-content/uploads/2024/02/otkrytka-1222.jpg.webp
Открытка 1221,https://otkrytki.top/wp-content/uploads/2024/02/otkrytka-1221.jpg.webp
Открытка 1209,https://otkrytki.top/wp-content/uploads/2024/02/otkrytka-1209.jpg.webp
Открытка 1210,https://otkrytki.top/wp-content/uploads/2024/02/otkrytka-1210.jpg.webp
Открытка 1204,https://otkrytki.top/wp-content/uploads/2024/02/otkrytka-1204.jpg.webp
Открытка 1265,https://otkrytki.top/wp-content/uploads/2024/03/otkrytka-1265.jpg.webp
Открытка 1071,https://otkrytki.top/wp-content/uploads/2024/01/otkrytka-1071.jpg.webp
Открытка 1203,https://otkrytki.top/wp-content/uploads/2024/02/otkrytka-1203.jpg.webp
Открытка 1195,https://otkrytki.top/wp-content/uploads/2024/02/otkrytka-1195.jpg.webp
Открытка 1191,https://otkrytki.top/wp-content/uploads/2024/02/otkrytka-1191.jpg.webp
Открытка 1171,https://otkrytki.top/wp-content/uploads/2024/02/otkrytka-1171.jpg.webp
Открытка 1181,https://otkrytki.top/wp-content/uploads/2024/02/otkrytka-1181.jpg.webp
Открытка 1170,https://otkrytki.top/wp-content/uploads/2024/02/otkrytka-1170.jpg.webp
Открытка 1179,https://otkrytki.top/wp-content/uploads/2024/02/otkrytka-1179.jpg.webp
Открытка 1114,https://otkrytki.top/wp-content/uploads/2024/01/otkrytka-1114.jpg.webp
Открытка 1188,https://otkrytki.top/wp-content/uploads/2024/02/otkrytka-1188.gif
Смешная картинка про женщину 1167,https://otkrytki.top/wp-content/uploads/2024/02/otkrytka-1167.jpg.webp
Открытка 1166,https://otkrytki.top/wp-content/uploads/2024/02/otkrytka-1166.jpg.webp
Открытка 1125,https://otkrytki.top/wp-content/uploads/2024/01/otkrytka-1125.jpg.webp
Открытка 1151,https://otkrytki.top/wp-content/uploads/2024/02/otkrytka-1151.jpg.webp
Открытка 1145,https://otkrytki.top/wp-content/uploads/2024/02/otkrytka-1145.jpg.webp
Открытка 1090,https://otkrytki.top/wp-content/uploads/2024/01/otkrytka-1090.jpg.webp
Открытка 1115,https://otkrytki.top/wp-content/uploads/2024/01/otkrytka-1115.jpg.webp
Открытка 1113,https://otkrytki.top/wp-content/uploads/2024/01/otkrytka-1113.jpg.webp
Открытка 1184,https://otkrytki.top/wp-content/uploads/2024/02/otkrytka-1184.gif
Открытка 1096,https://otkrytki.top/wp-content/uploads/2024/01/otkrytka-1096.jpg.webp
Открытка 1092,https://otkrytki.top/wp-content/uploads/2024/01/otkrytka-1092.jpg.webp
Открытка 1091,https://otkrytki.top/wp-content/uploads/2024/01/otkrytka-1091.jpg.webp
Открытка 1067,https://otkrytki.top/wp-content/uploads/2024/01/otkrytka-1067.jpg.webp
Открытка 1065,https://otkrytki.top/wp-content/uploads/2024/01/otkrytka-1065.jpg.webp
Открытка 1062,https://otkrytki.top/wp-content/uploads/2024/01/otkrytka-1062.jpg.webp
Открытка 1024,https://otkrytki.top/wp-content/uploads/2024/01/otkrytka-1024.jpg.webp
Открытка 1014,https://otkrytki.top/wp-content/uploads/2024/01/otkrytka-1014.jpg.webp
Открытка 967,https://otkrytki.top/wp-content/uploads/2023/12/otkrytka-967.jpg.webp
Открытка 945,https://otkrytki.top/wp-content/uploads/2023/12/otkrytka-945.jpg.webp
Открытка 942,https://otkrytki.top/wp-content/uploads/2023/12/otkrytka-942.jpg.webp
С Новым Годом открытка 30,https://otkrytki.top/wp-content/uploads/2023/12/otkrytka-955_1.jpg.webp
С Новым Годом открытка 19,https://otkrytki.top/wp-content/uploads/2023/12/s-novym-godom-otkrytka-19.jpg.webp
Открытка 929,https://otkrytki.top/wp-content/uploads/2023/12/otkrytka-929.jpg.webp
Открытка 905,https://otkrytki.top/wp-content/uploads/2023/12/otkrytka-905.jpg.webp
С Новым Годом открытка 09,https://otkrytki.top/wp-content/uploads/2023/12/s-novym-godom-otkrytka-09.jpg.webp
Открытка 835,https://otkrytki.top/wp-content/uploads/2023/12/otkrytka-835.jpg.webp
Открытка 829,https://otkrytki.top/wp-content/uploads/2023/12/otkrytka-829.jpg.webp
Открытка 830,https://otkrytki.top/wp-content/uploads/2023/12/otkrytka-830.jpg.webp
Открытка 823,https://otkrytki.top/wp-content/uploads/2023/12/otkrytka-823.jpg.webp
Открытка 807,https://otkrytki.top/wp-content/uploads/2023/11/otkrytka-807.jpg.webp
Открытка 768,https://otkrytki.top/wp-content/uploads/2023/11/otkrytka-768.jpg.webp
Открытка 822,https://otkrytki.top/wp-content/uploads/2023/11/otkrytka-822.jpg.webp
Открытка маме 4,https://otkrytki.top/wp-content/uploads/2023/11/otkrytka-mame-4.jpeg.webp
Открытка 740,https://otkrytki.top/wp-content/uploads/2023/11/otkrytka-740.jpg.webp
Открытка 703,https://otkrytki.top/wp-content/uploads/2023/11/otkrytka-703.jpg.webp
Открытка 675,https://otkrytki.top/wp-content/uploads/2023/10/otkrytka-675.jpg.webp
Открытка 696,https://otkrytki.top/wp-content/uploads/2023/11/otkrytka-696.jpg.webp
Открытка 749,https://otkrytki.top/wp-content/uploads/2023/11/otkrytka-749.jpg.webp
Открытка 695,https://otkrytki.top/wp-content/uploads/2023/11/otkrytka-695.jpg.webp
день бухгалтера (открытка 04),https://otkrytki.top/wp-content/uploads/2023/11/den-buhgaltera-otkrytka-04.jpg.webp
Открытка 672,https://otkrytki.top/wp-content/uploads/2023/10/otkrytka-672.jpg.webp
Открытка 693,https://otkrytki.top/wp-content/uploads/2023/11/otkrytka-693.jpg.webp
Открытка 671,https://otkrytki.top/wp-content/uploads/2023/10/otkrytka-671.jpg.webp
Открытка 669,https://otkrytki.top/wp-content/uploads/2023/10/otkrytka-669.jpg.webp
Открытка 692,https://otkrytki.top/wp-content/uploads/2023/11/otkrytka-692.jpg.webp
Открытка 665,https://otkrytki.top/wp-content/uploads/2023/10/otkrytka-665.jpg.webp
Открытка 664,https://otkrytki.top/wp-content/uploads/2023/10/otkrytka-664.jpg.webp
Открытка 661,https://otkrytki.top/wp-content/uploads/2023/10/otkrytka-661.jpg.webp
Открытка 660,https://otkrytki.top/wp-content/uploads/2023/10/otkrytka-660.jpg.webp
Открытка 654,https://otkrytki.top/wp-content/uploads/2023/10/otkrytka-654.jpg.webp
Открытка 657,https://otkrytki.top/wp-content/uploads/2023/10/otkrytka-657.jpg.webp
Открытка 656,https://otkrytki.top/wp-content/uploads/2023/10/otkrytka-656.jpg.webp
Открытка 641,https://otkrytki.top/wp-content/uploads/2023/10/otkrytka-641.jpg.webp
Открытка 640,https://otkrytki.top/wp-content/uploads/2023/10/otkrytka-640.jpg.webp
Открытка 639,https://otkrytki.top/wp-content/uploads/2023/10/otkrytka-639.jpg.webp
Открытка 646,https://otkrytki.top/wp-content/uploads/2023/10/otkrytka-646.jpg.webp
Открытка 638,https://otkrytki.top/wp-content/uploads/2023/10/otkrytka-638.jpg.webp
Открытка 666,https://otkrytki.top/wp-content/uploads/2023/10/otkrytka-666.jpg.webp
Открытка 634,https://otkrytki.top/wp-content/uploads/2023/10/otkrytka-634.jpg.webp
Открытка 633,https://otkrytki.top/wp-content/uploads/2023/10/otkrytka-633.jpg.webp
Открытка 645,https://otkrytki.top/wp-content/uploads/2023/10/otkrytka-645.jpg.webp
Открытка 629,https://otkrytki.top/wp-content/uploads/2023/10/otkrytka-629.jpg.webp
Открытка 630,https://otkrytki.top/wp-content/uploads/2023/10/otkrytka-630.jpg.webp
Открытка 624,https://otkrytki.top/wp-content/uploads/2023/10/otkrytka-624.jpg.webp
Открытка 623,https://otkrytki.top/wp-content/uploads/2023/10/otkrytka-623.jpg.webp
Открытка 617,https://otkrytki.top/wp-content/uploads/2023/10/otkrytka-617.jpg.webp
Открытка 676,https://otkrytki.top/wp-content/uploads/2023/10/otkrytka-676.jpg.webp
Открытка 606,https://otkrytki.top/wp-content/uploads/2023/10/otkrytka-606.jpg.webp
Открытка 619,https://otkrytki.top/wp-content/uploads/2023/10/otkrytka-619.jpg.webp
Открытка 587,https://otkrytki.top/wp-content/uploads/2023/10/otkrytka-587.jpg.webp
Открытка 581,https://otkrytki.top/wp-content/uploads/2023/10/otkrytka-581.jpg.webp
Открытка 553,https://otkrytki.top/wp-content/uploads/2023/10/553_otkrytka.jpg.webp
Открытка 546,https://otkrytki.top/wp-content/uploads/2023/09/546_otkrytka.jpg.webp
Открытка 541,https://otkrytki.top/wp-content/uploads/2023/09/541_otkrytka.jpg.webp
Открытка 525,https://otkrytki.top/wp-content/uploads/2023/09/525_otkrytka.jpg.webp
Открытка 524,https://otkrytki.top/wp-content/uploads/2023/09/524_otkrytka.jpg.webp
Открытка 532,https://otkrytki.top/wp-content/uploads/2023/09/532_otkrytka.jpg.webp
Открытка 521,https://otkrytki.top/wp-content/uploads/2023/09/521_otkrytka.jpg.webp
Открытка 517,https://otkrytki.top/wp-content/uploads/2023/09/517_otkrytka.jpg.webp
Открытка 515,https://otkrytki.top/wp-content/uploads/2023/09/515_otkrytka.jpg.webp
Открытка 514,https://otkrytki.top/wp-content/uploads/2023/09/514_otkrytka.jpg.webp
Открытка 513,https://otkrytki.top/wp-content/uploads/2023/09/513_otkrytka.jpg.webp
Открытка 509,https://otkrytki.top/wp-content/uploads/2023/09/509_otkrytka.jpg.webp
Открытка 499,https://otkrytki.top/wp-content/uploads/2023/09/499_otkrytka.jpg.webp
Открытка 493,https://otkrytki.top/wp-content/uploads/2023/09/493_otkrytka.jpg.webp
Открытка 506,https://otkrytki.top/wp-content/uploads/2023/09/506_otkrytka.jpg.webp
Открытка 481,https://otkrytki.top/wp-content/uploads/2023/09/481_otkrytka.jpg.webp
Открытка 484,https://otkrytki.top/wp-content/uploads/2023/09/484_otkrytka.jpg.webp
Открытка 476,https://otkrytki.top/wp-content/uploads/2023/09/476_otkrytka.jpg.webp
Открытка 473,https://otkrytki.top/wp-content/uploads/2023/09/473_otkrytka.jpg.webp
Открытка 471,https://otkrytki.top/wp-content/uploads/2023/09/471_otkrytka.jpg.webp
Открытка 468,https://otkrytki.top/wp-content/uploads/2023/09/468_otkrytka.jpg.webp
Открытка 457,https://otkrytki.top/wp-content/uploads/2023/09/457_otkrytka.jpg.webp
Открытка 452,https://otkrytki.top/wp-content/uploads/2023/09/452_otkrytka.jpg.webp
Открытка 434,https://otkrytki.top/wp-content/uploads/2023/09/434_otkrytka.jpg.webp
Открытка 423,https://otkrytki.top/wp-content/uploads/2023/09/423_otkrytka.jpg.webp
Открытка 422,https://otkrytki.top/wp-content/uploads/2023/09/422_otkrytka.jpg.webp
Открытка 415,https://otkrytki.top/wp-content/uploads/2023/08/415_otkrytka.jpg.webp
Открытка 389,https://otkrytki.top/wp-content/uploads/2023/08/389_otkrytka.jpg.webp
Открытка 386,https://otkrytki.top/wp-content/uploads/2023/08/386_otkrytka.jpg.webp
Открытка 387,https://otkrytki.top/wp-content/uploads/2023/08/387_otkrytka.jpg.webp
Открытка 385,https://otkrytki.top/wp-content/uploads/2023/08/385_otkrytka.jpg.webp
Открытка 380,https://otkrytki.top/wp-content/uploads/2023/08/380_otkrytka.jpg.webp
Открытка 371,https://otkrytki.top/wp-content/uploads/2023/08/371_otkrytka.jpg.webp
Открытка 364,https://otkrytki.top/wp-content/uploads/2023/08/364_otkrytka.jpg.webp
Открытка 353,https://otkrytki.top/wp-content/uploads/2023/08/353_otkrytka.jpg.webp
Открытка 351,https://otkrytki.top/wp-content/uploads/2023/08/351_otkrytka.jpg.webp
Открытка 345,https://otkrytki.top/wp-content/uploads/2023/08/345_otkrytka.jpg.webp
Открытка 322,https://otkrytki.top/wp-content/uploads/2023/08/322_otkrytka.jpg.webp
Открытка 317,https://otkrytki.top/wp-content/uploads/2023/08/317_otkrytka_1.jpg.webp
Открытка 299,https://otkrytki.top/wp-content/uploads/2023/08/299_otkrytka.jpg.webp
Открытка 294,https://otkrytki.top/wp-content/uploads/2023/08/294_otkrytka.jpg.webp
Открытка 293,https://otkrytki.top/wp-content/uploads/2023/08/293_otkrytka.jpg.webp
Открытка 292,https://otkrytki.top/wp-content/uploads/2023/08/292_otkrytka.jpg.webp
Открытка 279,https://otkrytki.top/wp-content/uploads/2023/08/279_otkrytka.jpg.webp
Открытка 249,https://otkrytki.top/wp-content/uploads/2023/07/249_otkrytka.jpg.webp
Открытка 245,https://otkrytki.top/wp-content/uploads/2023/07/245_otkrytka.jpg.webp
Открытка 250,https://otkrytki.top/wp-content/uploads/2023/07/250_otkrytka.jpg.webp
Открытка 242,https://otkrytki.top/wp-content/uploads/2023/07/242_otkrytka.jpg.webp
Открытка 229,https://otkrytki.top/wp-content/uploads/2023/07/229_otkrytka.jpg.webp
Открытка 228,https://otkrytki.top/wp-content/uploads/2023/07/228_otkrytka.jpg.webp
Открытка 224,https://otkrytki.top/wp-content/uploads/2023/07/224_otkrytka.jpg.webp
Открытка 222,https://otkrytki.top/wp-content/uploads/2023/07/222_otkrytka.jpg.webp
Открытка 212,https://otkrytki.top/wp-content/uploads/2023/07/212_otkrytka.jpg.webp
Открытка 199,https://otkrytki.top/wp-content/uploads/2023/07/199_otkrytka.jpg.webp
Открытка 207,https://otkrytki.top/wp-content/uploads/2023/07/207_otkrytka.jpg.webp
Открытка 179,https://otkrytki.top/wp-content/uploads/2023/07/179_otkrytka.jpg.webp
Открытка 163,https://otkrytki.top/wp-content/uploads/2023/07/163_otkrytka.jpg.webp
Открытка 183,https://otkrytki.top/wp-content/uploads/2023/07/183_otkrytka.jpg.webp
Открытка 155,https://otkrytki.top/wp-content/uploads/2023/07/155_otkrytka.jpg.webp
Открытка 142,https://otkrytki.top/wp-content/uploads/2023/07/142_otkrytka.jpg.webp
Открытка 148,https://otkrytki.top/wp-content/uploads/2023/07/148_otkrytka.jpg.webp
Открытка 139,https://otkrytki.top/wp-content/uploads/2023/07/139_otkrytka.jpg.webp
Открытка 121,https://otkrytki.top/wp-content/uploads/2023/07/121_otkrytka.jpg.webp
Открытка 138,https://otkrytki.top/wp-content/uploads/2023/07/138_otkrytka.jpg.webp
Открытка 135,https://otkrytki.top/wp-content/uploads/2023/07/135_otkrytka.jpg.webp
Открытка 134,https://otkrytki.top/wp-content/uploads/2023/07/134_otkrytka.jpg.webp
Открытка 122,https://otkrytki.top/wp-content/uploads/2023/07/122_otkrytka.jpg.webp
Открытка 107,https://otkrytki.top/wp-content/uploads/2023/07/107_otkrytka.jpg.webp
Открытка Твой торт с каждым годом горит всё ярче,https://otkrytki.top/wp-content/uploads/2023/06/95_otkrytka.jpg.webp
Открытка 90,https://otkrytki.top/wp-content/uploads/2023/06/90_otkrytka.jpg.webp
Открытка 88,https://otkrytki.top/wp-content/uploads/2023/06/88_otkrytka.jpg.webp
Открытка 87,https://otkrytki.top/wp-content/uploads/2023/06/87_otkrytka.jpg.webp
открытка 77,https://otkrytki.top/wp-content/uploads/2023/06/77_otkrytka.jpg.webp
открытка 76,https://otkrytki.top/wp-content/uploads/2023/06/76_otkrytka.jpg.webp
открытка 68,https://otkrytki.top/wp-content/uploads/2023/06/68_otkrytka.jpg.webp
открытка 75,https://otkrytki.top/wp-content/uploads/2023/06/75_otkrytka.jpg.webp
открытка 65,https://otkrytki.top/wp-content/uploads/2023/06/65_otkrytka.jpg.webp
Открытка 51,https://otkrytki.top/wp-content/uploads/2023/06/51_otkrytka_1.jpg.webp
Открытка 61,https://otkrytki.top/wp-content/uploads/2023/06/61_otkrytka.jpg.webp
Открытка 48,https://otkrytki.top/wp-content/uploads/2023/06/48_otkrytka.jpg.webp
Открытка 54,https://otkrytki.top/wp-content/uploads/2023/06/54_otkrytka.jpg.webp
Открытка 46,https://otkrytki.top/wp-content/uploads/2023/06/46_otkrytka.jpg.webp
Открытка 55,https://otkrytki.top/wp-content/uploads/2023/06/55_otkrytka.jpg.webp
открытка 40,https://otkrytki.top/wp-content/uploads/2023/06/40_otkrytka.jpg.webp
открытка 37,https://otkrytki.top/wp-content/uploads/2023/06/37_otkrytka.jpg.webp
открытка 35,https://otkrytki.top/wp-content/uploads/2023/06/35_otkrytka.jpg.webp
Открытка 26,https://otkrytki.top/wp-content/uploads/2023/06/26_otkrytka.jpg.webp
Открытка 19,https://otkrytki.top/wp-content/uploads/2023/05/19_otkrytka.jpg.webp
Открытка 15,https://otkrytki.top/wp-content/uploads/2023/05/15_otkrytka.jpg.webp
Открытка 13,https://otkrytki.top/wp-content/uploads/2023/05/013_otkrytka.jpg.webp
Открытка 18,https://otkrytki.top/wp-content/uploads/2023/05/18_otkrytka.jpg.webp
Открытка 09,https://otkrytki.top/wp-content/uploads/2023/05/9_otkrytka.jpg.webp
Открытка 7,https://otkrytki.top/wp-content/uploads/2023/05/7_otkrytka-1.jpg.webp
,https://otkrytki.top/wp-content/uploads/2023/05/0_otkrytka-scaled.jpg
Картинка про живот 4331,https://otkrytki.top/wp-content/uploads/2026/07/otkrytka-4331-1.jpg.webp
Картинка Любите тех кто заставляет вас улыбаться 3872,https://otkrytki.top/wp-content/uploads/2026/02/otkrytka-3872.jpg.webp
Открытка доброе утро 2331,https://otkrytki.top/wp-content/uploads/2024/12/otkrytka-2331.jpg.webp
Открытка 2415,https://otkrytki.top/wp-content/uploads/2025/01/otkrytka-2415.jpg.webp
Картнка про закон притяжения 3288,https://otkrytki.top/wp-content/uploads/2025/08/otkrytka-3288.jpg.webp
Креативная открытка Доброе утро 3168,https://otkrytki.top/wp-content/uploads/2025/07/otkrytka-3168.jpg.webp
Открытка пусть душа радуется 3135,https://otkrytki.top/wp-content/uploads/2025/07/otkrytka-3135.jpg.webp
Открытка Всё будет хорошо 3150,https://otkrytki.top/wp-content/uploads/2025/07/otkrytka-3150.jpg.webp
Позитивные мысли картинка 3137,https://otkrytki.top/wp-content/uploads/2025/07/otkrytka-3137.jpg.webp
Открытка Обнимашки 3106,https://otkrytki.top/wp-content/uploads/2025/06/otkrytka-3106.jpg.webp
Открытка Будьте добрее 3107,https://otkrytki.top/wp-content/uploads/2025/06/otkrytka-3107.jpg.webp
Открытка Все будет хорошо 3114,https://otkrytki.top/wp-content/uploads/2025/06/otkrytka-3114.jpg.webp
Желайте людям добра - картинка 3104,https://otkrytki.top/wp-content/uploads/2025/06/otkrytka-3104.jpg.webp
Картинка 3057,https://otkrytki.top/wp-content/uploads/2025/06/otkrytka-3057.jpg.webp
Открытка с теплым пожеланием 2986,https://otkrytki.top/wp-content/uploads/2025/05/otkrytka-2986.jpg.webp
Картинка про людей 2970,https://otkrytki.top/wp-content/uploads/2025/05/otkrytka-2970.jpg.webp
Открытка доброго дня 2748,https://otkrytki.top/wp-content/uploads/2025/03/otkrytka-2748.jpg.webp
Картинка про позитив 2673,https://otkrytki.top/wp-content/uploads/2025/03/otkrytka-2673.jpg.webp
Открытка пожеланий 2569,https://otkrytki.top/wp-content/uploads/2025/02/otkrytka-2569.jpg.webp
Открытка 2496,https://otkrytki.top/wp-content/uploads/2025/01/otkrytka-2496.jpg.webp
Картинка про добро 2440,https://otkrytki.top/wp-content/uploads/2025/01/otkrytka-2440.jpg.webp
Картинка 2427,https://otkrytki.top/wp-content/uploads/2025/01/otkrytka-2427.jpg.webp
Открытка хорошего утра 2429,https://otkrytki.top/wp-content/uploads/2025/01/otkrytka-2429.jpg.webp
Открытка 2406,https://otkrytki.top/wp-content/uploads/2025/01/otkrytka-2406.jpg.webp
Открытка хорошего дня 2402,https://otkrytki.top/wp-content/uploads/2025/01/otkrytka-2402.jpg.webp
Открытка чудесного утра 2320,https://otkrytki.top/wp-content/uploads/2024/12/otkrytka-2320.jpg.webp
Картинка про мечты 2348,https://otkrytki.top/wp-content/uploads/2024/12/otkrytka-2348.jpg.webp
Картинка 2332,https://otkrytki.top/wp-content/uploads/2024/12/otkrytka-2332.jpg.webp
Открытка доброе утро 2319,https://otkrytki.top/wp-content/uploads/2024/12/otkrytka-2319.jpg.webp
Добрая картинка 2322,https://otkrytki.top/wp-content/uploads/2024/12/otkrytka-2322.jpg.webp
Добрая картинка 2321,https://otkrytki.top/wp-content/uploads/2024/12/otkrytka-2321.jpg.webp
Открытка доброе утро зимнее 2305,https://otkrytki.top/wp-content/uploads/2024/12/otkrytka-2305.jpg.webp
Добрая картинка 2317,https://otkrytki.top/wp-content/uploads/2024/12/otkrytka-2317.jpg.webp
открытка 2274,https://otkrytki.top/wp-content/uploads/2024/11/otkrytka-2274.jpg.webp
открытка 2272,https://otkrytki.top/wp-content/uploads/2024/11/otkrytka-2272.jpg.webp
Картинка про доброту 2270,https://otkrytki.top/wp-content/uploads/2024/11/otkrytka-2270.jpg.webp
открытка 2267,https://otkrytki.top/wp-content/uploads/2024/11/otkrytka-2267.jpg.webp
открытка это тебе 2263,https://otkrytki.top/wp-content/uploads/2024/11/otkrytka-2263.jpg.webp
открытка план на сегодня 2277,https://otkrytki.top/wp-content/uploads/2024/11/otkrytka-2277.jpg.webp
Мудрая картинка 2245,https://otkrytki.top/wp-content/uploads/2024/11/otkrytka-2245.jpg.webp
открытка 2246,https://otkrytki.top/wp-content/uploads/2024/11/otkrytka-2246-1.jpg.webp
Картинка со смыслом 2237,https://otkrytki.top/wp-content/uploads/2024/11/otkrytka-2237.jpg.webp
Добрая картинка 2257,https://otkrytki.top/wp-content/uploads/2024/11/otkrytka-2257.jpg.webp
Добрая открытка 2252,https://otkrytki.top/wp-content/uploads/2024/11/otkrytka-2252.jpg.webp
Добрая открытка 2242,https://otkrytki.top/wp-content/uploads/2024/11/otkrytka-2242.jpg.webp
открытка 2234,https://otkrytki.top/wp-content/uploads/2024/11/otkrytka-2234.jpg.webp
Красивая картинка про жизнь 2241,https://otkrytki.top/wp-content/uploads/2024/11/otkrytka-2241.gif
Открытка 2213,https://otkrytki.top/wp-content/uploads/2024/11/otkrytka-2213.jpg.webp
Открытка 2211,https://otkrytki.top/wp-content/uploads/2024/11/otkrytka-2211.jpg.webp
Открытка 2180,https://otkrytki.top/wp-content/uploads/2024/11/otkrytka-2180.jpg.webp
Открытка 2176,https://otkrytki.top/wp-content/uploads/2024/11/otkrytka-2176.jpg.webp
Открытка с пожеланиями хорошего дня 2170,https://otkrytki.top/wp-content/uploads/2024/10/otkrytka-2170.jpg.webp
Картинка с мудрыми словами 2161,https://otkrytki.top/wp-content/uploads/2024/10/otkrytka-2161.jpg.webp
Открытка доброго дня 2143,https://otkrytki.top/wp-content/uploads/2024/10/otkrytka-2143.jpg.webp
Добрые картинки 2136,https://otkrytki.top/wp-content/uploads/2024/10/otkrytka-2136.gif
Открытка 2155,https://otkrytki.top/wp-content/uploads/2024/10/otkrytka-2155.jpg.webp
Открытка с добрым утром 2140,https://otkrytki.top/wp-content/uploads/2024/10/otkrytka-2140.jpg.webp
Открытка спокойной ночи 2142,https://otkrytki.top/wp-content/uploads/2024/10/otkrytka-2142.jpg.webp
Открытка доброй ночи 2144,https://otkrytki.top/wp-content/uploads/2024/10/otkrytka-2144.jpg.webp
Открытка доброе утро 2132,https://otkrytki.top/wp-content/uploads/2024/10/otkrytka-2132.gif
Открытка 2090,https://otkrytki.top/wp-content/uploads/2024/10/otkrytka-2090.jpg.webp
Открытка 2093,https://otkrytki.top/wp-content/uploads/2024/10/otkrytka-2093.jpg.webp
Открытка осеннего дня 2087,https://otkrytki.top/wp-content/uploads/2024/10/otkrytka-2087.jpg.webp
Открытка настроения 2086,https://otkrytki.top/wp-content/uploads/2024/10/otkrytka-2086.jpg.webp
Прикольная гиф картинка про ворону 2030,https://otkrytki.top/wp-content/uploads/2024/09/otkrytka-2030.gif
Картинка счастье 2029,https://otkrytki.top/wp-content/uploads/2024/09/otkrytka-2029.jpg.webp
Открытка улыбнись 2026,https://otkrytki.top/wp-content/uploads/2024/09/otkrytka-2026.jpg.webp
Картинка про счастье 1997,https://otkrytki.top/wp-content/uploads/2024/09/otkrytka-1997.jpg.webp
открытка 1959,https://otkrytki.top/wp-content/uploads/2024/09/otkrytka-1959.jpg.webp
Добрая картинка 1944,https://otkrytki.top/wp-content/uploads/2024/09/otkrytka-1944.jpg.webp
Картинка отдохни 1923,https://otkrytki.top/wp-content/uploads/2024/08/otkrytka-1923.jpg.webp
Открытка 1848,https://otkrytki.top/wp-content/uploads/2024/08/otkrytka-1848.jpg.webp
Картинка 1909,https://otkrytki.top/wp-content/uploads/2024/08/otkrytka-1909.jpg.webp
Картинка про оптимистов 1905,https://otkrytki.top/wp-content/uploads/2024/08/otkrytka-1905.jpg.webp
Хорошая картинка 1904,https://otkrytki.top/wp-content/uploads/2024/08/otkrytka-1904.jpg.webp
Картинка про любовь 1884,https://otkrytki.top/wp-content/uploads/2024/08/otkrytka-1884.jpg.webp
Картинка про ожидания 1881,https://otkrytki.top/wp-content/uploads/2024/08/otkrytka-1881.jpg.webp
Картинка 1822 с мудростью,https://otkrytki.top/wp-content/uploads/2024/07/otkrytka-1822.jpg.webp
Картинка с мудростями 1798,https://otkrytki.top/wp-content/uploads/2024/07/otkrytka-1798.jpg.webp
Картинка про жизнь 1792,https://otkrytki.top/wp-content/uploads/2024/07/otkrytka-1792.jpg.webp
Добрая картинка 1820,https://otkrytki.top/wp-content/uploads/2024/07/otkrytka-1820.jpg.webp
Открытка 1806,https://otkrytki.top/wp-content/uploads/2024/07/otkrytka-1806.jpg.webp
Мудрая картинка 1772,https://otkrytki.top/wp-content/uploads/2024/07/otkrytka-1772.jpg.webp
Открытка 1776,https://otkrytki.top/wp-content/uploads/2024/07/otkrytka-1776.jpg.webp
Смешная картинка 1763,https://otkrytki.top/wp-content/uploads/2024/07/otkrytka-1763.jpg.webp
Открытка улыбайся 1751,https://otkrytki.top/wp-content/uploads/2024/07/otkrytka-1751.jpg.webp
Открытка 1749,https://otkrytki.top/wp-content/uploads/2024/07/otkrytka-1749.jpg.webp
Открытка доброго утра 1727,https://otkrytki.top/wp-content/uploads/2024/07/otkrytka-1727.jpg.webp
Мудрая картинка 1715,https://otkrytki.top/wp-content/uploads/2024/07/otkrytka-1715.jpg.webp
Добрая картинка 1714,https://otkrytki.top/wp-content/uploads/2024/07/otkrytka-1714.jpg.webp
Добрая открытка 1713,https://otkrytki.top/wp-content/uploads/2024/07/otkrytka-1713.jpg.webp
Добрая картинка 1708,https://otkrytki.top/wp-content/uploads/2024/07/otkrytka-1708.jpg.webp
Картинка с мудрыми мыслями 1707,https://otkrytki.top/wp-content/uploads/2024/07/otkrytka-1707.jpg.webp
Открытка про радость 1693,https://otkrytki.top/wp-content/uploads/2024/06/otkrytka-1693.jpg.webp
Картинка про жизнь 1774,https://otkrytki.top/wp-content/uploads/2024/07/otkrytka-1774.jpg.webp
Картинка с мудрым советом 1578,https://otkrytki.top/wp-content/uploads/2024/05/otkrytka-1578.jpg.webp
Картинка все будет хорошо  1564,https://otkrytki.top/wp-content/uploads/2024/05/otkrytka-1564.jpg.webp
Открытка не грусти 1559,https://otkrytki.top/wp-content/uploads/2024/05/otkrytka-1559.jpg.webp
Открытка любим тебя 1556,https://otkrytki.top/wp-content/uploads/2024/05/otkrytka-1556.jpg.webp
Добрая картинка 1562,https://otkrytki.top/wp-content/uploads/2024/05/otkrytka-1562.jpg.webp
Открытка добра 1558,https://otkrytki.top/wp-content/uploads/2024/05/otkrytka-1558.jpg.webp
Открытка 1535,https://otkrytki.top/wp-content/uploads/2024/05/otkrytka-1535.jpg.webp
Открытка улыбайся 1525,https://otkrytki.top/wp-content/uploads/2024/05/otkrytka-1525.jpg.webp
Открытка позитива 1533,https://otkrytki.top/wp-content/uploads/2024/05/otkrytka-1533.jpg.webp
Добрая открытка 1470,https://otkrytki.top/wp-content/uploads/2024/04/otkrytka-1470.jpg.webp
Открытка с пожеланиями 1466,https://otkrytki.top/wp-content/uploads/2024/04/otkrytka-1466.jpg.webp
Открытка про детей 1457,https://otkrytki.top/wp-content/uploads/2024/04/otkrytka-1457.jpg.webp
Мудрая Открытка 1438,https://otkrytki.top/wp-content/uploads/2024/04/otkrytka-1438.jpg.webp
Открытка 1429,https://otkrytki.top/wp-content/uploads/2024/04/otkrytka-1429.jpg.webp
Открытка дочери 1458,https://otkrytki.top/wp-content/uploads/2024/04/otkrytka-1458.jpg.webp
Открытка 1427,https://otkrytki.top/wp-content/uploads/2024/04/otkrytka-1427.jpg.webp
Открытка 1424,https://otkrytki.top/wp-content/uploads/2024/04/otkrytka-1424.jpg.webp
Открытка 1416,https://otkrytki.top/wp-content/uploads/2024/04/otkrytka-1416.jpg.webp
Открытка 1436,https://otkrytki.top/wp-content/uploads/2024/04/otkrytka-1436.jpg.webp
Открытка люблю 1440,https://otkrytki.top/wp-content/uploads/2024/04/otkrytka-1440.jpg.webp
Открытка 1399,https://otkrytki.top/wp-content/uploads/2024/04/otkrytka-1399.jpg.webp
Открытка 1396,https://otkrytki.top/wp-content/uploads/2024/04/otkrytka-1396.jpg.webp
Открытка помогай старшим 1417,https://otkrytki.top/wp-content/uploads/2024/04/otkrytka-1417.jpg.webp
Открытка 1394,https://otkrytki.top/wp-content/uploads/2024/04/otkrytka-1394.jpg.webp
Открытка 1397,https://otkrytki.top/wp-content/uploads/2024/04/otkrytka-1397.jpg.webp
Открытка с советом 1389,https://otkrytki.top/wp-content/uploads/2024/04/otkrytka-1389.jpg.webp
Добрая открытка 1379,https://otkrytki.top/wp-content/uploads/2024/04/otkrytka-1379.jpg.webp
Мудрая картинка 1352,https://otkrytki.top/wp-content/uploads/2024/04/otkrytka-1352.jpg.webp
Открытка 1320,https://otkrytki.top/wp-content/uploads/2024/03/otkrytka-1320.jpg.webp
Открытка 1311,https://otkrytki.top/wp-content/uploads/2024/03/otkrytka-1311.jpg.webp
Открытка 1261,https://otkrytki.top/wp-content/uploads/2024/03/otkrytka-1261.jpg.webp
Открытка 1295,https://otkrytki.top/wp-content/uploads/2024/03/otkrytka-1295.jpg.webp
Открытка 1290,https://otkrytki.top/wp-content/uploads/2024/03/otkrytka-1290.jpg.webp
Открытка 1289,https://otkrytki.top/wp-content/uploads/2024/03/otkrytka-1289.jpg.webp
Открытка 1234,https://otkrytki.top/wp-content/uploads/2024/03/otkrytka-1234.jpg.webp
Открытка 1263,https://otkrytki.top/wp-content/uploads/2024/03/otkrytka-1263.jpg.webp
Открытка 1222,https://otkrytki.top/wp-content/uploads/2024/02/otkrytka-1222.jpg.webp
Открытка 1220,https://otkrytki.top/wp-content/uploads/2024/02/otkrytka-1220.jpg.webp
Открытка 1215,https://otkrytki.top/wp-content/uploads/2024/02/otkrytka-1215.jpg.webp
Открытка 1259,https://otkrytki.top/wp-content/uploads/2024/03/otkrytka-1259.jpg.webp
Открытка 1205,https://otkrytki.top/wp-content/uploads/2024/02/otkrytka-1205.jpg.webp
Открытка 1199,https://otkrytki.top/wp-content/uploads/2024/02/otkrytka-1199.jpg.webp
Открытка 1229,https://otkrytki.top/wp-content/uploads/2024/02/otkrytka-1229.jpg.webp
Открытка 1191,https://otkrytki.top/wp-content/uploads/2024/02/otkrytka-1191.jpg.webp
Открытка 1183,https://otkrytki.top/wp-content/uploads/2024/02/otkrytka-1183.gif
Открытка 1190,https://otkrytki.top/wp-content/uploads/2024/02/otkrytka-1190.jpg.webp
Открытка 1180,https://otkrytki.top/wp-content/uploads/2024/02/otkrytka-1180.jpg.webp
Открытка 1150,https://otkrytki.top/wp-content/uploads/2024/02/otkrytka-1150.jpg.webp
Открытка 1168,https://otkrytki.top/wp-content/uploads/2024/02/otkrytka-1168.jpg.webp
Открытка 1162,https://otkrytki.top/wp-content/uploads/2024/02/otkrytka-1162.jpg.webp
Открытка 1146,https://otkrytki.top/wp-content/uploads/2024/02/otkrytka-1146.jpg.webp
Открытка 1147,https://otkrytki.top/wp-content/uploads/2024/02/otkrytka-1147.jpg.webp
Открытка 1158,https://otkrytki.top/wp-content/uploads/2024/02/otkrytka-1158.jpg.webp
Открытка 1154,https://otkrytki.top/wp-content/uploads/2024/02/otkrytka-1154.jpg.webp
Открытка 1123,https://otkrytki.top/wp-content/uploads/2024/01/otkrytka-1123.jpg.webp
Открытка 1153,https://otkrytki.top/wp-content/uploads/2024/02/otkrytka-1153.jpg.webp
Открытка 1159,https://otkrytki.top/wp-content/uploads/2024/02/otkrytka-1159.jpg.webp
Открытка 1120,https://otkrytki.top/wp-content/uploads/2024/01/otkrytka-1120.jpg.webp
Открытка 1116,https://otkrytki.top/wp-content/uploads/2024/01/otkrytka-1116.jpg.webp
Открытка 1112,https://otkrytki.top/wp-content/uploads/2024/01/otkrytka-1112.jpg.webp
Открытка 1111,https://otkrytki.top/wp-content/uploads/2024/01/otkrytka-1111.jpg.webp
Открытка 1109,https://otkrytki.top/wp-content/uploads/2024/01/otkrytka-1109.jpg.webp
Открытка 1110,https://otkrytki.top/wp-content/uploads/2024/01/otkrytka-1110.jpg.webp
Открытка 1133,https://otkrytki.top/wp-content/uploads/2024/02/otkrytka-1133.jpg.webp
Открытка 1107,https://otkrytki.top/wp-content/uploads/2024/01/otkrytka-1107.jpg.webp
Открытка 1099,https://otkrytki.top/wp-content/uploads/2024/01/otkrytka-1099.jpg.webp
Открытка 1093,https://otkrytki.top/wp-content/uploads/2024/01/otkrytka-1093.jpg.webp
Открытка 1078,https://otkrytki.top/wp-content/uploads/2024/01/otkrytka-1078.jpg.webp
otkrytka-1073,https://otkrytki.top/wp-content/uploads/2024/02/otkrytka-1073.jpg.webp
Открытка 1068,https://otkrytki.top/wp-content/uploads/2024/01/otkrytka-1068.jpg.webp
Открытка 1072,https://otkrytki.top/wp-content/uploads/2024/01/otkrytka-1072.jpg.webp
Открытка 1061,https://otkrytki.top/wp-content/uploads/2024/01/otkrytka-1061.jpg.webp
Открытка 1059,https://otkrytki.top/wp-content/uploads/2024/01/otkrytka-1059.jpg.webp
Открытка 1053,https://otkrytki.top/wp-content/uploads/2024/01/otkrytka-1053.jpg.webp
Открытка 1031,https://otkrytki.top/wp-content/uploads/2024/01/otkrytka-1031.jpg.webp
Открытка 1025,https://otkrytki.top/wp-content/uploads/2024/01/otkrytka-1025.jpg.webp
Открытка 1036,https://otkrytki.top/wp-content/uploads/2024/01/otkrytka-1036.jpg.webp
Открытка 1023,https://otkrytki.top/wp-content/uploads/2024/01/otkrytka-1023.jpg.webp
Открытка 1019,https://otkrytki.top/wp-content/uploads/2024/01/otkrytka-1019.jpg.webp
Открытка 1003,https://otkrytki.top/wp-content/uploads/2024/01/otkrytka-1003.jpg.webp
Открытка 996,https://otkrytki.top/wp-content/uploads/2024/01/otkrytka-996.jpg.webp
Открытка 991,https://otkrytki.top/wp-content/uploads/2024/01/otkrytka-991.jpg.webp
Открытка 989,https://otkrytki.top/wp-content/uploads/2024/01/otkrytka-989.jpg.webp
Открытка 976,https://otkrytki.top/wp-content/uploads/2023/12/otkrytka-976.jpg.webp
Открытка 987,https://otkrytki.top/wp-content/uploads/2023/12/otkrytka-987.jpg.webp
Открытка 965,https://otkrytki.top/wp-content/uploads/2023/12/otkrytka-965.jpg.webp
Открытка 971,https://otkrytki.top/wp-content/uploads/2023/12/otkrytka-971.jpg.webp
Открытка 960,https://otkrytki.top/wp-content/uploads/2023/12/otkrytka-960.jpg.webp
Открытка 969,https://otkrytki.top/wp-content/uploads/2023/12/otkrytka-969.jpg.webp
Открытка 961,https://otkrytki.top/wp-content/uploads/2023/12/otkrytka-961.jpg.webp
Открытка 958,https://otkrytki.top/wp-content/uploads/2023/12/otkrytka-958.jpg.webp
Открытка 948,https://otkrytki.top/wp-content/uploads/2023/12/otkrytka-948.jpg.webp
Открытка 950,https://otkrytki.top/wp-content/uploads/2023/12/otkrytka-950.jpg.webp
Открытка 944,https://otkrytki.top/wp-content/uploads/2023/12/otkrytka-944.jpg.webp
С Новым Годом открытка 18,https://otkrytki.top/wp-content/uploads/2023/12/s-novym-godom-otkrytka-18.jpg.webp
Открытка 940,https://otkrytki.top/wp-content/uploads/2023/12/otkrytka-940.jpg.webp
Открытка 939,https://otkrytki.top/wp-content/uploads/2023/12/otkrytka-939.jpg.webp
Открытка 937,https://otkrytki.top/wp-content/uploads/2023/12/otkrytka-937.jpg.webp
С Новым Годом открытка 21,https://otkrytki.top/wp-content/uploads/2023/12/s-novym-godom-otkrytka-21.jpg.webp
Открытка 919,https://otkrytki.top/wp-content/uploads/2023/12/otkrytka-919.jpg.webp
Открытка 953,https://otkrytki.top/wp-content/uploads/2023/12/otkrytka-953.jpg.webp
Открытка 917,https://otkrytki.top/wp-content/uploads/2023/12/otkrytka-917.jpg.webp
Открытка 924,https://otkrytki.top/wp-content/uploads/2023/12/otkrytka-924.jpg.webp
Открытка 909,https://otkrytki.top/wp-content/uploads/2023/12/otkrytka-909.jpg.webp
Открытка 891,https://otkrytki.top/wp-content/uploads/2023/12/otkrytka-891.jpg.webp
Открытка 901,https://otkrytki.top/wp-content/uploads/2023/12/otkrytka-901.jpg.webp
Открытка 857,https://otkrytki.top/wp-content/uploads/2023/12/otkrytka-857.jpg.webp
Открытка 902,https://otkrytki.top/wp-content/uploads/2023/12/otkrytka-902.jpg.webp
Открытка 852,https://otkrytki.top/wp-content/uploads/2023/12/otkrytka-852.jpg.webp
Открытка 831,https://otkrytki.top/wp-content/uploads/2023/12/otkrytka-831.jpg.webp
Открытка 834,https://otkrytki.top/wp-content/uploads/2023/12/otkrytka-834.jpg.webp
Открытка 842,https://otkrytki.top/wp-content/uploads/2023/12/otkrytka-842.jpg.webp
Открытка 846,https://otkrytki.top/wp-content/uploads/2023/12/otkrytka-846.jpg.webp
Открытка 819,https://otkrytki.top/wp-content/uploads/2023/11/otkrytka-819.jpg.webp
Открытка 824,https://otkrytki.top/wp-content/uploads/2023/12/otkrytka-824.jpg.webp
Открытка 861,https://otkrytki.top/wp-content/uploads/2023/12/otkrytka-861.jpg.webp
Открытка 812,https://otkrytki.top/wp-content/uploads/2023/11/otkrytka-812.jpg.webp
Открытка 813,https://otkrytki.top/wp-content/uploads/2023/11/otkrytka-813.jpg.webp
Открытка 802,https://otkrytki.top/wp-content/uploads/2023/11/otkrytka-802.jpg.webp
Открытка 727,https://otkrytki.top/wp-content/uploads/2023/11/otkrytka-727.jpg.webp
Открытка 791,https://otkrytki.top/wp-content/uploads/2023/11/otkrytka-791.jpg.webp
Открытка 771,https://otkrytki.top/wp-content/uploads/2023/11/otkrytka-771.jpg.webp
Открытка 786,https://otkrytki.top/wp-content/uploads/2023/11/otkrytka-786.jpg.webp
Открытка 784,https://otkrytki.top/wp-content/uploads/2023/11/otkrytka-784.jpg.webp
Открытка 783,https://otkrytki.top/wp-content/uploads/2023/11/otkrytka-783.jpg.webp
Открытка 747,https://otkrytki.top/wp-content/uploads/2023/11/otkrytka-747.jpg.webp
Открытка 745,https://otkrytki.top/wp-content/uploads/2023/11/otkrytka-745.jpg.webp
Открытка 746,https://otkrytki.top/wp-content/uploads/2023/11/otkrytka-746.jpg.webp
Открытка 759,https://otkrytki.top/wp-content/uploads/2023/11/otkrytka-759.jpg.webp
Открытка 755,https://otkrytki.top/wp-content/uploads/2023/11/otkrytka-755.jpg.webp
Открытка 694,https://otkrytki.top/wp-content/uploads/2023/11/otkrytka-694.jpg.webp
Открытка 754,https://otkrytki.top/wp-content/uploads/2023/11/otkrytka-754.jpg.webp
Открытка 756,https://otkrytki.top/wp-content/uploads/2023/11/otkrytka-756.jpg.webp
Открытка 718,https://otkrytki.top/wp-content/uploads/2023/11/otkrytka-718.jpg.webp
Открытка 655,https://otkrytki.top/wp-content/uploads/2023/10/otkrytka-655.jpg.webp
Открытка 649,https://otkrytki.top/wp-content/uploads/2023/10/otkrytka-649.jpg.webp
Открытка 650,https://otkrytki.top/wp-content/uploads/2023/10/otkrytka-650.jpg.webp
Открытка 625,https://otkrytki.top/wp-content/uploads/2023/10/otkrytka-625.jpg.webp
Открытка 631,https://otkrytki.top/wp-content/uploads/2023/10/otkrytka-631.jpg.webp
Открытка 627,https://otkrytki.top/wp-content/uploads/2023/10/otkrytka-627.jpg.webp
Открытка 621,https://otkrytki.top/wp-content/uploads/2023/10/otkrytka-621.jpg.webp
Открытка 615,https://otkrytki.top/wp-content/uploads/2023/10/otkrytka-615.jpg.webp
Открытка 611,https://otkrytki.top/wp-content/uploads/2023/10/otkrytka-611.jpg.webp
Открытка 603,https://otkrytki.top/wp-content/uploads/2023/10/otkrytka-603.jpg.webp
Открытка 586,https://otkrytki.top/wp-content/uploads/2023/10/otkrytka-586.jpg.webp
Открытка 584,https://otkrytki.top/wp-content/uploads/2023/10/otkrytka-584.jpg.webp
Открытка 575,https://otkrytki.top/wp-content/uploads/2023/10/otkrytka-575.jpg.webp
Открытка 573,https://otkrytki.top/wp-content/uploads/2023/10/otkrytka-573.jpg.webp
Открытка 564,https://otkrytki.top/wp-content/uploads/2023/10/564_otkrytka.jpg.webp
Открытка 56,https://otkrytki.top/wp-content/uploads/2023/10/566_otkrytka.jpg.webp
Открытка 563,https://otkrytki.top/wp-content/uploads/2023/10/563_otkrytka.jpg.webp
Открытка 554,https://otkrytki.top/wp-content/uploads/2023/10/554_otkrytka.jpg.webp
Открытка 551,https://otkrytki.top/wp-content/uploads/2023/10/551_otkrytka.jpg.webp
Открытка 547,https://otkrytki.top/wp-content/uploads/2023/09/547_otkrytka_1.jpg.webp
Открытка 523,https://otkrytki.top/wp-content/uploads/2023/09/523_otkrytka.jpg.webp
Открытка 522,https://otkrytki.top/wp-content/uploads/2023/09/522_otkrytka.jpg.webp
Открытка 520,https://otkrytki.top/wp-content/uploads/2023/09/520_otkrytka.jpg.webp
Открытка 516,https://otkrytki.top/wp-content/uploads/2023/09/516_otkrytka.jpg.webp
Открытка 505,https://otkrytki.top/wp-content/uploads/2023/09/505_otkrytka.jpg.webp
Открытка 501,https://otkrytki.top/wp-content/uploads/2023/09/501_otkrytka.jpg.webp
Открытка 500,https://otkrytki.top/wp-content/uploads/2023/09/500_otkrytka.jpg.webp
Открытка 499,https://otkrytki.top/wp-content/uploads/2023/09/499_otkrytka.jpg.webp
Открытка 508,https://otkrytki.top/wp-content/uploads/2023/09/508_otkrytka.jpg.webp
Открытка 494,https://otkrytki.top/wp-content/uploads/2023/09/494_otkrytka.jpg.webp
Открытка 480,https://otkrytki.top/wp-content/uploads/2023/09/480_otkrytka.jpg.webp
Открытка 475,https://otkrytki.top/wp-content/uploads/2023/09/475_otkrytka.jpg.webp
Открытка 468,https://otkrytki.top/wp-content/uploads/2023/09/468_otkrytka.jpg.webp
Открытка 456,https://otkrytki.top/wp-content/uploads/2023/09/456_otkrytka.jpg.webp
Открытка 467,https://otkrytki.top/wp-content/uploads/2023/09/467_otkrytka.jpg.webp
Открытка 466,https://otkrytki.top/wp-content/uploads/2023/09/466_otkrytka.jpg.webp
Открытка 464,https://otkrytki.top/wp-content/uploads/2023/09/464_otkrytka.jpg.webp
Открытка 462,https://otkrytki.top/wp-content/uploads/2023/09/462_otkrytka.jpg.webp
Открытка 448,https://otkrytki.top/wp-content/uploads/2023/09/448_otkrytka.jpg.webp
Открытка 436,https://otkrytki.top/wp-content/uploads/2023/09/436_otkrytka.jpg.webp
Открытка 442,https://otkrytki.top/wp-content/uploads/2023/09/442_otkrytka.jpg.webp
Открытка 424,https://otkrytki.top/wp-content/uploads/2023/09/424_otkrytka.jpg.webp
Открытка 431,https://otkrytki.top/wp-content/uploads/2023/09/431_otkrytka.jpg.webp
Открытка 430,https://otkrytki.top/wp-content/uploads/2023/09/430_otkrytka.jpg.webp
Открытка 418,https://otkrytki.top/wp-content/uploads/2023/08/418_otkrytka.jpg.webp
Открытка 417,https://otkrytki.top/wp-content/uploads/2023/08/417_otkrytka.jpg.webp
Открытка 414,https://otkrytki.top/wp-content/uploads/2023/08/414_otkrytka.jpg.webp
Открытка 403,https://otkrytki.top/wp-content/uploads/2023/08/403_otkrytka.gif
Открытка 395,https://otkrytki.top/wp-content/uploads/2023/08/395_otkrytka.jpg.webp
Открытка 384,https://otkrytki.top/wp-content/uploads/2023/08/384_otkrytka.jpg.webp
Открытка 373,https://otkrytki.top/wp-content/uploads/2023/08/373_otkrytka.jpg.webp
Открытка 366,https://otkrytki.top/wp-content/uploads/2023/08/366_otkrytka.jpg.webp
Открытка 356,https://otkrytki.top/wp-content/uploads/2023/08/356_otkrytka.jpg.webp
Открытка 368,https://otkrytki.top/wp-content/uploads/2023/08/368_otkrytka.jpg.webp
Открытка 358,https://otkrytki.top/wp-content/uploads/2023/08/358_otkrytka.jpg.webp
Открытка 338,https://otkrytki.top/wp-content/uploads/2023/08/338_otkrytka.jpg.webp
Открытка 331,https://otkrytki.top/wp-content/uploads/2023/08/331_otkrytka.jpg.webp
Открытка 323,https://otkrytki.top/wp-content/uploads/2023/08/323_otkrytka.jpg.webp
Открытка 321,https://otkrytki.top/wp-content/uploads/2023/08/321_otkrytka.jpg.webp
Открытка 316,https://otkrytki.top/wp-content/uploads/2023/08/316_otkrytka-1.jpg.webp
Открытка 295,https://otkrytki.top/wp-content/uploads/2023/08/295_otkrytka.jpg.webp
Открытка всё будет хорошо 244,https://otkrytki.top/wp-content/uploads/2023/07/244_otkrytka.jpg.webp
Открытка 230,https://otkrytki.top/wp-content/uploads/2023/07/230_otkrytka.jpg.webp
Открытка 213,https://otkrytki.top/wp-content/uploads/2023/07/213_otkrytka.jpg.webp
Открытка 174,https://otkrytki.top/wp-content/uploads/2023/07/174_otkrytka.jpg.webp
Открытка 162,https://otkrytki.top/wp-content/uploads/2023/07/162_otkrytka.jpg.webp
Открытка 157,https://otkrytki.top/wp-content/uploads/2023/07/157_otkrytka.jpg.webp
Открытка 173,https://otkrytki.top/wp-content/uploads/2023/07/173_otkrytka.jpg.webp
Открытка 158,https://otkrytki.top/wp-content/uploads/2023/07/158_otkrytka.jpg.webp
Открытка 149,https://otkrytki.top/wp-content/uploads/2023/07/149_otkrytka.jpg.webp
Открытка 146,https://otkrytki.top/wp-content/uploads/2023/07/146_otkrytka.jpg.webp
Открытка 145,https://otkrytki.top/wp-content/uploads/2023/07/145_otkrytka.jpg.webp
Открытка 120,https://otkrytki.top/wp-content/uploads/2023/07/120_otkrytka.jpg.webp
Открытка 118,https://otkrytki.top/wp-content/uploads/2023/07/118_otkrytka.jpg.webp
Открытка 117,https://otkrytki.top/wp-content/uploads/2023/07/117_otkrytka.jpg.webp
Открытка 131,https://otkrytki.top/wp-content/uploads/2023/07/131_otkrytka_01.jpg.webp
Открытка 114,https://otkrytki.top/wp-content/uploads/2023/07/114_otkrytka.jpg.webp
Открытка 126,https://otkrytki.top/wp-content/uploads/2023/07/126_otkrytka.jpg.webp
Открытка 108,https://otkrytki.top/wp-content/uploads/2023/07/108_otkrytka.jpg.webp
открытка 71,https://otkrytki.top/wp-content/uploads/2023/06/71_otkrytka.jpg.webp
открытка 72,https://otkrytki.top/wp-content/uploads/2023/06/72_otkrytka.jpg.webp
Открытка Доброго вечера и спокойной ночи 4574,https://otkrytki.top/wp-content/uploads/2026/08/otkrytka-4574.jpg.webp
Открытка волшебных снов 4563,https://otkrytki.top/wp-content/uploads/2026/08/otkrytka-4563.jpg.webp
Открытка Для Вас 4549,https://otkrytki.top/wp-content/uploads/2026/08/otkrytka-4549.jpg.webp
Открытка осеннее доброе утро 3774,https://otkrytki.top/wp-content/uploads/2026/01/otkrytka-3774.jpg.webp
Яркая открытка Доброе утро 3920,https://otkrytki.top/wp-content/uploads/2026/02/otkrytka-3920.jpg.webp
Открытка Спокойной ночи 4541,https://otkrytki.top/wp-content/uploads/2026/08/otkrytka-4541.jpg.webp
Открытка Доброе утро 4473,https://otkrytki.top/wp-content/uploads/2026/08/otkrytka-4473.jpg.webp
Открытка Спокойной ночи 4456,https://otkrytki.top/wp-content/uploads/2026/08/otkrytka-4456.jpg.webp
Открытка Доброй ночи 4455,https://otkrytki.top/wp-content/uploads/2026/08/otkrytka-4455.jpg.webp
Открытка Доброе утро дорогая  4449,https://otkrytki.top/wp-content/uploads/2026/08/otkrytka-4449.jpg.webp
Открытка женщине с днем рождения 4439,https://otkrytki.top/wp-content/uploads/2026/07/otkrytka-4439.jpg.webp
Открытка С добрым утром среда 4419,https://otkrytki.top/wp-content/uploads/2026/07/otkrytka-4419.jpg.webp
Открытка Наташе на день рождения  4417,https://otkrytki.top/wp-content/uploads/2026/07/otkrytka-4417.jpg.webp
Открытка доброе утро 4377,https://otkrytki.top/wp-content/uploads/2026/07/otkrytka-4377.jpg.webp
Открытка с цветами С Днем работников торговли 3289,https://otkrytki.top/wp-content/uploads/2025/08/otkrytka-3289.jpg.webp
Открытка С добрым утром 4350,https://otkrytki.top/wp-content/uploads/2026/07/otkrytka-4350.jpg.webp
Открытка С добрым утром 4341,https://otkrytki.top/wp-content/uploads/2026/07/otkrytka-4341.jpg.webp
Открытка на день 4334,https://otkrytki.top/wp-content/uploads/2026/07/otkrytka-4334-1.jpg.webp
Открытка женщине 4314,https://otkrytki.top/wp-content/uploads/2026/06/otkrytka-4314.jpg.webp
Открытка Спокойной ночи 4280,https://otkrytki.top/wp-content/uploads/2026/06/otkrytka-4280.jpg.webp
Открытка спокойной ночи 4279,https://otkrytki.top/wp-content/uploads/2026/06/otkrytka-4279.jpg.webp
Открытка с розой доброй ночи 4278,https://otkrytki.top/wp-content/uploads/2026/06/otkrytka-4278.jpg.webp
Открытка Доброй ночи с цветами 4277,https://otkrytki.top/wp-content/uploads/2026/06/otkrytka-4277.jpg.webp
Видео открытка спокойной ночи 4257,https://otkrytki.top/wp-content/uploads/2026/06/otkrytka-4257.jpg.webp
Открытка Отдыхай Спокойной ночи 4251,https://otkrytki.top/wp-content/uploads/2026/06/otkrytka-4251.jpg.webp
Открытка С добрым утром 4247,https://otkrytki.top/wp-content/uploads/2026/06/otkrytka-4247.jpg.webp
Открытка Доброе утро 4232,https://otkrytki.top/wp-content/uploads/2026/06/otkrytka-4232.jpg.webp
Открытка Тебя ждет прекрасный день 4228,https://otkrytki.top/wp-content/uploads/2026/05/otkrytka-4228.jpg.webp
Открытка С добрым летним утром 3756,https://otkrytki.top/wp-content/uploads/2025/12/otkrytka-3756.jpg.webp
Открытка Хорошего дня 4226,https://otkrytki.top/wp-content/uploads/2026/05/otkrytka-4226.jpg.webp
Видео-открытка С добрым утром 4172,https://otkrytki.top/wp-content/uploads/2026/05/otkrytka-4172.jpg.webp
Открытка Спокойной ночи с цветами 4223,https://otkrytki.top/wp-content/uploads/2026/05/otkrytka-4223.jpg.webp
Открытка С Днем Рождения женщине 4220,https://otkrytki.top/wp-content/uploads/2026/05/otkrytka-4220.jpg.webp
Открытка с ДиКаприо на день рождения 4209,https://otkrytki.top/wp-content/uploads/2026/05/otkrytka-4209.jpg.webp
Открытка спасибо 4218,https://otkrytki.top/wp-content/uploads/2026/05/otkrytka-4218.jpg.webp
Открытка Приятного утра 4189,https://otkrytki.top/wp-content/uploads/2026/05/otkrytka-4189.jpg.webp
Открытка Доброго вечера 4191,https://otkrytki.top/wp-content/uploads/2026/05/otkrytka-4191.jpg.webp
Открытка Доброе утро 4197,https://otkrytki.top/wp-content/uploads/2026/05/otkrytka-4197.jpg.webp
Открытка Ты мой цветочек 4162,https://otkrytki.top/wp-content/uploads/2026/05/otkrytka-4162.jpg.webp
Открытка С добрым утром 4136,https://otkrytki.top/wp-content/uploads/2026/05/otkrytka-4136.jpg.webp
Красивая открытка с розой Доброе утро 4122,https://otkrytki.top/wp-content/uploads/2026/04/otkrytka-4122.jpg.webp
Открытка с днем рождения  4115,https://otkrytki.top/wp-content/uploads/2026/04/otkrytka-4115.jpg.webp
Нежная открытка Доброе утро 4106,https://otkrytki.top/wp-content/uploads/2026/04/otkrytka-4106.jpg.webp
Открытка с днем рождения с цветами и обезьяной 4113,https://otkrytki.top/wp-content/uploads/2026/04/otkrytka-4113.jpg.webp
Открытка Спокойной ночи с розой 4117,https://otkrytki.top/wp-content/uploads/2026/04/otkrytka-4117.jpg.webp
Красивая открытка с розами Спокойной ночи 4116,https://otkrytki.top/wp-content/uploads/2026/04/otkrytka-4116.jpg.webp
Яркая открытка Доброе утро 4107,https://otkrytki.top/wp-content/uploads/2026/04/otkrytka-4107.jpg.webp
Открытка с Днем рождения 4098,https://otkrytki.top/wp-content/uploads/2026/04/otkrytka-4098.jpg.webp
Открытка Доброе утро 4097,https://otkrytki.top/wp-content/uploads/2026/04/otkrytka-4097.jpg.webp
Открытка с цветами доброе утро 4110,https://otkrytki.top/wp-content/uploads/2026/04/otkrytka-4110.jpg.webp
Красивая открытка Хорошего дня 4099,https://otkrytki.top/wp-content/uploads/2026/04/otkrytka-4099.jpg.webp
Открытка женщине Доброе утро с цветами 4095,https://otkrytki.top/wp-content/uploads/2026/04/otkrytka-4095.jpg.webp
Открытка Цветы для женщины 4093,https://otkrytki.top/wp-content/uploads/2026/04/otkrytka-4093.jpg.webp
Открытка с Днем рождения с цветами 4081,https://otkrytki.top/wp-content/uploads/2026/04/otkrytka-4081.jpg.webp
Открытка с добрым утром 4089,https://otkrytki.top/wp-content/uploads/2026/04/otkrytka-4089.jpg.webp
Открытка Спокойной ночи с цветком 4092,https://otkrytki.top/wp-content/uploads/2026/04/otkrytka-4092.jpg.webp
Открытка с Днем рождения 4083,https://otkrytki.top/wp-content/uploads/2026/04/otkrytka-4083.jpg.webp
открытка с розами Хорошего дня 4073,https://otkrytki.top/wp-content/uploads/2026/04/otkrytka-4073.jpg.webp
Доброе утро открытка с цветами 4050,https://otkrytki.top/wp-content/uploads/2026/04/otkrytka-4050.jpg.webp
открытка Утро доброе  4072,https://otkrytki.top/wp-content/uploads/2026/04/otkrytka-4072.jpg.webp
открытка Спокойной ночи 4069,https://otkrytki.top/wp-content/uploads/2026/04/otkrytka-4069.jpg.webp
открытка с цветами Спокойной ночи 4070,https://otkrytki.top/wp-content/uploads/2026/04/otkrytka-4070.jpg.webp
Доброе утро открытка с розами 4051,https://otkrytki.top/wp-content/uploads/2026/04/otkrytka-4051.jpg.webp
открытка Спокойной ночи 4057,https://otkrytki.top/wp-content/uploads/2026/04/otkrytka-4057.jpg.webp
открытка хорошего дня с цветами 4055,https://otkrytki.top/wp-content/uploads/2026/04/otkrytka-4055.jpg.webp
Доброе утро открытка 4048,https://otkrytki.top/wp-content/uploads/2026/04/otkrytka-4048.jpg.webp
открытка с цветами доброе утро 4033,https://otkrytki.top/wp-content/uploads/2026/03/otkrytka-4033.jpg.webp
открытка Доброго утра 4053,https://otkrytki.top/wp-content/uploads/2026/04/otkrytka-4053.jpg.webp
Красивая открытка Доброе утро 4020,https://otkrytki.top/wp-content/uploads/2026/03/otkrytka-4020.jpg.webp
открытка хорошего дня доброе утро  4021,https://otkrytki.top/wp-content/uploads/2026/03/otkrytka-4021.jpg.webp
Доброе утро открытка с цветком 4022,https://otkrytki.top/wp-content/uploads/2026/03/otkrytka-4022.jpg.webp
открытка пусть все у тебя получится 4011,https://otkrytki.top/wp-content/uploads/2026/03/otkrytka-4011.jpg.webp
Милая открытка с котенком Доброе утро 3988,https://otkrytki.top/wp-content/uploads/2026/03/otkrytka-3988.jpg.webp
Открытка Доброе утро 3985,https://otkrytki.top/wp-content/uploads/2026/03/otkrytka-3985.jpg.webp
Открытка доброе утро 3974,https://otkrytki.top/wp-content/uploads/2026/03/otkrytka-3974.jpg.webp
открытка с днем рождения девочке 4001,https://otkrytki.top/wp-content/uploads/2026/03/otkrytka-4001.jpg.webp
Открытка Доброе утро 3970,https://otkrytki.top/wp-content/uploads/2026/03/otkrytka-3970.jpg.webp
Открытка Хорошего дня 3973,https://otkrytki.top/wp-content/uploads/2026/03/otkrytka-3973.jpg.webp
Открытка с днем рождения 3982,https://otkrytki.top/wp-content/uploads/2026/03/otkrytka-3982.jpg.webp
Открытка с днем рождения девушке 3981,https://otkrytki.top/wp-content/uploads/2026/03/otkrytka-3981.jpg.webp
Открытка с котиком и розами 3941,https://otkrytki.top/wp-content/uploads/2026/03/otkrytka-3941.jpg.webp
Открытка хорошего дня с цветами 3957,https://otkrytki.top/wp-content/uploads/2026/03/otkrytka-3957.jpg.webp
Открытка встречай утро с улыбкой 3955,https://otkrytki.top/wp-content/uploads/2026/03/otkrytka-3955.jpg.webp
Открытка с цветами и пожеланиями 3942,https://otkrytki.top/wp-content/uploads/2026/03/otkrytka-3942.jpg.webp
Открытка Доброе утро 3769,https://otkrytki.top/wp-content/uploads/2026/01/otkrytka-3769.jpg.webp
Открытка доброе утро с цветами 3945,https://otkrytki.top/wp-content/uploads/2026/03/otkrytka-3945.jpg.webp
Открытка Хорошего настроения 3949,https://otkrytki.top/wp-content/uploads/2026/03/otkrytka-3949.jpg.webp
Красивая открытка доброе утро с тюльпанами 3947,https://otkrytki.top/wp-content/uploads/2026/03/otkrytka-3947.jpg.webp
Открытка 8 марта с бабочками 55,https://otkrytki.top/wp-content/uploads/2026/02/otkrytka-8-marta-55.jpg.webp
Видео-открытка с добрым утром 3936,https://otkrytki.top/wp-content/uploads/2026/03/otkrytka-3936.jpg.webp
Открытка 8 марта 54,https://otkrytki.top/wp-content/uploads/2026/02/otkrytka-8-marta-54.jpg.webp
Открытка с тюльпанами Доброе утро и дня 3335,https://otkrytki.top/wp-content/uploads/2025/08/otkrytka-3335.jpg.webp
Открытка Всем счастья 3934,https://otkrytki.top/wp-content/uploads/2026/03/otkrytka-3934.jpg.webp
Весенняя открытка с добрым утром 3166,https://otkrytki.top/wp-content/uploads/2025/07/otkrytka-3166.jpg.webp
Открытка с добрым утром  3027,https://otkrytki.top/wp-content/uploads/2025/06/otkrytka-3027.jpg.webp
Открытка с добрым утром и розами 3916,https://otkrytki.top/wp-content/uploads/2026/02/otkrytka-3916.jpg.webp
Открытка с добрым утром и уткой 3599,https://otkrytki.top/wp-content/uploads/2025/11/otkrytka-3599.jpg.webp
Открытка 8 марта 39,https://otkrytki.top/wp-content/uploads/2025/02/otkrytka-8-marta-39.jpg.webp
Открытка доброе утро женщине 3919,https://otkrytki.top/wp-content/uploads/2026/02/otkrytka-3919.jpg.webp
Открытка С Днем Рождения с пожеланием 3908,https://otkrytki.top/wp-content/uploads/2026/02/otkrytka-3908.jpg.webp
Открытка с котиком доброе утро 3852,https://otkrytki.top/wp-content/uploads/2026/02/otkrytka-3852-1.jpg.webp
Открытка Хорошего вечера 3889,https://otkrytki.top/wp-content/uploads/2026/02/otkrytka-3889.jpg.webp
Открытка Добрый вечер 3885,https://otkrytki.top/wp-content/uploads/2026/02/otkrytka-3885.jpg.webp
Открытка С Днем Рождения 3884,https://otkrytki.top/wp-content/uploads/2026/02/otkrytka-3884.jpg.webp
Открытка с собакой Доброе утро 3868,https://otkrytki.top/wp-content/uploads/2026/02/otkrytka-3868.jpg.webp
Открытка Доброе утро 3880,https://otkrytki.top/wp-content/uploads/2026/02/otkrytka-3880.jpg.webp
Открытка Выздоравливай скорее 3865,https://otkrytki.top/wp-content/uploads/2026/02/otkrytka-3865.jpg.webp
Открытка С добрым утром 3858,https://otkrytki.top/wp-content/uploads/2026/02/otkrytka-3858.jpg.webp
Открытка с цветами доброе утро 3857,https://otkrytki.top/wp-content/uploads/2026/02/otkrytka-3857.jpg.webp
Открытка Доброе утро женщинам 3835,https://otkrytki.top/wp-content/uploads/2026/01/otkrytka-3835.jpg.webp
Открытка доброе утро 3788,https://otkrytki.top/wp-content/uploads/2026/01/otkrytka-3788.jpg.webp
Открытка С добрым утром 3758,https://otkrytki.top/wp-content/uploads/2025/12/otkrytka-3758.jpg.webp
Открытка с днем рождения 3807,https://otkrytki.top/wp-content/uploads/2026/01/otkrytka-3807.jpg.webp
Видео-открытка для всех Татьян 3431,https://otkrytki.top/wp-content/uploads/2025/09/otkrytka-3431.jpg.webp
Открытка Хорошего дня 3796,https://otkrytki.top/wp-content/uploads/2026/01/otkrytka-3796.jpg.webp
Открытка Доброе утро 3777,https://otkrytki.top/wp-content/uploads/2026/01/otkrytka-3777.jpg.webp
Открытка желаю доброго утра 3771,https://otkrytki.top/wp-content/uploads/2026/01/otkrytka-3771.jpg.webp
Открытка Мир Вам 3748,https://otkrytki.top/wp-content/uploads/2025/12/otkrytka-3748.jpg.webp
Открытка 3749,https://otkrytki.top/wp-content/uploads/2025/12/otkrytka-3749.jpg.webp
Открытка Поздравляю с Днем рождения 3764,https://otkrytki.top/wp-content/uploads/2026/01/otkrytka-3764.jpg.webp
Открытка С добрым утром с цветами и котом  3757,https://otkrytki.top/wp-content/uploads/2025/12/otkrytka-3757.jpg.webp
Открытка С Богом 3747,https://otkrytki.top/wp-content/uploads/2025/12/otkrytka-3747.jpg.webp
Открытка Доброе утро женщине 3767,https://otkrytki.top/wp-content/uploads/2026/01/otkrytka-3767.jpg.webp
Открытка 3725,https://otkrytki.top/wp-content/uploads/2025/12/otkrytka-3725.jpg.webp
Открытка Галине на ДР 3593,https://otkrytki.top/wp-content/uploads/2025/11/otkrytka-3593.jpg.webp
Открытка с розой для подруги 3724,https://otkrytki.top/wp-content/uploads/2025/12/otkrytka-3724.jpg.webp
Открытка С Днем Рождения женщине 3690,https://otkrytki.top/wp-content/uploads/2025/11/otkrytka-3690.jpg.webp
Открытка С Днем Рождения с цветами 3663,https://otkrytki.top/wp-content/uploads/2025/11/otkrytka-3663.jpg.webp
Открытка Я к тебе с цветами 3687,https://otkrytki.top/wp-content/uploads/2025/11/otkrytka-3687.jpg.webp
Открытка Ты супер 3688,https://otkrytki.top/wp-content/uploads/2025/11/otkrytka-3688.jpg.webp
Открытка с цветами просто так 3682,https://otkrytki.top/wp-content/uploads/2025/11/otkrytka-3682.jpg.webp
Открытка бабушке с днем рождения 3626,https://otkrytki.top/wp-content/uploads/2025/11/otkrytka-3626.jpg.webp
Открытка с Днем матери с тюльпанами,https://otkrytki.top/wp-content/uploads/2025/11/otkrytka-s-dnem-materi-38.jpg.webp
Открытка с Днем матери 36,https://otkrytki.top/wp-content/uploads/2025/11/otkrytka-s-dnem-materi-36.jpg.webp
Открытка с милыми котятами доброе утро 3653,https://otkrytki.top/wp-content/uploads/2025/11/otkrytka-3653.jpg.webp
Открытка Гале с пожеланиями в стихах 3591,https://otkrytki.top/wp-content/uploads/2025/11/otkrytka-3591.jpg.webp
Милая открытка мужчине 3650,https://otkrytki.top/wp-content/uploads/2025/11/otkrytka-3650.jpg.webp
Открытка с днем рождения Дарья 3583,https://otkrytki.top/wp-content/uploads/2025/11/otkrytka-3583_2.jpg.webp
Картинка про то что имеешь 3645,https://otkrytki.top/wp-content/uploads/2025/11/otkrytka-3645.jpg.webp
Открытка с добрым утром любимой 3625,https://otkrytki.top/wp-content/uploads/2025/11/otkrytka-3625.jpg.webp
Открытка Дарье на день рождения 3584,https://otkrytki.top/wp-content/uploads/2025/11/otkrytka-3584.jpg.webp
Открытка женщине с днем рождения 3575,https://otkrytki.top/wp-content/uploads/2025/11/otkrytka-3575.jpg.webp
Открытка Нине на день рождения 3561,https://otkrytki.top/wp-content/uploads/2025/10/otkrytka-3561.jpg.webp
Открытка на годовщину свадьбы 3573,https://otkrytki.top/wp-content/uploads/2025/11/otkrytka-3573.jpg.webp
Осенняя открытка с днем рождения 3554,https://otkrytki.top/wp-content/uploads/2025/10/otkrytka-3554.jpg.webp
Открытка с днем рождения женщине 3553,https://otkrytki.top/wp-content/uploads/2025/10/otkrytka-3553.jpg.webp
С днем рождения 3543,https://otkrytki.top/wp-content/uploads/2025/10/otkrytka-3543.jpg.webp
С днем рождения женщинам 3542,https://otkrytki.top/wp-content/uploads/2025/10/otkrytka-3542.jpg.webp
Открытка с днем рождения 3537,https://otkrytki.top/wp-content/uploads/2025/10/otkrytka-3537.jpg.webp
Открытка с цветами спокойной ночи 3534,https://otkrytki.top/wp-content/uploads/2025/10/otkrytka-3534.jpg.webp
Открытка с цветами на день рождения 3533,https://otkrytki.top/wp-content/uploads/2025/10/otkrytka-3533.jpg.webp
Открытка с днем рождения и конвертом 3531,https://otkrytki.top/wp-content/uploads/2025/10/otkrytka-3531.jpg.webp
Открытка с днем рождения Нина 3518,https://otkrytki.top/wp-content/uploads/2025/10/otkrytka-3518.jpg.webp
Открытка с цветами для женщины Доброе утро 3485,https://otkrytki.top/wp-content/uploads/2025/10/otkrytka-3485.jpg.webp
Открытка Доброе утро с красивой девушкой 3520,https://otkrytki.top/wp-content/uploads/2025/10/otkrytka-3520.jpg.webp
Видео-открытка девочкам хорошего дня 3514,https://otkrytki.top/wp-content/uploads/2025/10/otkrytka-3514.jpg.webp
Открытка с котом в костюме с днем рождения 3519,https://otkrytki.top/wp-content/uploads/2025/10/otkrytka-3519.jpg.webp
Открытка с розами утро доброе 3494,https://otkrytki.top/wp-content/uploads/2025/10/otkrytka-3494.jpg.webp
Открытка С Днем Рождения 3515,https://otkrytki.top/wp-content/uploads/2025/10/otkrytka-3515.jpg.webp
Открытка с днем рождения женщине от зайчика 3465,https://otkrytki.top/wp-content/uploads/2025/09/otkrytka-3465.jpg.webp
Открытка с розами доброе утро 3469,https://otkrytki.top/wp-content/uploads/2025/09/otkrytka-3469.jpg.webp
Открытка с собакой и цветами хорошего настроения 3478,https://otkrytki.top/wp-content/uploads/2025/09/otkrytka-3478.jpg.webp
Открытка с цветком Доброе утро хорошего дня 3460,https://otkrytki.top/wp-content/uploads/2025/09/otkrytka-3460.jpg.webp
Открытка доброе утро с девушкой и цветами 3446,https://otkrytki.top/wp-content/uploads/2025/09/otkrytka-3446.jpg.webp
Открытка с днем учителя 19,https://otkrytki.top/wp-content/uploads/2025/08/otkrytka-3331.jpg.webp
Видео-открытка дочери с мишкой 3456,https://otkrytki.top/wp-content/uploads/2025/09/otkrytka-3456.jpg.webp
Открытка с молодой учительницей на День учителя 19,https://otkrytki.top/wp-content/uploads/2025/09/otkrytka-na-den-uchitelya-19.jpg.webp
Открытка с котиком и розой  для любимой 3454,https://otkrytki.top/wp-content/uploads/2025/09/otkrytka-3454.jpg.webp
Видео-открытка с Ну погоди на день рождения Светлане 3453,https://otkrytki.top/wp-content/uploads/2025/09/otkrytka-3453.jpg.webp
Видео-открытка с тюльпанами Прекрасного утра 3418,https://otkrytki.top/wp-content/uploads/2025/09/otkrytka-3418.jpg.webp
Открытка хорошего вечера 3449,https://otkrytki.top/wp-content/uploads/2025/09/otkrytka-3449.jpg.webp
Открытка спокойной ночи с красным цветком 3444,https://otkrytki.top/wp-content/uploads/2025/09/otkrytka-3444.jpg.webp
Видео-открытка с котиком Доброго утра 3413,https://otkrytki.top/wp-content/uploads/2025/09/otkrytka-3413.jpg.webp
Открытка с девушкой с цветами доброе утро 3421,https://otkrytki.top/wp-content/uploads/2025/09/otkrytka-3421.jpg.webp
Открытка с цветами с добрым утром 3409,https://otkrytki.top/wp-content/uploads/2025/09/otkrytka-3409.jpg.webp
Открытка хорошего дня всем нам 3385,https://otkrytki.top/wp-content/uploads/2025/09/otkrytka-3385.jpg.webp
Открытка с ромашками доброе утро 3370,https://otkrytki.top/wp-content/uploads/2025/09/otkrytka-3370.jpg.webp
Открытка с тюльпанами Благодарю 3378,https://otkrytki.top/wp-content/uploads/2025/09/otkrytka-3378.jpg.webp
Открытка с днем рождения для женщин 3351,https://otkrytki.top/wp-content/uploads/2025/08/otkrytka-3351.jpg.webp
Открытка с ромашками Хорошего дня 3369,https://otkrytki.top/wp-content/uploads/2025/09/otkrytka-3369.jpg.webp
Открытка с розой Благодарю 3377,https://otkrytki.top/wp-content/uploads/2025/09/otkrytka-3377.jpg.webp
Открытка С ромашками Доброе утро 3356,https://otkrytki.top/wp-content/uploads/2025/08/otkrytka-3356.jpg.webp
Открытка с юбилеем 3348,https://otkrytki.top/wp-content/uploads/2025/08/otkrytka-3348.jpg.webp
Открытка с цветком доброй ночи,https://otkrytki.top/wp-content/uploads/2025/08/otkrytka-3358.jpg.webp
Открытка Спасибо мама и папа 3341,https://otkrytki.top/wp-content/uploads/2025/08/otkrytka-3341.jpg.webp
Открытка с розами С Днем Рождения 3347,https://otkrytki.top/wp-content/uploads/2025/08/otkrytka-3347.jpg.webp
Открытка с зеленым букетом для женщины на день рождения 3294,https://otkrytki.top/wp-content/uploads/2025/08/otkrytka-3294.jpg.webp
Открытка с розой Спокойной ночи 3282,https://otkrytki.top/wp-content/uploads/2025/08/otkrytka-3282.jpg.webp
Красивый букет цветов С Днем Рождения 3281,https://otkrytki.top/wp-content/uploads/2025/08/otkrytka-3281.jpg.webp
Милая открытка Здравствуй утро 3276,https://otkrytki.top/wp-content/uploads/2025/08/otkrytka-3276.jpg.webp
Открытка с цветком Доброй ночи 3285,https://otkrytki.top/wp-content/uploads/2025/08/otkrytka-3285.jpg.webp
Красивая открытка с цветами С Добрым утром 3275,https://otkrytki.top/wp-content/uploads/2025/08/otkrytka-3275.jpg.webp
Красивая открытка с шикарным букетом Хорошего настроения 3280,https://otkrytki.top/wp-content/uploads/2025/08/otkrytka-3280.jpg.webp
Открытка на день рождения с зайчиком,https://otkrytki.top/wp-content/uploads/2025/08/otkrytka-3257.jpg.webp
"Открытка Приветик, дежи букетик 3270",https://otkrytki.top/wp-content/uploads/2025/08/otkrytka-3270.jpg.webp
Открытка Спокойной ночи 3260,https://otkrytki.top/wp-content/uploads/2025/08/otkrytka-3260.jpg.webp
Открытка С Днем Рождения женщине,https://otkrytki.top/wp-content/uploads/2025/08/otkrytka-3248.jpg.webp
Открытка 3250,https://otkrytki.top/wp-content/uploads/2025/08/otkrytka-3250.jpg.webp
Открытка Доброе утро с подсолнухами 3224,https://otkrytki.top/wp-content/uploads/2025/07/otkrytka-3224.jpg.webp
Открытка С Днем Рождения мама,https://otkrytki.top/wp-content/uploads/2025/08/otkrytka-3245.jpg.webp
Открытка Прекрасного летнего денечка 3235,https://otkrytki.top/wp-content/uploads/2025/08/otkrytka-3235.jpg.webp
Открытка С Днем Рождения 3217,https://otkrytki.top/wp-content/uploads/2025/07/otkrytka-3217.jpg.webp
Открытка С добрым летним утром 3188,https://otkrytki.top/wp-content/uploads/2025/07/otkrytka-3188.jpg.webp
Открытка Хорошего дня с цветами,https://otkrytki.top/wp-content/uploads/2025/07/otkrytka-3213.jpg.webp
Видео-открытка Доброе утро 3181,https://otkrytki.top/wp-content/uploads/2025/07/otkrytka-3181.jpg.webp
Открытка Доброй ночи 3220,https://otkrytki.top/wp-content/uploads/2025/07/otkrytka-3220.jpg.webp
Видео-открытка 3177,https://otkrytki.top/wp-content/uploads/2025/07/otkrytka-3177.jpg.webp
Открытка Наслаждайтесь жизнью с понедельника 3105,https://otkrytki.top/wp-content/uploads/2025/06/otkrytka-3105.jpg.webp
Открытка с днем рождения женщине 3184,https://otkrytki.top/wp-content/uploads/2025/07/otkrytka-3184.jpg.webp
Открытка Доброе утро 3161,https://otkrytki.top/wp-content/uploads/2025/07/otkrytka-3161.jpg.webp
Открытка с добрым утром  3162,https://otkrytki.top/wp-content/uploads/2025/07/otkrytka-3162.jpg.webp
Открытка Спокойной ночи 3186,https://otkrytki.top/wp-content/uploads/2025/07/otkrytka-3186.jpg.webp
Открытка Замечательного дня 3178,https://otkrytki.top/wp-content/uploads/2025/07/otkrytka-3178.jpg.webp
Открытка Удалить элемент: С добрым утром С добрым утром 3164,https://otkrytki.top/wp-content/uploads/2025/07/otkrytka-3164.jpg.webp
Открытка женщине с Днем рождения 3155,https://otkrytki.top/wp-content/uploads/2025/07/otkrytka-3155.jpg.webp
Открытка С добрым утром 3149,https://otkrytki.top/wp-content/uploads/2025/07/otkrytka-3149.jpg.webp
Открытка С добрым утром женщине 3158,https://otkrytki.top/wp-content/uploads/2025/07/otkrytka-3158.jpg.webp
Открытка Хорошего дня 3156,https://otkrytki.top/wp-content/uploads/2025/07/otkrytka-3156.jpg.webp
Открытка с цветочком для женщины 3154,https://otkrytki.top/wp-content/uploads/2025/07/otkrytka-3154.jpg.webp
Открытка С Днем Рождения 3143,https://otkrytki.top/wp-content/uploads/2025/07/otkrytka-3143.jpg.webp
Открытка С Днем Рождения 3119,https://otkrytki.top/wp-content/uploads/2025/06/otkrytka-3119.jpg.webp
Открытка Доброе утро 3126,https://otkrytki.top/wp-content/uploads/2025/06/otkrytka-3126.jpg.webp
Открытка с днем рождения 3097,https://otkrytki.top/wp-content/uploads/2025/06/otkrytka-3097.gif
Открытка женщине хорошего дня 3096,https://otkrytki.top/wp-content/uploads/2025/06/otkrytka-3096.gif
Открытка доброе утро 3074,https://otkrytki.top/wp-content/uploads/2025/06/otkrytka-3074.jpg.webp
Открытка Это тебе 3102,https://otkrytki.top/wp-content/uploads/2025/06/otkrytka-3102.jpg.webp
Открытка доброго дня 3101,https://otkrytki.top/wp-content/uploads/2025/06/otkrytka-3101.jpg.webp
Видео-открытка настоящей королеве 3093,https://otkrytki.top/wp-content/uploads/2025/06/otkrytka-3093.jpg.webp
Открытка С Днем рождения 3082,https://otkrytki.top/wp-content/uploads/2025/06/otkrytka-3082.jpg.webp
Открытка не разрешайте себе плохое настроение 3062,https://otkrytki.top/wp-content/uploads/2025/06/otkrytka-3062.jpg.webp
Открытка Доброе утро 3066,https://otkrytki.top/wp-content/uploads/2025/06/otkrytka-3066.jpg.webp
Открытка хорошего настроения 3069,https://otkrytki.top/wp-content/uploads/2025/06/otkrytka-3069.jpg.webp
Открытка с добрым утром 3024,https://otkrytki.top/wp-content/uploads/2025/05/otkrytka-3024.jpg.webp
Открытка Утренний приветик  2995,https://otkrytki.top/wp-content/uploads/2025/05/otkrytka-2995.jpg.webp
Открытка любимой дочке на день рождения 3011,https://otkrytki.top/wp-content/uploads/2025/05/otkrytka-3011.jpg.webp
Открытка С Днем Рождения дочери 3008,https://otkrytki.top/wp-content/uploads/2025/05/otkrytka-3008.jpg.webp
Открытка с днем рождения 3004,https://otkrytki.top/wp-content/uploads/2025/05/otkrytka-3004.jpg.webp
Открытка С добрым утром 2988,https://otkrytki.top/wp-content/uploads/2025/05/otkrytka-2988.jpg.webp
Открытка Добрый вечер 2991,https://otkrytki.top/wp-content/uploads/2025/05/otkrytka-2991.jpg.webp
Открытка Тихого вечера 2993,https://otkrytki.top/wp-content/uploads/2025/05/otkrytka-2993.jpg.webp
Открытка С добрым утром 2744,https://otkrytki.top/wp-content/uploads/2025/03/otkrytka-2744.jpg.webp
Открытка С добрым утром 2743,https://otkrytki.top/wp-content/uploads/2025/03/otkrytka-2743.jpg.webp
Открытка Хорошего вечера 2977,https://otkrytki.top/wp-content/uploads/2025/05/otkrytka-2977.jpg.webp
Открытка С добрым утром 2720,https://otkrytki.top/wp-content/uploads/2025/03/otkrytka-2720.jpg.webp
Открытка Доброе утро 2967,https://otkrytki.top/wp-content/uploads/2025/05/otkrytka-2967.jpg.webp
Открытка Доброе утро 2952,https://otkrytki.top/wp-content/uploads/2025/05/otkrytka-2952.jpg.webp
Открытка Приветик 2959,https://otkrytki.top/wp-content/uploads/2025/05/otkrytka-2959.jpg.webp
Открытка Добрый вечер 2972,https://otkrytki.top/wp-content/uploads/2025/05/otkrytka-2972.jpg.webp
Открытка Чудесного дня 2948,https://otkrytki.top/wp-content/uploads/2025/05/otkrytka-2948.jpg.webp
Открытка Доброе утро 2944,https://otkrytki.top/wp-content/uploads/2025/05/otkrytka-2944.jpg.webp
Открытка С Днем Рождения 2971,https://otkrytki.top/wp-content/uploads/2025/05/otkrytka-2971.jpg.webp
Гифка с Днем рождения 2957,https://otkrytki.top/wp-content/uploads/2025/05/otkrytka-2957.gif
Открытка С добрым утром 2925,https://otkrytki.top/wp-content/uploads/2025/05/otkrytka-2925.jpg.webp
Открытка Спокойной ночи 2954,https://otkrytki.top/wp-content/uploads/2025/05/otkrytka-2954.jpg.webp
Открытка с пожеланиями 2927,https://otkrytki.top/wp-content/uploads/2025/05/otkrytka-2927.jpg.webp
Открытка с днем рождения 2932,https://otkrytki.top/wp-content/uploads/2025/05/otkrytka-2932.jpg.webp
Картинка с полезным советом 2907,https://otkrytki.top/wp-content/uploads/2025/04/otkrytka-2907.jpg.webp
Открытка Хорошего дня 2939,https://otkrytki.top/wp-content/uploads/2025/05/otkrytka-2939.jpg.webp
Открытка с приветиком 2901,https://otkrytki.top/wp-content/uploads/2025/04/otkrytka-2901.jpg.webp
Открытка Спокойной ночи 2894,https://otkrytki.top/wp-content/uploads/2025/04/otkrytka-2894.jpg.webp
Открытка самый дорогой человек 2900,https://otkrytki.top/wp-content/uploads/2025/04/otkrytka-2900.jpg.webp
Открытка Доброго здоровья 2899,https://otkrytki.top/wp-content/uploads/2025/04/otkrytka-2899.jpg.webp
День медсестры открытка 11,https://otkrytki.top/wp-content/uploads/2025/05/den-medsestry-otkrytka-11.jpg.webp
Открытка Весеннего настроения 2880,https://otkrytki.top/wp-content/uploads/2025/04/otkrytka-2880.jpg.webp
Открытка Добрый вечер 2881,https://otkrytki.top/wp-content/uploads/2025/04/otkrytka-2881.jpg.webp
День медсестры открытка 10,https://otkrytki.top/wp-content/uploads/2025/05/den-medsestry-otkrytka-10.jpg.webp
День медсестры открытка 09,https://otkrytki.top/wp-content/uploads/2025/05/den-medsestry-otkrytka-09.jpg.webp
Открытка доброе утро 2874,https://otkrytki.top/wp-content/uploads/2025/04/otkrytka-2874.jpg.webp
Открытка Добрый вечер 2869,https://otkrytki.top/wp-content/uploads/2025/04/otkrytka-2869.jpg.webp
Открытка С Днем Рождения 2867,https://otkrytki.top/wp-content/uploads/2025/04/otkrytka-2867.jpg.webp
Открытка С добрым утром 2864,https://otkrytki.top/wp-content/uploads/2025/04/otkrytka-2864.jpg.webp
Открытка С добрым утром 2866,https://otkrytki.top/wp-content/uploads/2025/04/otkrytka-2866.jpg.webp
Открытка 2852,https://otkrytki.top/wp-content/uploads/2025/04/otkrytka-2852.jpg.webp
Открытка Хорошего весеннего дня 2860,https://otkrytki.top/wp-content/uploads/2025/04/otkrytka-2860.jpg.webp
Открытка доброго утра 2851,https://otkrytki.top/wp-content/uploads/2025/04/otkrytka-2851.jpg.webp
Открытка Хорошего дня 2853,https://otkrytki.top/wp-content/uploads/2025/04/otkrytka-2853.jpg.webp
Открытка Доброе утро 2877,https://otkrytki.top/wp-content/uploads/2025/04/otkrytka-2877.jpg.webp
Открытка доброе утро 2845,https://otkrytki.top/wp-content/uploads/2025/04/otkrytka-2845.jpg.webp
Открытка Спокойной ночи 2850,https://otkrytki.top/wp-content/uploads/2025/04/otkrytka-2850.jpg.webp
Открытка с Днем рождения 2840,https://otkrytki.top/wp-content/uploads/2025/04/otkrytka-2840.jpg.webp
Открытка доброе утро 2812,https://otkrytki.top/wp-content/uploads/2025/04/otkrytka-2812.gif
Открытка Любимой женщине с днем рождения 2809,https://otkrytki.top/wp-content/uploads/2025/04/otkrytka-2809.gif
Открытка С добрым утром 2849,https://otkrytki.top/wp-content/uploads/2025/04/otkrytka-2849.jpg.webp
Прекрасного весеннего утра - 2837,https://otkrytki.top/wp-content/uploads/2025/04/otkrytka-2837.jpg.webp
Открытка доброе утро 2810,https://otkrytki.top/wp-content/uploads/2025/04/otkrytka-2810.gif
Открытка Доброго дня 2825,https://otkrytki.top/wp-content/uploads/2025/04/otkrytka-2825.jpg.webp
Открытка с добрым утром женщине 2808,https://otkrytki.top/wp-content/uploads/2025/04/otkrytka-2808.gif
Открытка с Днем рождения 2824,https://otkrytki.top/wp-content/uploads/2025/04/otkrytka-2824.jpg.webp
Открытка Доброе утро 2806,https://otkrytki.top/wp-content/uploads/2025/04/otkrytka-2806.gif
Открытка с днем рождения 2815,https://otkrytki.top/wp-content/uploads/2025/04/otkrytka-2815.jpg.webp
открытка 2820,https://otkrytki.top/wp-content/uploads/2025/04/otkrytka-2820.jpg.webp
Открытка с днем рождения 2814,https://otkrytki.top/wp-content/uploads/2025/04/otkrytka-2814.jpg.webp
Открытка с днем рождения женщине 2807,https://otkrytki.top/wp-content/uploads/2025/04/otkrytka-2807.jpg.webp
Открытка Доброе утро 2782,https://otkrytki.top/wp-content/uploads/2025/03/otkrytka-2782.jpg.webp
Открытка с днем рождения 2813,https://otkrytki.top/wp-content/uploads/2025/04/otkrytka-2813.jpg.webp
Открытка Утро доброе 2802,https://otkrytki.top/wp-content/uploads/2025/04/otkrytka-2802.gif
Открытка с днем рождения  2804,https://otkrytki.top/wp-content/uploads/2025/04/otkrytka-2804.gif
Открытка с днем рождения 2803,https://otkrytki.top/wp-content/uploads/2025/04/otkrytka-2803.gif
Открытка доброе утро среда 2776,https://otkrytki.top/wp-content/uploads/2025/03/otkrytka-2776.jpg.webp
Открытка С добрым утром 2786,https://otkrytki.top/wp-content/uploads/2025/03/otkrytka-2786.jpg.webp
Открытка С Днем Рождения 2787,https://otkrytki.top/wp-content/uploads/2025/03/otkrytka-2787.jpg.webp
Открытка с добрым субботним утром 2751,https://otkrytki.top/wp-content/uploads/2025/03/otkrytka-2751.jpg.webp
Открытка Доброе утро 2745,https://otkrytki.top/wp-content/uploads/2025/03/otkrytka-2745.jpg.webp
Открытка легкого дня 2739,https://otkrytki.top/wp-content/uploads/2025/03/otkrytka-2739.jpg.webp
Открытка С добрым утром 2730,https://otkrytki.top/wp-content/uploads/2025/03/otkrytka-2730.jpg.webp
Открытка Спокойной ночи 2747,https://otkrytki.top/wp-content/uploads/2025/03/otkrytka-2747.jpg.webp
Открытка Доброе утро 2703,https://otkrytki.top/wp-content/uploads/2025/03/otkrytka-2703.jpg.webp
Открытка Отличного настроения 2768,https://otkrytki.top/wp-content/uploads/2025/03/otkrytka-2768.jpg.webp
Открытка Хорошего дня 2692,https://otkrytki.top/wp-content/uploads/2025/03/otkrytka-2692.gif
Открытка Доброе утро 2688,https://otkrytki.top/wp-content/uploads/2025/03/otkrytka-2688.gif
Открытка С Днем Рождения 2741,https://otkrytki.top/wp-content/uploads/2025/03/otkrytka-2741.jpg.webp
Открытка Хорошего дня 2723,https://otkrytki.top/wp-content/uploads/2025/03/otkrytka-2723.jpg.webp
Открытка Доброе утро 2677,https://otkrytki.top/wp-content/uploads/2025/03/otkrytka-2677.jpg.webp
Открытка С Днем Рождения 2713,https://otkrytki.top/wp-content/uploads/2025/03/otkrytka-2713.jpg.webp
Открытка с днем рождения 2706,https://otkrytki.top/wp-content/uploads/2025/03/otkrytka-2706.jpg.webp
Открытка доброе нежное утро 2639,https://otkrytki.top/wp-content/uploads/2025/02/otkrytka-2639.jpg.webp
Открытка С Днем Рождения 2694,https://otkrytki.top/wp-content/uploads/2025/03/otkrytka-2694.jpg.webp
Открытка С днем рождения 2686,https://otkrytki.top/wp-content/uploads/2025/03/otkrytka-2686.jpg.webp
Открытка доброе утро 2690,https://otkrytki.top/wp-content/uploads/2025/03/otkrytka-2690.gif
Открытка С Днем рождения 2680,https://otkrytki.top/wp-content/uploads/2025/03/otkrytka-2680.jpg.webp
Открытка Спокойной ночи 2678,https://otkrytki.top/wp-content/uploads/2025/03/otkrytka-2678.jpg.webp
Открытка доброе утро с тюльпанами 2643,https://otkrytki.top/wp-content/uploads/2025/03/otkrytka-2643.jpg.webp
Открытка 8 марта 25,https://otkrytki.top/wp-content/uploads/2025/01/otkrytka-8-marta-25.jpg.webp
Открытка доброе утро 2611,https://otkrytki.top/wp-content/uploads/2025/02/otkrytka-2611.jpg.webp
Открытка с добрым утром 2642,https://otkrytki.top/wp-content/uploads/2025/02/otkrytka-2642.jpg.webp
Открытка доброе утро 2641,https://otkrytki.top/wp-content/uploads/2025/02/otkrytka-2641.jpg.webp
Открытка доброе утро 2644,https://otkrytki.top/wp-content/uploads/2025/03/otkrytka-2644.jpg.webp
Открытка 8 марта 37,https://otkrytki.top/wp-content/uploads/2025/02/otkrytka-8-marta-37.jpg.webp
Открытка доброе  утро 2640,https://otkrytki.top/wp-content/uploads/2025/02/otkrytka-2640.jpg.webp
Открытка 8 марта 36,https://otkrytki.top/wp-content/uploads/2025/02/otkrytka-8-marta-36.jpg.webp
Открытка доброе утро 2638,https://otkrytki.top/wp-content/uploads/2025/02/otkrytka-2638.jpg.webp
Хорошего дня 2627,https://otkrytki.top/wp-content/uploads/2025/02/otkrytka-2627.gif
Открытка доброе утро 2637,https://otkrytki.top/wp-content/uploads/2025/02/otkrytka-2637.jpg.webp
Гиф-открытка 8 марта 34,https://otkrytki.top/wp-content/uploads/2025/02/otkrytka-8-marta-34.gif
Открытка доброе весеннее утро 2635,https://otkrytki.top/wp-content/uploads/2025/02/otkrytka-2635.jpg.webp
Открытка 8 марта 33,https://otkrytki.top/wp-content/uploads/2025/02/otkrytka-8-marta-33.jpg.webp
Открытка с Днем рождения 2607,https://otkrytki.top/wp-content/uploads/2025/02/otkrytka-2607.jpg.webp
Открытка доброе утро 2636,https://otkrytki.top/wp-content/uploads/2025/02/otkrytka-2636.jpg.webp
Открытка доброе весеннее утро 2634,https://otkrytki.top/wp-content/uploads/2025/02/otkrytka-2634.jpg.webp
Открытка 8 марта 32,https://otkrytki.top/wp-content/uploads/2025/02/otkrytka-8-marta-32.jpg.webp
Открытка с Прощеным воскресеньем 9,https://otkrytki.top/wp-content/uploads/2025/02/otkrytka-s-proshhenym-voskresenem-9.jpg.webp
Открытка доброе весеннее утро 2633,https://otkrytki.top/wp-content/uploads/2025/02/otkrytka-2633.jpg.webp
Открытка 8 марта 31,https://otkrytki.top/wp-content/uploads/2025/02/otkrytka-8-marta-31.jpg.webp
Открытка с Прощеным воскресеньем 8,https://otkrytki.top/wp-content/uploads/2025/02/otkrytka-s-proshhenym-voskresenem-8.jpg.webp
Открытка 8 марта 30,https://otkrytki.top/wp-content/uploads/2025/02/otkrytka-8-marta-30.jpg.webp
Открытка 8 марта 29,https://otkrytki.top/wp-content/uploads/2025/02/otkrytka-8-marta-29.jpg.webp
Открытка 8 марта 28,https://otkrytki.top/wp-content/uploads/2025/02/otkrytka-8-marta-28.jpg.webp
Открытка с Прощеным воскресеньем 5,https://otkrytki.top/wp-content/uploads/2025/02/otkrytka-s-proshhenym-voskresenem-5.jpg.webp
Открытка с днем рождения 2564,https://otkrytki.top/wp-content/uploads/2025/02/otkrytka-2564.jpg.webp
Открытка 8 марта 26,https://otkrytki.top/wp-content/uploads/2025/02/otkrytka-8-marta-26.jpg.webp
Открытка с Днем рождения 2495,https://otkrytki.top/wp-content/uploads/2025/01/otkrytka-2495.jpg.webp
С Днем Влюбленных открытка 25,https://otkrytki.top/wp-content/uploads/2025/01/s-dnem-vlyublennyh-otkrytka-25.jpg.webp
Открытка с Днем рождения  2512,https://otkrytki.top/wp-content/uploads/2025/01/otkrytka-2512.jpg.webp
Открытка с днем рождения 2491,https://otkrytki.top/wp-content/uploads/2025/01/otkrytka-2491.jpg.webp
гиф-открытка 2485,https://otkrytki.top/wp-content/uploads/2025/01/otkrytka-2485.gif
Открытка с днем рождения 2457,https://otkrytki.top/wp-content/uploads/2025/01/otkrytka-2457.jpg.webp
Открытка с днем рождения 2435,https://otkrytki.top/wp-content/uploads/2025/01/otkrytka-2435.gif
Открытка доброе утро 2422,https://otkrytki.top/wp-content/uploads/2025/01/otkrytka-2422.jpg.webp
Открытка С Днем Рождения 2430,https://otkrytki.top/wp-content/uploads/2025/01/otkrytka-2430.jpg.webp
Открытка доброго дня 2425,https://otkrytki.top/wp-content/uploads/2025/01/otkrytka-2425.jpg.webp
Открытка с днем рождения 2411,https://otkrytki.top/wp-content/uploads/2025/01/otkrytka-2411.jpg.webp
Открытка доброе утро 2342,https://otkrytki.top/wp-content/uploads/2024/12/otkrytka-2342.gif
открытка 2269,https://otkrytki.top/wp-content/uploads/2024/11/otkrytka-2269.jpg.webp
Открытка 2336,https://otkrytki.top/wp-content/uploads/2024/12/otkrytka-2336.jpg.webp
открытка с днем рождения 2232,https://otkrytki.top/wp-content/uploads/2024/11/otkrytka-2232.jpg.webp
открытка хорошего дня 2286,https://otkrytki.top/wp-content/uploads/2024/11/otkrytka-2286.jpg.webp
открытка с днем рождения 2227,https://otkrytki.top/wp-content/uploads/2024/11/otkrytka-2227.jpg.webp
открытка 2282,https://otkrytki.top/wp-content/uploads/2024/11/otkrytka-2282.jpg.webp
открытка это тебе 2263,https://otkrytki.top/wp-content/uploads/2024/11/otkrytka-2263.jpg.webp
Открытка с Днем матери 32,https://otkrytki.top/wp-content/uploads/2024/11/otkrytka-s-dnem-materi-32.jpg.webp
Открытка с Днем матери 31,https://otkrytki.top/wp-content/uploads/2024/11/otkrytka-s-dnem-materi-31.jpg.webp
Открытка с Днем матери 30,https://otkrytki.top/wp-content/uploads/2024/11/otkrytka-s-dnem-materi-30.jpg.webp
Открытка с Днем матери 29,https://otkrytki.top/wp-content/uploads/2024/11/otkrytka-s-dnem-materi-29.jpg.webp
открытка с днем рождения 2222,https://otkrytki.top/wp-content/uploads/2024/11/otkrytka-2222.jpg.webp
Открытка 2205,https://otkrytki.top/wp-content/uploads/2024/11/otkrytka-2205.jpg.webp
открытка 2235,https://otkrytki.top/wp-content/uploads/2024/11/otkrytka-2235.jpg.webp
Открытка женщине с днем рождения 2182,https://otkrytki.top/wp-content/uploads/2024/11/otkrytka-2182.jpg.webp
Открытка с днем рождения 2139,https://otkrytki.top/wp-content/uploads/2024/10/otkrytka-2139.jpg.webp
Открытка доброе утро 2187,https://otkrytki.top/wp-content/uploads/2024/11/otkrytka-2187.jpg.webp
Открытка с днем рождения 2128,https://otkrytki.top/wp-content/uploads/2024/10/otkrytka-2128.gif
Открытка с днем рождения женщине 2125,https://otkrytki.top/wp-content/uploads/2024/10/otkrytka-2125.jpg.webp
Открытка с днем рождения 2112,https://otkrytki.top/wp-content/uploads/2024/10/otkrytka-2112.jpg.webp
Открытка хорошего дня 2133,https://otkrytki.top/wp-content/uploads/2024/10/otkrytka-2133.gif
Открытка 2090,https://otkrytki.top/wp-content/uploads/2024/10/otkrytka-2090.jpg.webp
Красивая открытка доброе утро 2080,https://otkrytki.top/wp-content/uploads/2024/10/otkrytka-2080.gif
Картинка про счастье 2081,https://otkrytki.top/wp-content/uploads/2024/10/otkrytka-2081.gif
Открытка хорошего дня 2011,https://otkrytki.top/wp-content/uploads/2024/09/otkrytka-2011.gif
открытка доброе утро 2004,https://otkrytki.top/wp-content/uploads/2024/09/otkrytka-2004.gif
открытка 1989,https://otkrytki.top/wp-content/uploads/2024/09/otkrytka-1989.jpg.webp
Открытка доброе утро 1943,https://otkrytki.top/wp-content/uploads/2024/09/otkrytka-1943.jpg.webp
Открытка доброе утро 1930,https://otkrytki.top/wp-content/uploads/2024/08/otkrytka-1930.gif
Открытка добрых снов 1939,https://otkrytki.top/wp-content/uploads/2024/09/otkrytka-1939.jpg.webp
Открытка доброго утра 1866,https://otkrytki.top/wp-content/uploads/2024/08/otkrytka-1866.jpg.webp
Открытка с днем рождения 1885,https://otkrytki.top/wp-content/uploads/2024/08/otkrytka-1885.jpg.webp
Открытка доброе утро 1840,https://otkrytki.top/wp-content/uploads/2024/08/otkrytka-1840.gif
Открытка хорошего дня 1841,https://otkrytki.top/wp-content/uploads/2024/08/otkrytka-1841.gif
Открытка утро доброе 1810,https://otkrytki.top/wp-content/uploads/2024/07/otkrytka-1810.gif
Открытка хорошего дня 1795,https://otkrytki.top/wp-content/uploads/2024/07/otkrytka-1795.jpg.webp
Открытка с днем рождения 1787,https://otkrytki.top/wp-content/uploads/2024/07/otkrytka-1787.jpg.webp
Открытка доброе утро 1732,https://otkrytki.top/wp-content/uploads/2024/07/otkrytka-1732.gif
Открытка Доброе утро 1730,https://otkrytki.top/wp-content/uploads/2024/07/otkrytka-1730.gif
Открытка С Днем Рождения 1770,https://otkrytki.top/wp-content/uploads/2024/07/otkrytka-1770.gif
Открытка 1766,https://otkrytki.top/wp-content/uploads/2024/07/otkrytka-1766.gif
Открытка с днем рождения 1762,https://otkrytki.top/wp-content/uploads/2024/07/otkrytka-1762.jpg.webp
Открытка с днем рождения для девушки 1742,https://otkrytki.top/wp-content/uploads/2024/07/otkrytka-1742.jpg.webp
Открытка с добрым утром 1664,https://otkrytki.top/wp-content/uploads/2024/06/otkrytka-1664.gif
Открытка с днем рождения 1668,https://otkrytki.top/wp-content/uploads/2024/06/otkrytka-1668.jpg.webp
Открытка с днем рождения женщине 1570,https://otkrytki.top/wp-content/uploads/2024/05/otkrytka-1570.jpg.webp
Открытка доброе утро 1628,https://otkrytki.top/wp-content/uploads/2024/06/otkrytka-1628.gif
Открытка c днем рождения 1650,https://otkrytki.top/wp-content/uploads/2024/06/otkrytka-1650.gif
Открытка доброе утро 1618,https://otkrytki.top/wp-content/uploads/2024/06/otkrytka-1618.jpg.webp
Открытка С Днем Рождения 1642,https://otkrytki.top/wp-content/uploads/2024/06/otkrytka-1642.jpg.webp
Открытка доброе утро 1614,https://otkrytki.top/wp-content/uploads/2024/06/otkrytka-1614.jpg.webp
Открытка с днем рождения 1613,https://otkrytki.top/wp-content/uploads/2024/06/otkrytka-1613.jpg.webp
Открытка Доброе утро 1573,https://otkrytki.top/wp-content/uploads/2024/05/otkrytka-1573.jpg.webp
Открытка с добрым утром 1540,https://otkrytki.top/wp-content/uploads/2024/05/otkrytka-1540.jpg.webp
Картинка доброе утро 1538,https://otkrytki.top/wp-content/uploads/2024/05/otkrytka-1538.jpg.webp
Открытка Добрый вечер 1622,https://otkrytki.top/wp-content/uploads/2024/06/otkrytka-1622.jpg.webp
Открытка с пожеланиями 1526,https://otkrytki.top/wp-content/uploads/2024/05/otkrytka-1526.jpg.webp
Открытка Привет тебе 1575,https://otkrytki.top/wp-content/uploads/2024/05/otkrytka-1575.gif
Открытка доброе утро 1544,https://otkrytki.top/wp-content/uploads/2024/05/otkrytka-1544.gif
Открытка приветствия 1519,https://otkrytki.top/wp-content/uploads/2024/05/otkrytka-1519.jpg.webp
Открытка с добрым утром женщине 1473,https://otkrytki.top/wp-content/uploads/2024/04/otkrytka-1473.jpg.webp
Открытка с добрым утром 1447,https://otkrytki.top/wp-content/uploads/2024/04/otkrytka-1447.jpg.webp
Открытка наташке 1363,https://otkrytki.top/wp-content/uploads/2024/04/otkrytka-1363.jpg.webp
Открытка 1315,https://otkrytki.top/wp-content/uploads/2024/03/otkrytka-1315.gif
Открытка 1296,https://otkrytki.top/wp-content/uploads/2024/03/otkrytka-1296.jpg.webp
Открытка с днем рождения 1301_1,https://otkrytki.top/wp-content/uploads/2024/03/otkrytka-1301_1.gif
Открытка 1273,https://otkrytki.top/wp-content/uploads/2024/03/otkrytka-1273.jpg.webp
Открытка 1183,https://otkrytki.top/wp-content/uploads/2024/02/otkrytka-1183.gif
Открытка 1150,https://otkrytki.top/wp-content/uploads/2024/02/otkrytka-1150.jpg.webp
Открытка 1178,https://otkrytki.top/wp-content/uploads/2024/02/otkrytka-1178.jpg.webp
Открытка 1052,https://otkrytki.top/wp-content/uploads/2024/01/otkrytka-1052.jpg.webp
Открытка 1036,https://otkrytki.top/wp-content/uploads/2024/01/otkrytka-1036.jpg.webp
Открытка 1011,https://otkrytki.top/wp-content/uploads/2024/01/otkrytka-1011.gif
Открытка 927,https://otkrytki.top/wp-content/uploads/2023/12/otkrytka-927.jpg.webp
Открытка 982,https://otkrytki.top/wp-content/uploads/2023/12/otkrytka-982.jpg.webp
Открытка 915,https://otkrytki.top/wp-content/uploads/2023/12/otkrytka-915.jpg.webp
Открытка 717,https://otkrytki.top/wp-content/uploads/2023/11/otkrytka-717.jpg.webp
Открытка 710,https://otkrytki.top/wp-content/uploads/2023/11/otkrytka-710.jpg.webp
Открытка 706,https://otkrytki.top/wp-content/uploads/2023/11/otkrytka-706.jpg.webp
Открытка 704,https://otkrytki.top/wp-content/uploads/2023/11/otkrytka-704.jpg.webp
Открытка 698,https://otkrytki.top/wp-content/uploads/2023/11/otkrytka-698.jpg.webp
Открытка 586,https://otkrytki.top/wp-content/uploads/2023/10/otkrytka-586.jpg.webp
Открытка 585,https://otkrytki.top/wp-content/uploads/2023/10/otkrytka-585.jpg.webp
Открытка 583,https://otkrytki.top/wp-content/uploads/2023/10/otkrytka-583.jpg.webp
Открытка 582,https://otkrytki.top/wp-content/uploads/2023/10/otkrytka-582.jpg.webp
Открытка 575,https://otkrytki.top/wp-content/uploads/2023/10/otkrytka-575.jpg.webp
Открытка 576,https://otkrytki.top/wp-content/uploads/2023/10/otkrytka-576.jpg.webp
Открытка 444,https://otkrytki.top/wp-content/uploads/2023/09/444_otkrytka.jpg.webp
Открытка 416,https://otkrytki.top/wp-content/uploads/2023/08/416_otkrytka.jpg.webp
Открытка 412,https://otkrytki.top/wp-content/uploads/2023/08/412_otkrytka.jpg.webp
Открытка 411,https://otkrytki.top/wp-content/uploads/2023/08/411_otkrytka.jpg.webp
Открытка 394,https://otkrytki.top/wp-content/uploads/2023/08/394_otkrytka.jpg.webp
Открытка 393,https://otkrytki.top/wp-content/uploads/2023/08/393_otkrytka.jpg.webp
Открытка 332,https://otkrytki.top/wp-content/uploads/2023/08/332_otkrytka.jpg.webp
Открытка 330,https://otkrytki.top/wp-content/uploads/2023/08/330_otkrytka.jpg.webp
Открытка 289,https://otkrytki.top/wp-content/uploads/2023/08/289_otkrytka.jpg.webp
Открытка 297,https://otkrytki.top/wp-content/uploads/2023/08/297_otkrytka.jpg.webp
Открытка 296,https://otkrytki.top/wp-content/uploads/2023/08/296_otkrytka.jpg.webp
Открытка 290,https://otkrytki.top/wp-content/uploads/2023/08/290_otkrytka.jpg.webp
Открытка 247,https://otkrytki.top/wp-content/uploads/2023/07/247_otkrytka.jpg.webp
Открытка 131,https://otkrytki.top/wp-content/uploads/2023/07/131_otkrytka_01.jpg.webp
Открытка 115,https://otkrytki.top/wp-content/uploads/2023/07/115_otkrytka.jpg.webp
Открытка 111,https://otkrytki.top/wp-content/uploads/2023/07/111_otkrytka.jpg.webp
Открытка 119,https://otkrytki.top/wp-content/uploads/2023/07/119_otkrytka.jpg.webp
Открытка 110,https://otkrytki.top/wp-content/uploads/2023/07/110_otkrytka.jpg.webp
Открытка 112,https://otkrytki.top/wp-content/uploads/2023/07/112_otkrytka.jpg.webp
открытка 86,https://otkrytki.top/wp-content/uploads/2023/06/86_otkrytka.jpg.webp
открытка 84,https://otkrytki.top/wp-content/uploads/2023/06/84_otkrytka.jpg.webp
открытка 85,https://otkrytki.top/wp-content/uploads/2023/06/85_otkrytka.jpg.webp
открытка 83,https://otkrytki.top/wp-content/uploads/2023/06/83_otkrytka.jpg.webp
открытка 67,https://otkrytki.top/wp-content/uploads/2023/06/67_otkrytka.jpg.webp
открытка 82,https://otkrytki.top/wp-content/uploads/2023/06/82_otkrytka.jpg.webp
Открытка 58,https://otkrytki.top/wp-content/uploads/2023/06/58_otkrytka.jpg.webp
Открытка Добрый вечер 4605,https://otkrytki.top/wp-content/uploads/2026/09/otkrytka-4605.jpg.webp
Открытка Приветули 4601,https://otkrytki.top/wp-content/uploads/2026/09/otkrytka-4601_1.jpg.webp
Открытка С добрым утром 4609,https://otkrytki.top/wp-content/uploads/2026/09/otkrytka-4609.jpg.webp
Картинка Мысли утром в понедельник 4597,https://otkrytki.top/wp-content/uploads/2026/09/otkrytka-4597.jpg.webp
Открытка добрый вечер осенний 3856,https://otkrytki.top/wp-content/uploads/2026/02/otkrytka-3856.jpg.webp
Открытка привет осенний день 3726,https://otkrytki.top/wp-content/uploads/2025/12/otkrytka-3726.jpg.webp
Открытка С добрым утром понедельник 4598,https://otkrytki.top/wp-content/uploads/2026/09/otkrytka-4598.jpg.webp
Открытка С добрым утром 4577,https://otkrytki.top/wp-content/uploads/2026/08/otkrytka-4577.jpg.webp
Открытка С добрым утром 4576,https://otkrytki.top/wp-content/uploads/2026/08/otkrytka-4576.jpg.webp
Открытка Доброе утро 4579,https://otkrytki.top/wp-content/uploads/2026/08/otkrytka-4579_1.jpg.webp
Открытка Доброго утра! Лёгкого дня 4578,https://otkrytki.top/wp-content/uploads/2026/08/otkrytka-4578.jpg.webp
Открытка Добрый вечер 4590,https://otkrytki.top/wp-content/uploads/2026/09/otkrytka-4590.jpg.webp
Открытка Доброе утро 4575,https://otkrytki.top/wp-content/uploads/2026/08/otkrytka-4575.jpg.webp
Открытка Доброго вечера и спокойной ночи 4574,https://otkrytki.top/wp-content/uploads/2026/08/otkrytka-4574.jpg.webp
Открытка Доброе утро 4586,https://otkrytki.top/wp-content/uploads/2026/09/otkrytka-4586.jpg.webp
Открытка доброе утро 4571,https://otkrytki.top/wp-content/uploads/2026/08/otkrytka-4571.jpg.webp
Открытка Доброе утро 4573,https://otkrytki.top/wp-content/uploads/2026/08/otkrytka-4573.jpg.webp
Открытка Волшебного утра 4570,https://otkrytki.top/wp-content/uploads/2026/08/otkrytka-4570.jpg.webp
"Открытка Доброе утро, суббота 4553",https://otkrytki.top/wp-content/uploads/2026/08/otkrytka-4553.jpg.webp
Открытка доброе утро 4569,https://otkrytki.top/wp-content/uploads/2026/08/otkrytka-4569.jpg.webp
открытка С добрым утром с котом 4010,https://otkrytki.top/wp-content/uploads/2026/03/otkrytka-4010.jpg.webp
Открытка С добрым утром 4558,https://otkrytki.top/wp-content/uploads/2026/08/otkrytka-4558.jpg.webp
Открытка с добрым утром 4557,https://otkrytki.top/wp-content/uploads/2026/08/otkrytka-4557.jpg.webp
Яркая открытка доброе утро 3918,https://otkrytki.top/wp-content/uploads/2026/02/otkrytka-3918.jpg.webp
Открытка С добрым утром 4531,https://otkrytki.top/wp-content/uploads/2026/08/otkrytka-4531.jpg.webp
Открытка с добрым утром 4518,https://otkrytki.top/wp-content/uploads/2026/08/otkrytka-4518.jpg.webp
Открытка Доброе утро 4532,https://otkrytki.top/wp-content/uploads/2026/08/otkrytka-4532.jpg.webp
Открытка Доброе утро 4527,https://otkrytki.top/wp-content/uploads/2026/08/otkrytka-4527.jpg.webp
Открытка Доброе утро 4524,https://otkrytki.top/wp-content/uploads/2026/08/otkrytka-4524.jpg.webp
Открытка Доброе утро 4528,https://otkrytki.top/wp-content/uploads/2026/08/otkrytka-4528.jpg.webp
Открытка осеннее доброе утро 3774,https://otkrytki.top/wp-content/uploads/2026/01/otkrytka-3774.jpg.webp
Открытка Доброе утро 4526,https://otkrytki.top/wp-content/uploads/2026/08/otkrytka-4526.jpg.webp
Яркая открытка Доброе утро 3920,https://otkrytki.top/wp-content/uploads/2026/02/otkrytka-3920.jpg.webp
Открытка Доброе утро 4548,https://otkrytki.top/wp-content/uploads/2026/08/otkrytka-4548.jpg.webp
"Открытка Здравствуй, сентябрь 4546",https://otkrytki.top/wp-content/uploads/2026/08/otkrytka-4546.jpg.webp
Открытка Доброе утро 4519,https://otkrytki.top/wp-content/uploads/2026/08/otkrytka-4519.jpg.webp
Открытка С добрым утром 4490,https://otkrytki.top/wp-content/uploads/2026/08/otkrytka-4490.jpg.webp
Открытка Доброе утро 4525,https://otkrytki.top/wp-content/uploads/2026/08/otkrytka-4525.jpg.webp
Открытка Доброе утро 4464,https://otkrytki.top/wp-content/uploads/2026/08/otkrytka-4464.jpg.webp
Открытка Доброе утро 4502,https://otkrytki.top/wp-content/uploads/2026/08/otkrytka-4502.jpg.webp
Открытка Люблю и крепко обнимаю 4508,https://otkrytki.top/wp-content/uploads/2026/08/otkrytka-4508.jpg.webp
Открытка Доброе утро 4503,https://otkrytki.top/wp-content/uploads/2026/08/otkrytka-4503.jpg.webp
Открытка мужчине 4429,https://otkrytki.top/wp-content/uploads/2026/07/otkrytka-4429.jpg.webp
Открытка Доброе утро 4489,https://otkrytki.top/wp-content/uploads/2026/08/otkrytka-4489.jpg.webp
Открытка доброе утро 4477,https://otkrytki.top/wp-content/uploads/2026/08/otkrytka-4477.jpg.webp
Открытка доброе утро 4475,https://otkrytki.top/wp-content/uploads/2026/08/otkrytka-4475.jpg.webp
Открытка Доброе утро 4478,https://otkrytki.top/wp-content/uploads/2026/08/otkrytka-4478.jpg.webp
Открытка доброе утро 4476,https://otkrytki.top/wp-content/uploads/2026/08/otkrytka-4476.jpg.webp
Открытка вставай Наташа 4463,https://otkrytki.top/wp-content/uploads/2026/08/otkrytka-4463.jpg.webp
Открытка С добрым утром 4472,https://otkrytki.top/wp-content/uploads/2026/08/otkrytka-4472.jpg.webp
Открытка Доброе утро 4461,https://otkrytki.top/wp-content/uploads/2026/08/otkrytka-4461.jpg.webp
Открытка Доброе утро 4474,https://otkrytki.top/wp-content/uploads/2026/08/otkrytka-4474.jpg.webp
Открытка Доброе утро 4473,https://otkrytki.top/wp-content/uploads/2026/08/otkrytka-4473.jpg.webp
Открытка Доброго Денёчка 4460,https://otkrytki.top/wp-content/uploads/2026/08/otkrytka-4460.jpg.webp
Открытка мужчине 4428,https://otkrytki.top/wp-content/uploads/2026/07/otkrytka-4428.jpg.webp
Открытка доброго дня 4452,https://otkrytki.top/wp-content/uploads/2026/08/otkrytka-4452.jpg.webp
Открытка с Карлсоном Доброе утро 4467,https://otkrytki.top/wp-content/uploads/2026/08/otkrytka-4467.jpg.webp
Открытка доброе утро четверг 4468,https://otkrytki.top/wp-content/uploads/2026/08/otkrytka-4468.jpg.webp
Открытка Доброго утра 4454,https://otkrytki.top/wp-content/uploads/2026/08/otkrytka-4454.jpg.webp
Открытка Прекрасного дня 4453,https://otkrytki.top/wp-content/uploads/2026/08/otkrytka-4453.jpg.webp
Открытка Доброе утречко 4432,https://otkrytki.top/wp-content/uploads/2026/07/otkrytka-4432.jpg.webp
Открытка доброе летнее утро 4479,https://otkrytki.top/wp-content/uploads/2026/08/otkrytka-4479.jpg.webp
Открытка доброе утро 4451,https://otkrytki.top/wp-content/uploads/2026/08/otkrytka-4451.jpg.webp
Открытка Доброе летнее утро 4450,https://otkrytki.top/wp-content/uploads/2026/08/otkrytka-4450.jpg.webp
Открытка Доброе утро 4440,https://otkrytki.top/wp-content/uploads/2026/07/otkrytka-4440.jpg.webp
Открытка Подъем тефтеля 4462,https://otkrytki.top/wp-content/uploads/2026/08/otkrytka-4462.jpg.webp
Открытка Пора вставать 4433,https://otkrytki.top/wp-content/uploads/2026/07/otkrytka-4433.jpg.webp
Открытка доброе утро 4434,https://otkrytki.top/wp-content/uploads/2026/07/otkrytka-4434.jpg.webp
Открытка Доброе утро дорогая  4449,https://otkrytki.top/wp-content/uploads/2026/08/otkrytka-4449.jpg.webp
Открытка Доброе утро 4396,https://otkrytki.top/wp-content/uploads/2026/07/otkrytka-4396.jpg.webp
Открытка С добрым утром среда 4419,https://otkrytki.top/wp-content/uploads/2026/07/otkrytka-4419.jpg.webp
Открытка Доброе утро 4397,https://otkrytki.top/wp-content/uploads/2026/07/otkrytka-4397.jpg.webp
Открытка С добрым утром 4430,https://otkrytki.top/wp-content/uploads/2026/07/otkrytka-4430.jpg.webp
Открытка С добрым утром 4420,https://otkrytki.top/wp-content/uploads/2026/07/otkrytka-4420.jpg.webp
Открытка доброе утро 4401,https://otkrytki.top/wp-content/uploads/2026/07/otkrytka-4401.jpg.webp
Открытка Привет 4413,https://otkrytki.top/wp-content/uploads/2026/07/otkrytka-4413.jpg.webp
Открытка Доброе утро 4426,https://otkrytki.top/wp-content/uploads/2026/07/otkrytka-4426.jpg.webp
Открытка веселого утречка 4412,https://otkrytki.top/wp-content/uploads/2026/07/otkrytka-4412.jpg.webp
Открытка Доброе утро 4397,https://otkrytki.top/wp-content/uploads/2026/07/otkrytka-4398.jpg.webp
Открытка добрый вечер  4409,https://otkrytki.top/wp-content/uploads/2026/07/otkrytka-4409.jpg.webp
Открытка Доброе утро друзья 4395,https://otkrytki.top/wp-content/uploads/2026/07/otkrytka-4395.jpg.webp
Открытка доброе утро 4408,https://otkrytki.top/wp-content/uploads/2026/07/otkrytka-4408.jpg.webp
Открытка доброе утро 4377,https://otkrytki.top/wp-content/uploads/2026/07/otkrytka-4377.jpg.webp
Открытка доброе утро 4376,https://otkrytki.top/wp-content/uploads/2026/07/otkrytka-4376.jpg.webp
Открытка с пятницей  4340,https://otkrytki.top/wp-content/uploads/2026/07/otkrytka-4340.jpg.webp
Открытка доброе утро 4375,https://otkrytki.top/wp-content/uploads/2026/07/otkrytka-4375.jpg.webp
Открытка Доброе утро  4368,https://otkrytki.top/wp-content/uploads/2026/07/otkrytka-4368_1.jpg.webp
Открытка доброе утро 4370,https://otkrytki.top/wp-content/uploads/2026/07/otkrytka-4370.jpg.webp
Открытка доброе утро всем 4374,https://otkrytki.top/wp-content/uploads/2026/07/otkrytka-4374.jpg.webp
Открытка доброе утро 4371,https://otkrytki.top/wp-content/uploads/2026/07/otkrytka-4371.jpg.webp
Открытка здравствуй мир 4353,https://otkrytki.top/wp-content/uploads/2026/07/otkrytka-4353.jpg.webp
Открытка С добрым утром 4350,https://otkrytki.top/wp-content/uploads/2026/07/otkrytka-4350.jpg.webp
Открытка ты еще спишь? 4336,https://otkrytki.top/wp-content/uploads/2026/07/otkrytka-4336.jpg.webp
Открытка доброе утро 4349,https://otkrytki.top/wp-content/uploads/2026/07/otkrytka-4349.jpg.webp
Открытка Доброе утро Пятница 4328,https://otkrytki.top/wp-content/uploads/2026/06/otkrytka-4328.jpg.webp
Открытка 4351,https://otkrytki.top/wp-content/uploads/2026/07/otkrytka-4351.jpg.webp
Открытка Доброе утро 4347,https://otkrytki.top/wp-content/uploads/2026/07/otkrytka-4347.jpg.webp
Открытка доброе утро 4352,https://otkrytki.top/wp-content/uploads/2026/07/otkrytka-4352.jpg.webp
Открытка С добрым утром 4342,https://otkrytki.top/wp-content/uploads/2026/07/otkrytka-4342.jpg.webp
Открытка Доброе утро 4348,https://otkrytki.top/wp-content/uploads/2026/07/otkrytka-4348.jpg.webp
Открытка С добрым утром 4341,https://otkrytki.top/wp-content/uploads/2026/07/otkrytka-4341.jpg.webp
Открытка про понедельник 4337,https://otkrytki.top/wp-content/uploads/2026/07/otkrytka-4337.jpg.webp
Открытка доброе утро  4327,https://otkrytki.top/wp-content/uploads/2026/06/otkrytka-4327.jpg.webp
Открытка для поднятия настроения 4385,https://otkrytki.top/wp-content/uploads/2026/07/otkrytka-4385.jpg.webp
Открытка с котом доброе утро 4339,https://otkrytki.top/wp-content/uploads/2026/07/otkrytka-4339.jpg.webp
Открытка доброе утро 4320,https://otkrytki.top/wp-content/uploads/2026/06/otkrytka-4320.jpg.webp
"Открытка Ура, Пятница 4316",https://otkrytki.top/wp-content/uploads/2026/06/otkrytka-4316.jpg.webp
Открытка Доброе утро 4329,https://otkrytki.top/wp-content/uploads/2026/06/otkrytka-4329.jpg.webp
Открытка с петухом доброе утро 4326,https://otkrytki.top/wp-content/uploads/2026/06/otkrytka-4326.jpg.webp
Открытка доброе утро с совой 4325,https://otkrytki.top/wp-content/uploads/2026/06/otkrytka-4325.jpg.webp
Открытка С добрым утром 4322,https://otkrytki.top/wp-content/uploads/2026/06/otkrytka-4322.jpg.webp
Открытка доброго утра 4324,https://otkrytki.top/wp-content/uploads/2026/06/otkrytka-4324.jpg.webp
Открытка доброе утро 4321,https://otkrytki.top/wp-content/uploads/2026/06/otkrytka-4321.jpg.webp
Открытка доброе утро 4323,https://otkrytki.top/wp-content/uploads/2026/06/otkrytka-4323.jpg.webp
Открытка с котом доброе утро 4318,https://otkrytki.top/wp-content/uploads/2026/06/otkrytka-4318.jpg.webp
Открытка доброе утро 4319,https://otkrytki.top/wp-content/uploads/2026/06/otkrytka-4319.jpg.webp
Открытка Доброе утро 4310,https://otkrytki.top/wp-content/uploads/2026/06/otkrytka-4310.jpg.webp
Открытка Кто рано встаёт 4335,https://otkrytki.top/wp-content/uploads/2026/07/otkrytka-4335-1.jpg.webp
Открытка с пятницей 4311,https://otkrytki.top/wp-content/uploads/2026/06/otkrytka-4311.jpg.webp
Открытка доброе утро 4309,https://otkrytki.top/wp-content/uploads/2026/06/otkrytka-4309.jpg.webp
Открытка Доброе утро 4315,https://otkrytki.top/wp-content/uploads/2026/06/otkrytka-4315.jpg.webp
Открытка Доброе утро 4308,https://otkrytki.top/wp-content/uploads/2026/06/otkrytka-4308.jpg.webp
Открытка доброе утро с лягушкой 3847,https://otkrytki.top/wp-content/uploads/2026/02/otkrytka-3847.jpg.webp
Открытка Доброе утро 4312,https://otkrytki.top/wp-content/uploads/2026/06/otkrytka-4312.jpg.webp
Открытка Доброго утра 4307,https://otkrytki.top/wp-content/uploads/2026/06/otkrytka-4307.jpg.webp
Открытка на понедельник 4304,https://otkrytki.top/wp-content/uploads/2026/06/otkrytka-4304.jpg.webp
Открытка с кошкой доброе утро 4317,https://otkrytki.top/wp-content/uploads/2026/06/otkrytka-4317.jpg.webp
Субботняя открытка с добрым утром 4286,https://otkrytki.top/wp-content/uploads/2026/06/otkrytka-4286.jpg.webp
Открытка Доброе утро 4313,https://otkrytki.top/wp-content/uploads/2026/06/otkrytka-4313.jpg.webp
Открытка Доброй пятницы 4290,https://otkrytki.top/wp-content/uploads/2026/06/otkrytka-4290.jpg.webp
Открытка Доброе утро 4306,https://otkrytki.top/wp-content/uploads/2026/06/otkrytka-4306.jpg.webp
Открытка доброе утро 4305,https://otkrytki.top/wp-content/uploads/2026/06/otkrytka-4305.jpg.webp
Открытка Доброе утро 4298,https://otkrytki.top/wp-content/uploads/2026/06/otkrytka-4298.jpg.webp
Открытка с добрым утром 4284,https://otkrytki.top/wp-content/uploads/2026/06/otkrytka-4284.jpg.webp
Открытка Доброе утро 4291,https://otkrytki.top/wp-content/uploads/2026/06/otkrytka-4291.jpg.webp
Открытка Доброе утро 4287,https://otkrytki.top/wp-content/uploads/2026/06/otkrytka-4287.jpg.webp
Открытка с Добрым утром 4289,https://otkrytki.top/wp-content/uploads/2026/06/otkrytka-4289.jpg.webp
Открытка с Субботой 4265,https://otkrytki.top/wp-content/uploads/2026/06/otkrytka-4265.jpg.webp
Открытка С Добрым  утром 4285,https://otkrytki.top/wp-content/uploads/2026/06/otkrytka-4285.jpg.webp
Открытка доброе утро 4264,https://otkrytki.top/wp-content/uploads/2026/06/otkrytka-4264.jpg.webp
Открытка доброе утро 4207,https://otkrytki.top/wp-content/uploads/2026/05/otkrytka-4207.jpg.webp
Видео открытка доброе утро 4260,https://otkrytki.top/wp-content/uploads/2026/06/otkrytka-4260.jpg.webp
Открытка Доброго утра 4271,https://otkrytki.top/wp-content/uploads/2026/06/otkrytka-4271.jpg.webp
Открытка доброе утро с собакой 4263,https://otkrytki.top/wp-content/uploads/2026/06/otkrytka-4263.jpg.webp
Открытка Просыпайся 4261,https://otkrytki.top/wp-content/uploads/2026/06/otkrytka-4261.jpg.webp
Открытка доброе утро с котом 4262,https://otkrytki.top/wp-content/uploads/2026/06/otkrytka-4262.jpg.webp
Открытка Доброе утро 4253,https://otkrytki.top/wp-content/uploads/2026/06/otkrytka-4253.jpg.webp
Открытка Доброе утро 4254,https://otkrytki.top/wp-content/uploads/2026/06/otkrytka-4254.jpg.webp
Открытка утро понедельника 4205,https://otkrytki.top/wp-content/uploads/2026/05/otkrytka-4205.jpg.webp
Открытка женщине С добрым утром 4241,https://otkrytki.top/wp-content/uploads/2026/06/otkrytka-4241.jpg.webp
Открытка С добрым утром 4247,https://otkrytki.top/wp-content/uploads/2026/06/otkrytka-4247.jpg.webp
Открытка Доброе утро 4232,https://otkrytki.top/wp-content/uploads/2026/06/otkrytka-4232.jpg.webp
Веселая открытка С добрым утром 4242,https://otkrytki.top/wp-content/uploads/2026/06/otkrytka-4242.jpg.webp
Открытка с Добрым утречком 4234,https://otkrytki.top/wp-content/uploads/2026/06/otkrytka-4234.jpg.webp
Открытка женщинам доброе утро 4231,https://otkrytki.top/wp-content/uploads/2026/06/otkrytka-4231.jpg.webp
Открытка С добрым летним утром 3756,https://otkrytki.top/wp-content/uploads/2025/12/otkrytka-3756.jpg.webp
Открытка Доброго утра четверга 4221,https://otkrytki.top/wp-content/uploads/2026/05/otkrytka-4221.jpg.webp
Видео-открытка с корги Доброе утро 4173,https://otkrytki.top/wp-content/uploads/2026/05/otkrytka-4173.jpg.webp
Видео-открытка С добрым утром 4172,https://otkrytki.top/wp-content/uploads/2026/05/otkrytka-4172.jpg.webp
Открытка с котом доброе утро 4222,https://otkrytki.top/wp-content/uploads/2026/05/otkrytka-4222.jpg.webp
Открытка в стиле пин ап Доброе утро 4214,https://otkrytki.top/wp-content/uploads/2026/05/otkrytka-4214.jpg.webp
Открытка Добрейшего утречка 4219,https://otkrytki.top/wp-content/uploads/2026/05/otkrytka-4219.jpg.webp
Открытка доброе утро по щучьему велению 3849,https://otkrytki.top/wp-content/uploads/2026/02/otkrytka-3849.jpg.webp
Открытка с добрым утром 4215,https://otkrytki.top/wp-content/uploads/2026/05/otkrytka-4215.jpg.webp
Открытка Выходные 4216,https://otkrytki.top/wp-content/uploads/2026/05/otkrytka-4216.jpg.webp
Открытка доброе утро 4201,https://otkrytki.top/wp-content/uploads/2026/05/otkrytka-4201.jpg.webp
Открытка Просыпайся 4198,https://otkrytki.top/wp-content/uploads/2026/05/otkrytka-4198.jpg.webp
Открытка Добрый вечер 4192,https://otkrytki.top/wp-content/uploads/2026/05/otkrytka-4192.jpg.webp
Открытка С добрым утром 4199,https://otkrytki.top/wp-content/uploads/2026/05/otkrytka-4199.jpg.webp
Открытка Доброе утро с мопсом 4155,https://otkrytki.top/wp-content/uploads/2026/05/otkrytka-4155.jpg.webp
Открытка Приятного утра 4189,https://otkrytki.top/wp-content/uploads/2026/05/otkrytka-4189.jpg.webp
Открытка Доброго вечера 4191,https://otkrytki.top/wp-content/uploads/2026/05/otkrytka-4191.jpg.webp
Открытка Доброе утро в воскресенье 4165,https://otkrytki.top/wp-content/uploads/2026/05/otkrytka-4165.jpg.webp
Открытка С добрым утром 4170,https://otkrytki.top/wp-content/uploads/2026/05/otkrytka-4170.jpg.webp
Открытка Доброго вечера 4188,https://otkrytki.top/wp-content/uploads/2026/05/otkrytka-4188.jpg.webp
Открытка Доброй пятницы 4156,https://otkrytki.top/wp-content/uploads/2026/05/otkrytka-4156.jpg.webp
Пин-ап открытка Доброе утро 4176,https://otkrytki.top/wp-content/uploads/2026/05/otkrytka-4176.jpg.webp
Видео-открытка Доброе утро 4171,https://otkrytki.top/wp-content/uploads/2026/05/otkrytka-4171.jpg.webp
Открытка Доброе утро 4166,https://otkrytki.top/wp-content/uploads/2026/05/otkrytka-4166.jpg.webp
Открытка Доброго утра 4175,https://otkrytki.top/wp-content/uploads/2026/05/otkrytka-4175.jpg.webp
Открытка Наташе Доброе утро 4161,https://otkrytki.top/wp-content/uploads/2026/05/otkrytka-4161.jpg.webp
Открытка Доброе утро 4197,https://otkrytki.top/wp-content/uploads/2026/05/otkrytka-4197.jpg.webp
Открытка Доброе утро воскресенья 4164,https://otkrytki.top/wp-content/uploads/2026/05/otkrytka-4164.jpg.webp
Открытка С добрым утром 4144,https://otkrytki.top/wp-content/uploads/2026/05/otkrytka-4144.jpg.webp
Открытка Доброе утро 4154,https://otkrytki.top/wp-content/uploads/2026/05/otkrytka-4154.jpg.webp
Открытка с добрым утром дорогие  4148,https://otkrytki.top/wp-content/uploads/2026/05/otkrytka-4148.jpg.webp
Открытка по кофейку 4146,https://otkrytki.top/wp-content/uploads/2026/05/otkrytka-4146.jpg.webp
Открытка доброе утро с собакой 4150,https://otkrytki.top/wp-content/uploads/2026/05/otkrytka-4150.jpg.webp
Открытка С добрым утром 4145,https://otkrytki.top/wp-content/uploads/2026/05/otkrytka-4145.jpg.webp
Открытка с котом Доброе утро 4142,https://otkrytki.top/wp-content/uploads/2026/05/otkrytka-4142.jpg.webp
Открытка С добрым утром 4136,https://otkrytki.top/wp-content/uploads/2026/05/otkrytka-4136.jpg.webp
Открытка добрый вечер с котятами 4130,https://otkrytki.top/wp-content/uploads/2026/05/otkrytka-4130.jpg.webp
Красивая открытка с розой Доброе утро 4122,https://otkrytki.top/wp-content/uploads/2026/04/otkrytka-4122.jpg.webp
Русская открытка с добрым утром 4121,https://otkrytki.top/wp-content/uploads/2026/04/otkrytka-4121.jpg.webp
Красивая открытка Доброе утро 4112,https://otkrytki.top/wp-content/uploads/2026/04/otkrytka-4112.jpg.webp
Открытка Привет новый день 4119,https://otkrytki.top/wp-content/uploads/2026/04/otkrytka-4119.jpg.webp
Нежная открытка Доброе утро 4106,https://otkrytki.top/wp-content/uploads/2026/04/otkrytka-4106.jpg.webp
Открытка Не спишь? 4120,https://otkrytki.top/wp-content/uploads/2026/04/otkrytka-4120.jpg.webp
Открытка Доброе утро 4103,https://otkrytki.top/wp-content/uploads/2026/04/otkrytka-4103.jpg.webp
Открытка С добрым утром 4101,https://otkrytki.top/wp-content/uploads/2026/04/otkrytka-4101.jpg.webp
Открытка с квасом Доброе утро 4104,https://otkrytki.top/wp-content/uploads/2026/04/otkrytka-4104.jpg.webp
Зеленая открытка Доброе утро с клевером 4105,https://otkrytki.top/wp-content/uploads/2026/04/otkrytka-4105.jpg.webp
Яркая открытка Доброе утро 4107,https://otkrytki.top/wp-content/uploads/2026/04/otkrytka-4107.jpg.webp
Ретро открытка Доброе утро 4102,https://otkrytki.top/wp-content/uploads/2026/04/otkrytka-4102.jpg.webp
Открытка Доброе утро 4097,https://otkrytki.top/wp-content/uploads/2026/04/otkrytka-4097.jpg.webp
Открытка с цветами доброе утро 4110,https://otkrytki.top/wp-content/uploads/2026/04/otkrytka-4110.jpg.webp
Открытка С Понедельником 4096,https://otkrytki.top/wp-content/uploads/2026/04/otkrytka-4096.jpg.webp
Открытка женщине Доброе утро с цветами 4095,https://otkrytki.top/wp-content/uploads/2026/04/otkrytka-4095.jpg.webp
Открытка с добрым утром 4089,https://otkrytki.top/wp-content/uploads/2026/04/otkrytka-4089.jpg.webp
Открытка Доброе утро 4087,https://otkrytki.top/wp-content/uploads/2026/04/otkrytka-4087.jpg.webp
Открытка Доброе утро 4079,https://otkrytki.top/wp-content/uploads/2026/04/otkrytka-4079.jpg.webp
Доброе утро открытка с цветами 4050,https://otkrytki.top/wp-content/uploads/2026/04/otkrytka-4050.jpg.webp
открытка Утро доброе  4072,https://otkrytki.top/wp-content/uploads/2026/04/otkrytka-4072.jpg.webp
открытка с собакой доброе утро 4065,https://otkrytki.top/wp-content/uploads/2026/04/otkrytka-4065.jpg.webp
открытка Доброе утро! Яркого дня 4074,https://otkrytki.top/wp-content/uploads/2026/04/otkrytka-4074.jpg.webp
открытка с котом про пятницу 4064,https://otkrytki.top/wp-content/uploads/2026/04/otkrytka-4064.jpg.webp
Доброе утро вязаная открытка 4049,https://otkrytki.top/wp-content/uploads/2026/04/otkrytka-4049.jpg.webp
Красивая открытка Доброе утро 4056,https://otkrytki.top/wp-content/uploads/2026/04/otkrytka-4056.jpg.webp
Яркая открытка доброе утро с завтраком 4047,https://otkrytki.top/wp-content/uploads/2026/04/otkrytka-4047.jpg.webp
открытка с конем Привет  4063,https://otkrytki.top/wp-content/uploads/2026/04/otkrytka-4063.jpg.webp
Доброе утро открытка с розами 4051,https://otkrytki.top/wp-content/uploads/2026/04/otkrytka-4051.jpg.webp
Доброе утро открытка с котом 4052,https://otkrytki.top/wp-content/uploads/2026/04/otkrytka-4052.jpg.webp
Доброе утро открытка 4048,https://otkrytki.top/wp-content/uploads/2026/04/otkrytka-4048.jpg.webp
открытка Утра доброго 4044,https://otkrytki.top/wp-content/uploads/2026/04/otkrytka-4044.jpg.webp
открытка Добрый день с тигром 4043,https://otkrytki.top/wp-content/uploads/2026/04/otkrytka-4043.jpg.webp
открытка привет пятница с котом 4042,https://otkrytki.top/wp-content/uploads/2026/04/otkrytka-4042.jpg.webp
открытка с добрым утром по кофейку  4040,https://otkrytki.top/wp-content/uploads/2026/04/otkrytka-4040.jpg.webp
открытка доброе утро 4039,https://otkrytki.top/wp-content/uploads/2026/04/otkrytka-4039.jpg.webp
открытка Лови приветик 4038,https://otkrytki.top/wp-content/uploads/2026/04/otkrytka-4038.jpg.webp
открытка с цветами доброе утро 4033,https://otkrytki.top/wp-content/uploads/2026/03/otkrytka-4033.jpg.webp
открытка доброе утро с кошечкой 4034,https://otkrytki.top/wp-content/uploads/2026/03/otkrytka-4034.jpg.webp
Привет открытка с котом 4030,https://otkrytki.top/wp-content/uploads/2026/03/otkrytka-4030.jpg.webp
открытка Доброго утра 4053,https://otkrytki.top/wp-content/uploads/2026/04/otkrytka-4053.jpg.webp
Красивая открытка Доброе утро 4020,https://otkrytki.top/wp-content/uploads/2026/03/otkrytka-4020.jpg.webp
Доброе утро открытка с котом 4024,https://otkrytki.top/wp-content/uploads/2026/03/otkrytka-4024.jpg.webp
открытка от меня привет 4028,https://otkrytki.top/wp-content/uploads/2026/03/otkrytka-4028.jpg.webp
открытка хорошего дня доброе утро  4021,https://otkrytki.top/wp-content/uploads/2026/03/otkrytka-4021.jpg.webp
открытка Добрый вечер 4018,https://otkrytki.top/wp-content/uploads/2026/03/otkrytka-4018.jpg.webp
Красивая открытка с клубничкой Доброе утро 4023,https://otkrytki.top/wp-content/uploads/2026/03/otkrytka-4023.jpg.webp
Доброе утро открытка с цветком 4022,https://otkrytki.top/wp-content/uploads/2026/03/otkrytka-4022.jpg.webp
открытка с кошкой в ванной 4015,https://otkrytki.top/wp-content/uploads/2026/03/otkrytka-4015-2.jpg.webp
Открытка доброе утро 3986,https://otkrytki.top/wp-content/uploads/2026/03/otkrytka-3986.jpg.webp
открытка пусть все у тебя получится 4011,https://otkrytki.top/wp-content/uploads/2026/03/otkrytka-4011.jpg.webp
Милая открытка с котенком Доброе утро 3988,https://otkrytki.top/wp-content/uploads/2026/03/otkrytka-3988.jpg.webp
Яркая открытка с Добрым утром 3984,https://otkrytki.top/wp-content/uploads/2026/03/otkrytka-3984.jpg.webp
открытка про утро 4012,https://otkrytki.top/wp-content/uploads/2026/03/otkrytka-4012.jpg.webp
Открытка Доброе утро 3985,https://otkrytki.top/wp-content/uploads/2026/03/otkrytka-3985.jpg.webp
Открытка доброго вечера  3992,https://otkrytki.top/wp-content/uploads/2026/03/otkrytka-3992.jpg.webp
"Открытка Пятница, привет 3972",https://otkrytki.top/wp-content/uploads/2026/03/otkrytka-3972.jpg.webp
Открытка с ежом доброе утро 3983,https://otkrytki.top/wp-content/uploads/2026/03/otkrytka-3983.jpg.webp
открытка Доброе утро 4004,https://otkrytki.top/wp-content/uploads/2026/03/otkrytka-4004.jpg.webp
Открытка доброе утро 3974,https://otkrytki.top/wp-content/uploads/2026/03/otkrytka-3974.jpg.webp
Открытка Просыпаемся с обезьяной 3978,https://otkrytki.top/wp-content/uploads/2026/03/otkrytka-3978.jpg.webp
Открытка Хорошего дня 3987,https://otkrytki.top/wp-content/uploads/2026/03/otkrytka-3987.jpg.webp
Открытка Доброе утро 3969,https://otkrytki.top/wp-content/uploads/2026/03/otkrytka-3969.jpg.webp
Открытка Доброе утро 3970,https://otkrytki.top/wp-content/uploads/2026/03/otkrytka-3970.jpg.webp
Открытка Пусть день начнется с улыбки 3971,https://otkrytki.top/wp-content/uploads/2026/03/otkrytka-3971.jpg.webp
Открытка Хорошего дня 3973,https://otkrytki.top/wp-content/uploads/2026/03/otkrytka-3973.jpg.webp
Открытка добрый день с кошкой 3976,https://otkrytki.top/wp-content/uploads/2026/03/otkrytka-3976.jpg.webp
Открытка обнимаю 3989,https://otkrytki.top/wp-content/uploads/2026/03/otkrytka-3989.jpg.webp
Открытка Бонжур 3968,https://otkrytki.top/wp-content/uploads/2026/03/otkrytka-3968.jpg.webp
Видео-открытка с приветом с котиками 3960,https://otkrytki.top/wp-content/uploads/2026/03/otkrytka-3961.jpg.webp
Открытка с котом Добрый вечер 3990,https://otkrytki.top/wp-content/uploads/2026/03/otkrytka-3990.jpg.webp
Открытка со средой 3952,https://otkrytki.top/wp-content/uploads/2026/03/otkrytka-3952.jpg.webp
Открытка с добрым утром и котом в цветах 3963,https://otkrytki.top/wp-content/uploads/2026/03/otkrytka-3963.jpg.webp
Открытка Добрый вечер 3967,https://otkrytki.top/wp-content/uploads/2026/03/otkrytka-3967.jpg.webp
Открытка доброе утро с рыжей девушкой 3964,https://otkrytki.top/wp-content/uploads/2026/03/otkrytka-3964.jpg.webp
Открытка доброе сырное утро 3962,https://otkrytki.top/wp-content/uploads/2026/03/otkrytka-3962.jpg.webp
Открытка доброе утро 3959,https://otkrytki.top/wp-content/uploads/2026/03/otkrytka-3959.jpg.webp
Открытка выходной 3958,https://otkrytki.top/wp-content/uploads/2026/03/otkrytka-3958.jpg.webp
Открытка с четвергом и ежиком 3943,https://otkrytki.top/wp-content/uploads/2026/03/otkrytka-3943.jpg.webp
Открытка Доброе утро 3769,https://otkrytki.top/wp-content/uploads/2026/01/otkrytka-3769.jpg.webp
Открытка доброе утро с цветами 3945,https://otkrytki.top/wp-content/uploads/2026/03/otkrytka-3945.jpg.webp
Красивая открытка доброе утро с тюльпанами 3947,https://otkrytki.top/wp-content/uploads/2026/03/otkrytka-3947.jpg.webp
Видео-открытка с добрым утром 3936,https://otkrytki.top/wp-content/uploads/2026/03/otkrytka-3936.jpg.webp
Открытка с тюльпанами Доброе утро и дня 3335,https://otkrytki.top/wp-content/uploads/2025/08/otkrytka-3335.jpg.webp
Открытка доброе утро с бегемотом 3915,https://otkrytki.top/wp-content/uploads/2026/02/otkrytka-3915.jpg.webp
Открытка Добрый вечер 3935,https://otkrytki.top/wp-content/uploads/2026/03/otkrytka-3935.jpg.webp
Яркая открытка хорошего дня 3921,https://otkrytki.top/wp-content/uploads/2026/02/otkrytka-3921.jpg.webp
Весенняя открытка с добрым утром 3166,https://otkrytki.top/wp-content/uploads/2025/07/otkrytka-3166.jpg.webp
Открытка Доброе утро с котиком 3922,https://otkrytki.top/wp-content/uploads/2026/02/otkrytka-3922.jpg.webp
Открытка из Простоквашино Доброе утро 3917,https://otkrytki.top/wp-content/uploads/2026/02/otkrytka-3917.jpg.webp
Открытка с добрым утром  3027,https://otkrytki.top/wp-content/uploads/2025/06/otkrytka-3027.jpg.webp
Открытка с добрым утром и розами 3916,https://otkrytki.top/wp-content/uploads/2026/02/otkrytka-3916.jpg.webp
Открытка со стихами Доброе утро 3333,https://otkrytki.top/wp-content/uploads/2025/08/otkrytka-3333.jpg.webp
Открытка доброе утро женщине 3919,https://otkrytki.top/wp-content/uploads/2026/02/otkrytka-3919.jpg.webp
Открытка с котом Доброе утро 3906,https://otkrytki.top/wp-content/uploads/2026/02/otkrytka-3906.jpg.webp
Открытка Счастливой пятницы 3895,https://otkrytki.top/wp-content/uploads/2026/02/otkrytka-3895.jpg.webp
Открытка Доброго утра с кошечкой 3300,https://otkrytki.top/wp-content/uploads/2025/08/otkrytka-3300.jpg.webp
Открытка Доброе утро 3913,https://otkrytki.top/wp-content/uploads/2026/02/otkrytka-3913.jpg.webp
Открытка Доброе утро с кошечкой 3914,https://otkrytki.top/wp-content/uploads/2026/02/otkrytka-3914.jpg.webp
Открытка с котом Доброе утро 3912,https://otkrytki.top/wp-content/uploads/2026/02/otkrytka-3912.jpg.webp
Открытка Пусть утро будет добрым 3911,https://otkrytki.top/wp-content/uploads/2026/02/otkrytka-3911.jpg.webp
Открытка Доброе утро с петухом 3902,https://otkrytki.top/wp-content/uploads/2026/02/otkrytka-3902.jpg.webp
Открытка Доброе утро с собакой 3910,https://otkrytki.top/wp-content/uploads/2026/02/otkrytka-3910.jpg.webp
Открытка Врываемся в этот день 3904,https://otkrytki.top/wp-content/uploads/2026/02/otkrytka-3904.jpg.webp
Открытка с котиком доброе утро 3852,https://otkrytki.top/wp-content/uploads/2026/02/otkrytka-3852-1.jpg.webp
Открытка Хороших выходных 3886,https://otkrytki.top/wp-content/uploads/2026/02/otkrytka-3886.jpg.webp
Открытка доброе утро 3905,https://otkrytki.top/wp-content/uploads/2026/02/otkrytka-3905.jpg.webp
Открытка Доброе утро 3891,https://otkrytki.top/wp-content/uploads/2026/02/otkrytka-3891.jpg.webp
Открытка Хорошего вечера 3889,https://otkrytki.top/wp-content/uploads/2026/02/otkrytka-3889.jpg.webp
Открытка с пятницей Добрым утром 3888,https://otkrytki.top/wp-content/uploads/2026/02/otkrytka-3888.jpg.webp
Видео-открытка С добрым утром 3901,https://otkrytki.top/wp-content/uploads/2026/02/otkrytka-3901-15.jpg.webp
Открытка Доброе утро 3887,https://otkrytki.top/wp-content/uploads/2026/02/otkrytka-3887.jpg.webp
Открытка с Машей и Медведем 3903,https://otkrytki.top/wp-content/uploads/2026/02/otkrytka-3903.jpg.webp
Открытка Добрый вечер 3885,https://otkrytki.top/wp-content/uploads/2026/02/otkrytka-3885.jpg.webp
Открытка доброе утро с колобком 3850,https://otkrytki.top/wp-content/uploads/2026/02/otkrytka-3850.jpg.webp
Открытка доброго вечера с котиками 3878,https://otkrytki.top/wp-content/uploads/2026/02/otkrytka-3878.jpg.webp
Открытка Доброе утро 3845,https://otkrytki.top/wp-content/uploads/2026/02/otkrytka-3845.jpg.webp
Открытка есть будем? 3883,https://otkrytki.top/wp-content/uploads/2026/02/otkrytka-3883.jpg.webp
Открытка с собакой Доброе утро 3868,https://otkrytki.top/wp-content/uploads/2026/02/otkrytka-3868.jpg.webp
"Открытка Привет, счастливого дня 3899",https://otkrytki.top/wp-content/uploads/2026/02/otkrytka-3899.jpg.webp
Открытка с добрым утром 3848,https://otkrytki.top/wp-content/uploads/2026/02/otkrytka-3848.jpg.webp
Открытка Добрый вечер 3873,https://otkrytki.top/wp-content/uploads/2026/02/otkrytka-3873.jpg.webp
Видео открытка Доброе зимнее утро 3900,https://otkrytki.top/wp-content/uploads/2026/02/otkrytka-3900.jpg.webp
Открытка Вставай 3846,https://otkrytki.top/wp-content/uploads/2026/02/otkrytka-3846.jpg.webp
Открытка Доброе утро 3880,https://otkrytki.top/wp-content/uploads/2026/02/otkrytka-3880.jpg.webp
Открытка с Емелей Доброе утро 3844,https://otkrytki.top/wp-content/uploads/2026/02/otkrytka-3844.jpg.webp
Открытка С добрым утром 3866,https://otkrytki.top/wp-content/uploads/2026/02/otkrytka-3866.jpg.webp
Открытка привет суббота 3870,https://otkrytki.top/wp-content/uploads/2026/02/otkrytka-3870.jpg.webp
Открытка Доброго утра 3867,https://otkrytki.top/wp-content/uploads/2026/02/otkrytka-3867.jpg.webp
Открытка доброго дня 3869,https://otkrytki.top/wp-content/uploads/2026/02/otkrytka-3869.jpg.webp
Открытка с добрым утром 3843,https://otkrytki.top/wp-content/uploads/2026/02/otkrytka-3843.jpg.webp
Открытка С добрым утром 3858,https://otkrytki.top/wp-content/uploads/2026/02/otkrytka-3858.jpg.webp
Открытка Хорошего дня 3829,https://otkrytki.top/wp-content/uploads/2026/01/otkrytka-3829.jpg.webp
Открытка доброе утро 3828,https://otkrytki.top/wp-content/uploads/2026/01/otkrytka-3828.jpg.webp
Открытка С добрым утром с котом 3827,https://otkrytki.top/wp-content/uploads/2026/01/otkrytka-3827.jpg.webp
Открытка с цветами доброе утро 3857,https://otkrytki.top/wp-content/uploads/2026/02/otkrytka-3857.jpg.webp
Открытка Доброе утро женщинам 3835,https://otkrytki.top/wp-content/uploads/2026/01/otkrytka-3835.jpg.webp
Открытка доброе утро 3788,https://otkrytki.top/wp-content/uploads/2026/01/otkrytka-3788.jpg.webp
Открытка С добрым утром 2793,https://otkrytki.top/wp-content/uploads/2025/03/otkrytka-2793.jpg.webp
Открытка Доброе утро 3818,https://otkrytki.top/wp-content/uploads/2026/01/otkrytka-3818.jpg.webp
Открытка С добрым утром 3758,https://otkrytki.top/wp-content/uploads/2025/12/otkrytka-3758.jpg.webp
Современная открытка Доброе утро 3679,https://otkrytki.top/wp-content/uploads/2025/11/otkrytka-3679.jpg.webp
Открытка С добрым утром с таксой 3830,https://otkrytki.top/wp-content/uploads/2026/01/otkrytka-3830.jpg.webp
Открытка с пирожными Доброе утро 3817,https://otkrytki.top/wp-content/uploads/2026/01/otkrytka-3817.jpg.webp
Открытка с теплым зимним вечером 3823,https://otkrytki.top/wp-content/uploads/2026/01/otkrytka-3823.jpg.webp
Открытка С добрым утром с вороной 3825,https://otkrytki.top/wp-content/uploads/2026/01/otkrytka-3825.jpg.webp
Открытка Доброе утро с печенькой 3819,https://otkrytki.top/wp-content/uploads/2026/01/otkrytka-3819.jpg.webp
Открытка доброе утро завтрак 3816,https://otkrytki.top/wp-content/uploads/2026/01/otkrytka-3816.jpg.webp
Открытка Доброе утро 3815,https://otkrytki.top/wp-content/uploads/2026/01/otkrytka-3815.jpg.webp
Открытка Вечерний привет 3813,https://otkrytki.top/wp-content/uploads/2026/01/otkrytka-3813.jpg.webp
Красивая открытка с добрым утром 3800,https://otkrytki.top/wp-content/uploads/2026/01/otkrytka-3800.jpg.webp
Открытка доброе утро 3801,https://otkrytki.top/wp-content/uploads/2026/01/otkrytka-3801.jpg.webp
Открытка Добрый вечер 3812,https://otkrytki.top/wp-content/uploads/2026/01/otkrytka-3812.jpg.webp
Открытка доброе утро с котом 3791,https://otkrytki.top/wp-content/uploads/2026/01/otkrytka-3791.jpg.webp
Открытка Доброе утро Мир прекрасен по есть ты 3805,https://otkrytki.top/wp-content/uploads/2026/01/otkrytka-3805.jpg.webp
Открытка Доброе утречко с блинами 3802,https://otkrytki.top/wp-content/uploads/2026/01/otkrytka-3802.jpg.webp
Открытка доброе утро с кофе 3799,https://otkrytki.top/wp-content/uploads/2026/01/otkrytka-3799.jpg.webp
Открытка мандариновое доброе утро 3804,https://otkrytki.top/wp-content/uploads/2026/01/otkrytka-3804.jpg.webp
Красивая открытка с конфетами Доброе утро 3803,https://otkrytki.top/wp-content/uploads/2026/01/otkrytka-3803.jpg.webp
Открытка Доброе утро 3794,https://otkrytki.top/wp-content/uploads/2026/01/otkrytka-3794.jpg.webp
Открытка Привет как дела 3792,https://otkrytki.top/wp-content/uploads/2026/01/otkrytka-3792.jpg.webp
С добрым утром! Кофею не желаете? Открытка 3790,https://otkrytki.top/wp-content/uploads/2026/01/otkrytka-3790.jpg.webp
Открытка Добрейшего утра! Прекрасного дня 3786,https://otkrytki.top/wp-content/uploads/2026/01/otkrytka-3786.jpg.webp
Открытка Доброе утро с пожеланиями 3759,https://otkrytki.top/wp-content/uploads/2025/12/otkrytka-3759.jpg.webp
Открытка Доброе утро 3777,https://otkrytki.top/wp-content/uploads/2026/01/otkrytka-3777.jpg.webp
Открытка Доброе утро 3778,https://otkrytki.top/wp-content/uploads/2026/01/otkrytka-3778.jpg.webp
Открытка небось пятницу ждете? 3735,https://otkrytki.top/wp-content/uploads/2025/12/otkrytka-3735.jpg.webp
Открытка доброе утро с белкой 3775,https://otkrytki.top/wp-content/uploads/2026/01/otkrytka-3775.jpg.webp
Открытка Доброе утро 3770,https://otkrytki.top/wp-content/uploads/2026/01/otkrytka-3770.jpg.webp
Открытка Доброе утро 3768,https://otkrytki.top/wp-content/uploads/2026/01/otkrytka-3768.jpg.webp
Открытка желаю доброго утра 3771,https://otkrytki.top/wp-content/uploads/2026/01/otkrytka-3771.jpg.webp
Открытка добрейшее утро 3765,https://otkrytki.top/wp-content/uploads/2026/01/otkrytka-3765.jpg.webp
Открытка с добрым утром с котами 3782,https://otkrytki.top/wp-content/uploads/2026/01/otkrytka-3782.jpg.webp
Открытка Доброе утро 3789,https://otkrytki.top/wp-content/uploads/2026/01/otkrytka-3789.jpg.webp
Открытка доброе утро 2798,https://otkrytki.top/wp-content/uploads/2025/04/otkrytka-2798.jpg.webp
Открытка с Добрым зимним утром 3754,https://otkrytki.top/wp-content/uploads/2025/12/otkrytka-3754.jpg.webp
Открытка женщине доброе утро 3772,https://otkrytki.top/wp-content/uploads/2026/01/otkrytka-3772.jpg.webp
Открытка Доброе утро женщине 3767,https://otkrytki.top/wp-content/uploads/2026/01/otkrytka-3767.jpg.webp
Открытка 3755,https://otkrytki.top/wp-content/uploads/2025/12/otkrytka-3755.jpg.webp
Открытка с добрым утром вторника 3760,https://otkrytki.top/wp-content/uploads/2025/12/otkrytka-3760.jpg.webp
Открытка Доброе утро с Чебурашкой 3746,https://otkrytki.top/wp-content/uploads/2025/12/otkrytka-3746.jpg.webp
Открытка доброе утро 2711,https://otkrytki.top/wp-content/uploads/2025/03/otkrytka-2711.jpg.webp
С Рождеством открытка 24,https://otkrytki.top/wp-content/uploads/2026/01/s-rozhdestvom-otkrytka-24.jpg.webp
Открытка С добрым утром... Люся 3750,https://otkrytki.top/wp-content/uploads/2025/12/otkrytka-3750.jpg.webp
Открытка Доброго утра 3745,https://otkrytki.top/wp-content/uploads/2025/12/otkrytka-3745.jpg.webp
Открытка Как дела 3752,https://otkrytki.top/wp-content/uploads/2025/12/otkrytka-3752.jpg.webp
"Открытка С Добрым утром, мой тёплый 3751",https://otkrytki.top/wp-content/uploads/2025/12/otkrytka-3751.jpg.webp
С Новым Годом открытка 84,https://otkrytki.top/wp-content/uploads/2025/12/s-novym-godom-otkrytka-84.jpg.webp
Зимняя открытка Доброе утро счастливого дня 3744,https://otkrytki.top/wp-content/uploads/2025/12/otkrytka-3744.jpg.webp
Новогодняя открытка Живые есть? 3753,https://otkrytki.top/wp-content/uploads/2025/12/otkrytka-3753.jpg.webp
С добрым утром! 1 января 85,https://otkrytki.top/wp-content/uploads/2025/12/s-novym-godom-otkrytka-85.jpg.webp
С Новым Годом открытка 81,https://otkrytki.top/wp-content/uploads/2025/12/s-novym-godom-otkrytka-81.jpg.webp
Открытка доброе зимнее утро 3742,https://otkrytki.top/wp-content/uploads/2025/12/otkrytka-3742.jpg.webp
Открытка С добрым утром со снеговичком 3743,https://otkrytki.top/wp-content/uploads/2025/12/otkrytka-3743.jpg.webp
Открытка Доброго зимнего утра 3327,https://otkrytki.top/wp-content/uploads/2025/08/otkrytka-3327.jpg.webp
Открытка 3737,https://otkrytki.top/wp-content/uploads/2025/12/otkrytka-3737.jpg.webp
Открытка 3740,https://otkrytki.top/wp-content/uploads/2025/12/otkrytka-3740.jpg.webp
Открытка 3738,https://otkrytki.top/wp-content/uploads/2025/12/otkrytka-3738.jpg.webp
"Здорово, группировка открытка 3733",https://otkrytki.top/wp-content/uploads/2025/12/otkrytka-3733.jpg.webp
Открытка с добрым утром 2545,https://otkrytki.top/wp-content/uploads/2025/02/otkrytka-2545.jpg.webp
Открытка Доброе утро с галантным котом 3720,https://otkrytki.top/wp-content/uploads/2025/12/otkrytka-3720.jpg.webp
Открытка Доброе утро с пожеланием 2591,https://otkrytki.top/wp-content/uploads/2025/02/otkrytka-2591.jpg.webp
Открытка Утра доброго с котом 3712,https://otkrytki.top/wp-content/uploads/2025/12/otkrytka-3712.jpg.webp
Открытка С добрым утром с котом и собакой 3714,https://otkrytki.top/wp-content/uploads/2025/12/otkrytka-3714.jpg.webp
Открытка Доброе утро с кофе 3719,https://otkrytki.top/wp-content/uploads/2025/12/otkrytka-3719.jpg.webp
Красивая открытка Доброе утро 3718,https://otkrytki.top/wp-content/uploads/2025/12/otkrytka-3718.jpg.webp
Открытка Отличной субботы 3701,https://otkrytki.top/wp-content/uploads/2025/12/otkrytka-3701.jpg.webp
Открытка с пятницей 3699,https://otkrytki.top/wp-content/uploads/2025/12/otkrytka-3699.jpg.webp
Открытка с котом Привет 3722,https://otkrytki.top/wp-content/uploads/2025/12/otkrytka-3722.jpg.webp
Открытка доброе утро 2771,https://otkrytki.top/wp-content/uploads/2025/03/otkrytka-2771.jpg.webp
Открытка Доброе утро 2795,https://otkrytki.top/wp-content/uploads/2025/04/otkrytka-2795.jpg.webp
Открытка Привет новый день 3710,https://otkrytki.top/wp-content/uploads/2025/12/otkrytka-3710.jpg.webp
Открытка С добрым утром с котом 3708,https://otkrytki.top/wp-content/uploads/2025/12/otkrytka-3708.jpg.webp
Открытка Доброе утро 2696,https://otkrytki.top/wp-content/uploads/2025/03/otkrytka-2696_2.jpg.webp
Открытка доброе утро 2605,https://otkrytki.top/wp-content/uploads/2025/02/otkrytka-2605.jpg.webp
Открытка Доброе утро с кошечкой 3703,https://otkrytki.top/wp-content/uploads/2025/12/otkrytka-3703.jpg.webp
Открытка Хороших выходных 3704,https://otkrytki.top/wp-content/uploads/2025/12/otkrytka-3704.jpg.webp
Открытка Доброе утро субботы 3700,https://otkrytki.top/wp-content/uploads/2025/12/otkrytka-3700.jpg.webp
Открытка Добрый вечер с котом 3694,https://otkrytki.top/wp-content/uploads/2025/12/otkrytka-3694.jpg.webp
Открытка с пятницей 3693,https://otkrytki.top/wp-content/uploads/2025/12/otkrytka-3693.jpg.webp
Открытка Доброе утро 3711,https://otkrytki.top/wp-content/uploads/2025/12/otkrytka-3711.jpg.webp
Открытка доброе утро с котиком 3702,https://otkrytki.top/wp-content/uploads/2025/12/otkrytka-3702.jpg.webp
Открытка Доброе утро с котом 3697,https://otkrytki.top/wp-content/uploads/2025/12/otkrytka-3697.jpg.webp
Открытка Доброе утро с таксой 3696,https://otkrytki.top/wp-content/uploads/2025/12/otkrytka-3696.jpg.webp
Видео-открытка добра 3633,https://otkrytki.top/wp-content/uploads/2025/11/otkrytka-3633.jpg.webp
Открытка Доброе утро с котом 3684,https://otkrytki.top/wp-content/uploads/2025/11/otkrytka-3684.jpg.webp
Открытка Доброе утро с каким-то монстриком 3685,https://otkrytki.top/wp-content/uploads/2025/11/otkrytka-3685.jpg.webp
Открытка доброе утро с печеньем 3676,https://otkrytki.top/wp-content/uploads/2025/11/otkrytka-3676.jpg.webp
Открытка Доброе утро с котом 3678,https://otkrytki.top/wp-content/uploads/2025/11/otkrytka-3678.jpg.webp
Открытка Доброе утро 3674,https://otkrytki.top/wp-content/uploads/2025/11/otkrytka-3674.jpg.webp
Открытка доброе утро со снеговиком 3510,https://otkrytki.top/wp-content/uploads/2025/10/otkrytka-3510.jpg.webp
Открытка С добрым утром воскресенья 3665,https://otkrytki.top/wp-content/uploads/2025/11/otkrytka-3665.jpg.webp
Открытка Добрейшее субботнее утро 3669,https://otkrytki.top/wp-content/uploads/2025/11/otkrytka-3669.jpg.webp
Открытка с милыми котятами доброе утро 3653,https://otkrytki.top/wp-content/uploads/2025/11/otkrytka-3653.jpg.webp
Открытка доброе утро с котиком 3651,https://otkrytki.top/wp-content/uploads/2025/11/otkrytka-3651.jpg.webp
Видео-открытка про выходные 3634,https://otkrytki.top/wp-content/uploads/2025/11/otkrytka-3634.jpg.webp
Открытка с добрым утром с девочкой и собачкой 3654,https://otkrytki.top/wp-content/uploads/2025/11/otkrytka-3654.jpg.webp
Открытка с котом давай обниму 3655,https://otkrytki.top/wp-content/uploads/2025/11/otkrytka-3655.jpg.webp
Открытка со сладостями доброе утро 3642,https://otkrytki.top/wp-content/uploads/2025/11/otkrytka-3642.jpg.webp
Открытка Привет с зайчиком 3630,https://otkrytki.top/wp-content/uploads/2025/11/otkrytka-3630.jpg.webp
Открытка Всем доброе утро с ребенком 3629,https://otkrytki.top/wp-content/uploads/2025/11/otkrytka-3629.jpg.webp
Открытка 3623,https://otkrytki.top/wp-content/uploads/2025/11/otkrytka-3623.jpg.webp
Открытка доброе утро с котом 3616,https://otkrytki.top/wp-content/uploads/2025/11/otkrytka-3616-2.jpg.webp
Открытка женщине с добрым утром 3613,https://otkrytki.top/wp-content/uploads/2025/11/otkrytka-3613.jpg.webp
Открытка с миньоном Доброе утро 3615,https://otkrytki.top/wp-content/uploads/2025/11/otkrytka-3615.jpg.webp
Осенняя открытка доброе утро с собачкой  3617,https://otkrytki.top/wp-content/uploads/2025/11/otkrytka-3617.jpg.webp
Открытка с котиком доброе утро 3608,https://otkrytki.top/wp-content/uploads/2025/11/otkrytka-3608.jpg.webp
Советский плакат про рыбий жир 3603,https://otkrytki.top/wp-content/uploads/2025/11/otkrytka-3603-2.jpg.webp
Открытка доброе утро с котиком 3609,https://otkrytki.top/wp-content/uploads/2025/11/otkrytka-3609.jpg.webp
Открытка 3604,https://otkrytki.top/wp-content/uploads/2025/11/otkrytka-3604.jpg.webp
Открытка Доброе утро 3601,https://otkrytki.top/wp-content/uploads/2025/11/otkrytka-3601.jpg.webp
Открытка с петухом доброе утро 3598,https://otkrytki.top/wp-content/uploads/2025/11/otkrytka-3598.jpg.webp
Открытка с курочкой Доброе утро 3597,https://otkrytki.top/wp-content/uploads/2025/11/otkrytka-3597.jpg.webp
Открытка с конем доброе утро 3595,https://otkrytki.top/wp-content/uploads/2025/11/otkrytka-3595.jpg.webp
Открытка С добрым утром 2964,https://otkrytki.top/wp-content/uploads/2025/05/otkrytka-2964.jpg.webp
Открытка Доброе утро с собачкой 3572,https://otkrytki.top/wp-content/uploads/2025/11/otkrytka-3572.jpg.webp
Открытка Мое почтение 3569,https://otkrytki.top/wp-content/uploads/2025/11/otkrytka-3569.jpg.webp
Открытка Привет с медведем 3552,https://otkrytki.top/wp-content/uploads/2025/10/otkrytka-3552.jpg.webp
Открытка доброе утро со свинкой 3549,https://otkrytki.top/wp-content/uploads/2025/10/otkrytka-3549.jpg.webp
Открытка доброе утро с чудиком 3551,https://otkrytki.top/wp-content/uploads/2025/10/otkrytka-3551.jpg.webp
Открытка с слоном доброго утра 3548,https://otkrytki.top/wp-content/uploads/2025/10/otkrytka-3548.jpg.webp
С новым прекрасным днем 3544,https://otkrytki.top/wp-content/uploads/2025/10/otkrytka-3544.jpg.webp
Открытка доброе утро 3541,https://otkrytki.top/wp-content/uploads/2025/10/otkrytka-3541.jpg.webp
Доброе утро 3545,https://otkrytki.top/wp-content/uploads/2025/10/otkrytka-3545.jpg.webp
Осенняя открытка доброе утро 3539,https://otkrytki.top/wp-content/uploads/2025/10/otkrytka-3539.jpg.webp
Открытка Самого доброго утра 3525,https://otkrytki.top/wp-content/uploads/2025/10/otkrytka-3525.jpg.webp
Видео-открытка Доброе утро любимый 3508,https://otkrytki.top/wp-content/uploads/2025/10/otkrytka-3508.jpg.webp
Открытка доброе утро с петухами 3530,https://otkrytki.top/wp-content/uploads/2025/10/otkrytka-3530.jpg.webp
Открытка с уставшей собакой и кофе 3502,https://otkrytki.top/wp-content/uploads/2025/10/otkrytka-3502.jpg.webp
Открытка с зайчиком доброе утро 3524,https://otkrytki.top/wp-content/uploads/2025/10/otkrytka-3524.jpg.webp
Открытка с красочной зеброй доброе утро 3505,https://otkrytki.top/wp-content/uploads/2025/10/otkrytka-3505.jpg.webp
Прикольная видео-открытка с собачкой Доброго утречка 3512,https://otkrytki.top/wp-content/uploads/2025/10/otkrytka-3512.jpg.webp
Открытка с цветами для женщины Доброе утро 3485,https://otkrytki.top/wp-content/uploads/2025/10/otkrytka-3485.jpg.webp
Открытка Доброе утро с красивой девушкой 3520,https://otkrytki.top/wp-content/uploads/2025/10/otkrytka-3520.jpg.webp
Видео-открытка девочкам хорошего дня 3514,https://otkrytki.top/wp-content/uploads/2025/10/otkrytka-3514.jpg.webp
"Видео-открытка с котом Доброе утро, Страна 3513",https://otkrytki.top/wp-content/uploads/2025/10/otkrytka-3513.jpg.webp
Открытка с мишкой доброе утро осень 3504,https://otkrytki.top/wp-content/uploads/2025/10/otkrytka-3504.jpg.webp
Осенняя открытка с котом 3503,https://otkrytki.top/wp-content/uploads/2025/10/otkrytka-3503.jpg.webp
Открытка с розами утро доброе 3494,https://otkrytki.top/wp-content/uploads/2025/10/otkrytka-3494.jpg.webp
Видео-открытка с кошками Врываемся в пятницу 3509,https://otkrytki.top/wp-content/uploads/2025/10/otkrytka-3509.jpg.webp
Открытка с кошкой за рулем Доброе утро пятница 3481,https://otkrytki.top/wp-content/uploads/2025/09/otkrytka-3481.jpg.webp
Открытка с кошкой в розовых очках с добрым утром 3493,https://otkrytki.top/wp-content/uploads/2025/10/otkrytka-3493.jpg.webp
Открытка доброе утро с корабликом в луже 3492,https://otkrytki.top/wp-content/uploads/2025/10/otkrytka-3492.jpg.webp
Открытка с осенним лесом доброе утро 3490,https://otkrytki.top/wp-content/uploads/2025/10/otkrytka-3490.jpg.webp
Открытка Доброе утро с красивой девушкой 3489,https://otkrytki.top/wp-content/uploads/2025/10/otkrytka-3489.jpg.webp
Открытка с котиком Доброе утро 3491,https://otkrytki.top/wp-content/uploads/2025/10/otkrytka-3491.jpg.webp
Открытка с котиком и кофе доброе утро 3488,https://otkrytki.top/wp-content/uploads/2025/10/otkrytka-3488.jpg.webp
Открытка с зайчиком Приветик 3483,https://otkrytki.top/wp-content/uploads/2025/09/otkrytka-3483.jpg.webp
Открытка жене с собакой доброе утро 3486,https://otkrytki.top/wp-content/uploads/2025/10/otkrytka-3486.jpg.webp
Открытка с волком Доброе утро 3484,https://otkrytki.top/wp-content/uploads/2025/09/otkrytka-3484.jpg.webp
Открытка с котиком Привет 3475,https://otkrytki.top/wp-content/uploads/2025/10/otkrytka-3475.jpg.webp
Открытка с котом и кофе доброе утро 3477,https://otkrytki.top/wp-content/uploads/2025/09/otkrytka-3477.jpg.webp
Открытка с розами доброе утро 3469,https://otkrytki.top/wp-content/uploads/2025/09/otkrytka-3469.jpg.webp
Открытка с обезьяной доброе утро 3466,https://otkrytki.top/wp-content/uploads/2025/09/otkrytka-3466.jpg.webp
Открытка чего молчишь 3506,https://otkrytki.top/wp-content/uploads/2025/10/otkrytka-3506.jpg.webp
Открытка с котом доброго утра 3471,https://otkrytki.top/wp-content/uploads/2025/09/otkrytka-3471.jpg.webp
Осенняя открытка с лисенком 3501,https://otkrytki.top/wp-content/uploads/2025/10/otkrytka-3501.jpg.webp
Открытка с собакой с пятницей 3470,https://otkrytki.top/wp-content/uploads/2025/09/otkrytka-3470.jpg.webp
Открытка с собакой доброе утро 3468,https://otkrytki.top/wp-content/uploads/2025/09/otkrytka-3468.jpg.webp
Открытка с девочкой Привет 3472,https://otkrytki.top/wp-content/uploads/2025/09/otkrytka-3472.jpg.webp
Открытка с цветком Доброе утро хорошего дня 3460,https://otkrytki.top/wp-content/uploads/2025/09/otkrytka-3460.jpg.webp
Открытка доброе утро с разноцветными котиками 3458,https://otkrytki.top/wp-content/uploads/2025/09/otkrytka-3458.jpg.webp
Открытка с котиком и сердечком с пожеланиями 3451,https://otkrytki.top/wp-content/uploads/2025/09/otkrytka-3451.jpg.webp
Открытка со слоном доброе утро 3450,https://otkrytki.top/wp-content/uploads/2025/09/otkrytka-3450.jpg.webp
Открытка с тортом добрый вечер 3487,https://otkrytki.top/wp-content/uploads/2025/10/otkrytka-3487.jpg.webp
Открытка с котом доброе утро 3437,https://otkrytki.top/wp-content/uploads/2025/09/otkrytka-3437.jpg.webp
Позитивная открытка с котом доброе утро 3447,https://otkrytki.top/wp-content/uploads/2025/09/otkrytka-3447.jpg.webp
Открытка женщине доброе утро 3438,https://otkrytki.top/wp-content/uploads/2025/09/otkrytka-3438.jpg.webp
Открытка Доброе утро с красивой девушкой 3443,https://otkrytki.top/wp-content/uploads/2025/09/otkrytka-3443.jpg.webp
Осенняя открытка с кофе Доброе утро 3479,https://otkrytki.top/wp-content/uploads/2025/09/otkrytka-3479.jpg.webp
Открытка с кроликом и цветами выходи гулять 3464,https://otkrytki.top/wp-content/uploads/2025/09/otkrytka-3464.jpg.webp
Видео-открытка доброе утро с девушкой 3436,https://otkrytki.top/wp-content/uploads/2025/09/otkrytka-3436.jpg.webp
Открытка женщине с добрым утром 3433,https://otkrytki.top/wp-content/uploads/2025/09/otkrytka-3433.jpg.webp
Открытка с поцелуями от зайчика 3457,https://otkrytki.top/wp-content/uploads/2025/09/otkrytka-3457.jpg.webp
Солнечная открытка Доброе утро с девочкой 3432,https://otkrytki.top/wp-content/uploads/2025/09/otkrytka-3432.jpg.webp
"Открытка Доброе утро, прекрасной погоды 3242",https://otkrytki.top/wp-content/uploads/2025/08/otkrytka-3242.jpg.webp
Открытка Привет от девушки 3440,https://otkrytki.top/wp-content/uploads/2025/09/otkrytka-3440.jpg.webp
Прикольная открытка доброе утро с обезьянкой 3434,https://otkrytki.top/wp-content/uploads/2025/09/otkrytka-3434.jpg.webp
"Видео-открытка с совой Привет, ты тута? 3455",https://otkrytki.top/wp-content/uploads/2025/09/otkrytka-3455.jpg.webp
Открытка с девочкой Доброе утро 3435,https://otkrytki.top/wp-content/uploads/2025/09/otkrytka-3435.jpg.webp
Осенняя открытка доброе утро у крыльца дома 3428,https://otkrytki.top/wp-content/uploads/2025/09/otkrytka-3428.jpg.webp
Доброе утро: Открытка с арбузом 3422,https://otkrytki.top/wp-content/uploads/2025/09/otkrytka-3422.jpg.webp
Открытка с петухом доброе утро 3419,https://otkrytki.top/wp-content/uploads/2025/09/otkrytka-3419.jpg.webp
Милая открытка с улиткой Самый лучший день 3273,https://otkrytki.top/wp-content/uploads/2025/08/otkrytka-3273.jpg.webp
Улыбнись с добрым утром открытка 3423,https://otkrytki.top/wp-content/uploads/2025/09/otkrytka-3423.jpg.webp
Видео-открытка Доброе утро в осеннем лесу 3386,https://otkrytki.top/wp-content/uploads/2025/09/otkrytka-3386.jpg.webp
Видео-открытка с тюльпанами Прекрасного утра 3418,https://otkrytki.top/wp-content/uploads/2025/09/otkrytka-3418.jpg.webp
Открытка с гламурным жирафом доброе утро 3414,https://otkrytki.top/wp-content/uploads/2025/09/otkrytka-3414.jpg.webp
Открытка С добрым утром Четверг 2778,https://otkrytki.top/wp-content/uploads/2025/03/otkrytka-2778.jpg.webp
Открытка с добрым осенним утром 2330,https://otkrytki.top/wp-content/uploads/2024/12/otkrytka-2330.jpg.webp
Открытка с яркой девушкой доброе утро 3420,https://otkrytki.top/wp-content/uploads/2025/09/otkrytka-3420.jpg.webp
Открытка с гламурным гепардом доброе утро - 3416,https://otkrytki.top/wp-content/uploads/2025/09/otkrytka-3416_2.jpg.webp
Видео-открытка с котиком Доброго утра 3413,https://otkrytki.top/wp-content/uploads/2025/09/otkrytka-3413.jpg.webp
Открытка Доброе утро 2770,https://otkrytki.top/wp-content/uploads/2025/03/otkrytka-2770.jpg.webp
Открытка с котом и шариками доброго утра 3411,https://otkrytki.top/wp-content/uploads/2025/09/otkrytka-3411.jpg.webp
Открытка с девушкой с цветами доброе утро 3421,https://otkrytki.top/wp-content/uploads/2025/09/otkrytka-3421.jpg.webp
Открытка с цветами с добрым утром 3409,https://otkrytki.top/wp-content/uploads/2025/09/otkrytka-3409.jpg.webp
Открытка с котом в гамаке в воскресенье 3401,https://otkrytki.top/wp-content/uploads/2025/09/otkrytka-3401.jpg.webp
Открытка с котиком на лавочке Хорошего дня 3412,https://otkrytki.top/wp-content/uploads/2025/09/otkrytka-3412.jpg.webp
Открытка доброе утро 2331,https://otkrytki.top/wp-content/uploads/2024/12/otkrytka-2331.jpg.webp
Видео-открытка с девушкой привет пятница 3405,https://otkrytki.top/wp-content/uploads/2025/09/otkrytka-3405.jpg.webp
Открытка с конвертом хорошего настроения 3407,https://otkrytki.top/wp-content/uploads/2025/09/otkrytka-3407.jpg.webp
Открытка с кофе бодрого утра 3408,https://otkrytki.top/wp-content/uploads/2025/09/otkrytka-3408.jpg.webp
Открытка с танцующим лосем 3402,https://otkrytki.top/wp-content/uploads/2025/09/otkrytka-3402.jpg.webp
Красивая открытка с сиамской кошкой доброе утро 3387,https://otkrytki.top/wp-content/uploads/2025/09/otkrytka-3387.jpg.webp
Открытка С добрым утром 2722,https://otkrytki.top/wp-content/uploads/2025/03/otkrytka-2722.jpg.webp
Открытка с зайцем с добрым утром 3388,https://otkrytki.top/wp-content/uploads/2025/09/otkrytka-3388.jpg.webp
Открытка доброе утро 2438,https://otkrytki.top/wp-content/uploads/2025/01/otkrytka-2438.gif
Видео-открытка с утенком доброе утро в понедельник 3375,https://otkrytki.top/wp-content/uploads/2025/09/otkrytka-3375.jpg.webp
Открытка с котом доброе утро 3382,https://otkrytki.top/wp-content/uploads/2025/09/otkrytka-3382.jpg.webp
Открытка с котиком на пляже доброе утро 3383,https://otkrytki.top/wp-content/uploads/2025/09/otkrytka-3383.jpg.webp
Открытка с ромашками доброе утро 3370,https://otkrytki.top/wp-content/uploads/2025/09/otkrytka-3370.jpg.webp
Открытка доброе утро 2401,https://otkrytki.top/wp-content/uploads/2025/01/otkrytka-2401.jpg.webp
Открытка 3334,https://otkrytki.top/wp-content/uploads/2025/08/otkrytka-3334.jpg.webp
Открытка с девочкой Четверг. Доброе утро 3371,https://otkrytki.top/wp-content/uploads/2025/09/otkrytka-3371.jpg.webp
Открытка Доброе утречко с завтраком 3357,https://otkrytki.top/wp-content/uploads/2025/08/otkrytka-3357.jpg.webp
Открытка С ромашками Доброе утро 3356,https://otkrytki.top/wp-content/uploads/2025/08/otkrytka-3356.jpg.webp
Открытка с ежиком и укулеле доброе утро 3365,https://otkrytki.top/wp-content/uploads/2025/09/otkrytka-3365.jpg.webp
Открытка доброе утро с петухами 3349,https://otkrytki.top/wp-content/uploads/2025/08/otkrytka-3349.jpg.webp
Открытка доброе утро с танцующей свинкой 3337,https://otkrytki.top/wp-content/uploads/2025/08/otkrytka-3337.jpg.webp
Открытка доброе утро с девочкой 3359,https://otkrytki.top/wp-content/uploads/2025/08/otkrytka-3359.jpg.webp
Открытка Доброго тебе утречка с рыжим котиком 3340,https://otkrytki.top/wp-content/uploads/2025/08/otkrytka-3340.jpg.webp
Открытка доброе утро 2400,https://otkrytki.top/wp-content/uploads/2024/12/otkrytka-2400.jpg.webp
Видео-открытка с собакой По кофейку? 3368,https://otkrytki.top/wp-content/uploads/2025/09/otkrytka-3368.jpg.webp
Открытка Доброе утро с котятами 3342,https://otkrytki.top/wp-content/uploads/2025/08/otkrytka-3342.jpg.webp
Открытка с котиком Кофейку? С добрым утром 3338,https://otkrytki.top/wp-content/uploads/2025/08/otkrytka-3338.jpg.webp
"Открытка Пятница, доброе утро 3330",https://otkrytki.top/wp-content/uploads/2025/08/otkrytka-3330.jpg.webp
Открытка с котом Доброго утра 3339,https://otkrytki.top/wp-content/uploads/2025/08/otkrytka-3339.jpg.webp
Открытка с котиком добрый вечер 3381,https://otkrytki.top/wp-content/uploads/2025/09/otkrytka-3381.jpg.webp
Женская открытка доброе утро 3323,https://otkrytki.top/wp-content/uploads/2025/08/otkrytka-3323.jpg.webp
Милая открытка с котенком Доброе утро 3332,https://otkrytki.top/wp-content/uploads/2025/08/otkrytka-3332.jpg.webp
Открытка Среда - это маленькая пятница 3362,https://otkrytki.top/wp-content/uploads/2025/09/otkrytka-3362.jpg.webp
Открытка Доброе утро с крокодилом 3329,https://otkrytki.top/wp-content/uploads/2025/08/otkrytka-3329.jpg.webp
Видео-открытка доброе утро 3322,https://otkrytki.top/wp-content/uploads/2025/08/otkrytka-3322.jpg.webp
Открытка с добрым утром 2390,https://otkrytki.top/wp-content/uploads/2024/12/otkrytka-2390.jpg.webp
Открытка с приветом Доброе утречко 3328,https://otkrytki.top/wp-content/uploads/2025/08/otkrytka-3328.jpg.webp
Красивая открытка с девушкой Доброе утро 3336,https://otkrytki.top/wp-content/uploads/2025/08/otkrytka-3336.jpg.webp
Открытка Мой вам бонжур 3315,https://otkrytki.top/wp-content/uploads/2025/08/otkrytka-3315.jpg.webp
Открытка Здрасьте вам 3314,https://otkrytki.top/wp-content/uploads/2025/08/otkrytka-3314.jpg.webp
Открытка Доброе утро 3324,https://otkrytki.top/wp-content/uploads/2025/08/otkrytka-3324.jpg.webp
"Открытка Вставай, кофе стынет 3318",https://otkrytki.top/wp-content/uploads/2025/08/otkrytka-3318.jpg.webp
Открытка Доброе утро пятница с котом 3302,https://otkrytki.top/wp-content/uploads/2025/08/otkrytka-3302.jpg.webp
Открытка доброе утро с зеленым петухом 3313,https://otkrytki.top/wp-content/uploads/2025/08/otkrytka-3313.jpg.webp
Добрая открытка Доброе утро 3305,https://otkrytki.top/wp-content/uploads/2025/08/otkrytka-3305.jpg.webp
Открытка Пиноккио 3310,https://otkrytki.top/wp-content/uploads/2025/08/otkrytka-3310.jpg.webp
Открытка с попугаем доброе утро 3306,https://otkrytki.top/wp-content/uploads/2025/08/otkrytka-3306.jpg.webp
Открытка Доброе утро с кроликом,https://otkrytki.top/wp-content/uploads/2025/08/otkrytka-3243.jpg.webp
Открытка с добрым утром 3308,https://otkrytki.top/wp-content/uploads/2025/08/otkrytka-3308.jpg.webp
Открытка за нас красавицы 3301,https://otkrytki.top/wp-content/uploads/2025/08/otkrytka-3301.jpg.webp
Открытка с будильником Успешной недели 3309,https://otkrytki.top/wp-content/uploads/2025/08/otkrytka-3309.jpg.webp
Открытка с добрым утречком 3297,https://otkrytki.top/wp-content/uploads/2025/08/otkrytka-3297.jpg.webp
Открытка Доброе утро: Кофе будешь? 3298,https://otkrytki.top/wp-content/uploads/2025/08/otkrytka-3298.jpg.webp
Открытка с брутальным котом Доброе утро 3290,https://otkrytki.top/wp-content/uploads/2025/08/otkrytka-3290.jpg.webp
Открытка С добрым утром 3283,https://otkrytki.top/wp-content/uploads/2025/08/otkrytka-3283.jpg.webp
"Пятница, Доброе утро 3303",https://otkrytki.top/wp-content/uploads/2025/08/otkrytka-3303.jpg.webp
Прикольная открытка с птицей Доброе утро 3274,https://otkrytki.top/wp-content/uploads/2025/08/otkrytka-3274.jpg.webp
Милая открытка Здравствуй утро 3276,https://otkrytki.top/wp-content/uploads/2025/08/otkrytka-3276.jpg.webp
Красивая открытка с цветами С Добрым утром 3275,https://otkrytki.top/wp-content/uploads/2025/08/otkrytka-3275.jpg.webp
Красивая открытка с шикарным букетом Хорошего настроения 3280,https://otkrytki.top/wp-content/uploads/2025/08/otkrytka-3280.jpg.webp
Открытка доброе утро с осликом 3266,https://otkrytki.top/wp-content/uploads/2025/08/otkrytka-3266.jpg.webp
Открытка Доброе утро с котиком,https://otkrytki.top/wp-content/uploads/2025/08/otkrytka-3258.jpg.webp
Открытка С понедельником тебя 3241,https://otkrytki.top/wp-content/uploads/2025/08/otkrytka-3241.jpg.webp
"Открытка Приветик, дежи букетик 3270",https://otkrytki.top/wp-content/uploads/2025/08/otkrytka-3270.jpg.webp
Креативная открытка доброе утро с девушкой на кухне,https://otkrytki.top/wp-content/uploads/2025/08/otkrytka-3264.jpg.webp
"Открытка с добрым утром, пятница 3261",https://otkrytki.top/wp-content/uploads/2025/08/otkrytka-3261.jpg.webp
Открытка 3265,https://otkrytki.top/wp-content/uploads/2025/08/otkrytka-3265.jpg.webp
Открытка Доброе утро с милым ёжиком,https://otkrytki.top/wp-content/uploads/2025/08/otkrytka-3262.jpg.webp
С новым летним утром,https://otkrytki.top/wp-content/uploads/2025/08/otkrytka-3263.jpg.webp
Открытка с добрым утром с девушкой 3234,https://otkrytki.top/wp-content/uploads/2025/08/otkrytka-3234.jpg.webp
"Открытка с добрым утром, солнышка в душе 3238",https://otkrytki.top/wp-content/uploads/2025/08/otkrytka-3238.jpg.webp
Открытка Доброе утро с розами 3229,https://otkrytki.top/wp-content/uploads/2025/07/otkrytka-3229.jpg.webp
Открытка Утренняя перекличка 3228,https://otkrytki.top/wp-content/uploads/2025/07/otkrytka-3228.jpg.webp
Видео-открытка Доброе утро понедельник 3170,https://otkrytki.top/wp-content/uploads/2025/07/otkrytka-3170.jpg.webp
Видео-открытка С добрым утром 3252,https://otkrytki.top/wp-content/uploads/2025/08/otkrytka-3252.jpg.webp
С добрым утром открытка со скрипкой,https://otkrytki.top/wp-content/uploads/2025/08/otkrytka-3251.jpg.webp
Открытка Доброе утро с подсолнухами 3224,https://otkrytki.top/wp-content/uploads/2025/07/otkrytka-3224.jpg.webp
"Открытка Доброе, летнее утро 3216",https://otkrytki.top/wp-content/uploads/2025/07/otkrytka-3216.jpg.webp
Открытка Доброе утро 3193,https://otkrytki.top/wp-content/uploads/2025/07/otkrytka-3193.jpg.webp
"Открытка Наташа, вставай 3120",https://otkrytki.top/wp-content/uploads/2025/06/otkrytka-3120.jpg.webp
Открытка С добрым утром 3207,https://otkrytki.top/wp-content/uploads/2025/07/otkrytka-3207.jpg.webp
Открытка Доброе утро 3201,https://otkrytki.top/wp-content/uploads/2025/07/otkrytka-3201.jpg.webp
Открытка Прекрасного доброго утра 3189,https://otkrytki.top/wp-content/uploads/2025/07/otkrytka-3189.jpg.webp
Открытка Доброе утро с улиткой 3214,https://otkrytki.top/wp-content/uploads/2025/07/otkrytka-3214.jpg.webp
Открытка С добрым летним утром 3188,https://otkrytki.top/wp-content/uploads/2025/07/otkrytka-3188.jpg.webp
"Доброе утро, кофе не было 3198",https://otkrytki.top/wp-content/uploads/2025/07/otkrytka-3198.jpg.webp
"Открытка Четверг, доброе утро 3190",https://otkrytki.top/wp-content/uploads/2025/07/otkrytka-3190.jpg.webp
Открытка всем доброго утра 3196,https://otkrytki.top/wp-content/uploads/2025/07/otkrytka-3196.jpg.webp
Видео-открытка Доброе утро 3181,https://otkrytki.top/wp-content/uploads/2025/07/otkrytka-3181.jpg.webp
Открытка доброго вечера с вином 3197,https://otkrytki.top/wp-content/uploads/2025/07/otkrytka-3197.jpg.webp
"Открытка День начался, погнали 3176",https://otkrytki.top/wp-content/uploads/2025/07/otkrytka-3176.jpg.webp
Открытка доброе утро 3169,https://otkrytki.top/wp-content/uploads/2025/07/otkrytka-3169.jpg.webp
Видео-открытка 3177,https://otkrytki.top/wp-content/uploads/2025/07/otkrytka-3177.jpg.webp
Открытка Привет красавица 3173,https://otkrytki.top/wp-content/uploads/2025/07/otkrytka-3173.jpg.webp
Открытка Доброго воскресного утра 3167,https://otkrytki.top/wp-content/uploads/2025/07/otkrytka-3167.jpg.webp
Открытка с субботой 3183,https://otkrytki.top/wp-content/uploads/2025/07/otkrytka-3183.jpg.webp
Открытка в стихах Бодрого утра 3175,https://otkrytki.top/wp-content/uploads/2025/07/otkrytka-3175.jpg.webp
Открытка Доброе утро 3161,https://otkrytki.top/wp-content/uploads/2025/07/otkrytka-3161.jpg.webp
Открытка Доброе утро 3165,https://otkrytki.top/wp-content/uploads/2025/07/otkrytka-3165.jpg.webp
Открытка с добрым утром  3162,https://otkrytki.top/wp-content/uploads/2025/07/otkrytka-3162.jpg.webp
Открытка Удалить элемент: С добрым утром С добрым утром 3164,https://otkrytki.top/wp-content/uploads/2025/07/otkrytka-3164.jpg.webp
Открытка С добрым утром 3160,https://otkrytki.top/wp-content/uploads/2025/07/otkrytka-3160.jpg.webp
Открытка Привет 3163,https://otkrytki.top/wp-content/uploads/2025/07/otkrytka-3163.jpg.webp
Открытка С добрым утром 3157,https://otkrytki.top/wp-content/uploads/2025/07/otkrytka-3157.jpg.webp
Креативная открытка Доброе утро 3168,https://otkrytki.top/wp-content/uploads/2025/07/otkrytka-3168.jpg.webp
Открытка С добрым утром 3149,https://otkrytki.top/wp-content/uploads/2025/07/otkrytka-3149.jpg.webp
Открытка Доброе утро в летний понедельник 3174,https://otkrytki.top/wp-content/uploads/2025/07/otkrytka-3174.jpg.webp
Открытка Доброе утро Воскресенье 3147,https://otkrytki.top/wp-content/uploads/2025/07/otkrytka-3147.jpg.webp
Картинка Здравствуй утро 3145,https://otkrytki.top/wp-content/uploads/2025/07/otkrytka-3145.jpg.webp
Открытка с добрым утром 3136,https://otkrytki.top/wp-content/uploads/2025/07/otkrytka-3136.jpg.webp
Открытка хорошего вечера и мирной ночи 3138,https://otkrytki.top/wp-content/uploads/2025/07/otkrytka-3138.jpg.webp
Открытка Доброе утро 3128,https://otkrytki.top/wp-content/uploads/2025/06/otkrytka-3128.jpg.webp
Открытка с добрым утром женщинам 3132,https://otkrytki.top/wp-content/uploads/2025/07/otkrytka-3132.jpg.webp
Открытка доброе утро 3125,https://otkrytki.top/wp-content/uploads/2025/06/otkrytka-3125.jpg.webp
Открытка Доброе утро 3127,https://otkrytki.top/wp-content/uploads/2025/06/otkrytka-3127.jpg.webp
Открытка доброе утро 3124,https://otkrytki.top/wp-content/uploads/2025/06/otkrytka-3124.jpg.webp
Открытка Привет трудящимся 3100,https://otkrytki.top/wp-content/uploads/2025/07/otkrytka-3100.jpg.webp
Открытка с Понедельником -3073,https://otkrytki.top/wp-content/uploads/2025/06/otkrytka-3073.jpg.webp
Открытка Вижу проснулись 3130,https://otkrytki.top/wp-content/uploads/2025/06/otkrytka-3130.jpg.webp
Открытка утро доброе 3123,https://otkrytki.top/wp-content/uploads/2025/06/otkrytka-3123.jpg.webp
Открытка Доброе утро 3126,https://otkrytki.top/wp-content/uploads/2025/06/otkrytka-3126.jpg.webp
Открытка Доброе утро 3152,https://otkrytki.top/wp-content/uploads/2025/07/otkrytka-3152.jpg.webp
Яркая открытка Доброе утро 3129,https://otkrytki.top/wp-content/uploads/2025/06/otkrytka-3129.jpg.webp
Открытка Всех обнимаю! Самый дружеский привет 3113,https://otkrytki.top/wp-content/uploads/2025/06/otkrytka-3113.jpg.webp
Открытка Доброе утро 3081,https://otkrytki.top/wp-content/uploads/2025/06/otkrytka-3081.jpg.webp
Открытка Добрый день 3083,https://otkrytki.top/wp-content/uploads/2025/06/otkrytka-3083.jpg.webp
Открытка С добрым утром 3049,https://otkrytki.top/wp-content/uploads/2025/06/otkrytka-3049.jpg.webp
Открытка 3064,https://otkrytki.top/wp-content/uploads/2025/06/otkrytka-3064.jpg.webp
Открытка Добрый день 3089,https://otkrytki.top/wp-content/uploads/2025/06/otkrytka-3089.jpg.webp
Открытка Доброе утро 3079,https://otkrytki.top/wp-content/uploads/2025/06/otkrytka-3079.jpg.webp
"Открытка мужчине Привет, пятница 3099",https://otkrytki.top/wp-content/uploads/2025/07/otkrytka-3099.jpg.webp
Открытка Здравствуй новый день 3090,https://otkrytki.top/wp-content/uploads/2025/06/otkrytka-3090.jpg.webp
Открытка доброе утро 3074,https://otkrytki.top/wp-content/uploads/2025/06/otkrytka-3074.jpg.webp
Видео-открытка в отпуске хорошо 3094,https://otkrytki.top/wp-content/uploads/2025/06/otkrytka-3094.jpg.webp
Открытка с добрым утром 3075,https://otkrytki.top/wp-content/uploads/2025/06/otkrytka-3075.jpg.webp
Открытка Доброе утро 3078,https://otkrytki.top/wp-content/uploads/2025/06/otkrytka-3078.jpg.webp
Открытка доброе утро 3076,https://otkrytki.top/wp-content/uploads/2025/06/otkrytka-3076.jpg.webp
Открытка доброго дня 3101,https://otkrytki.top/wp-content/uploads/2025/06/otkrytka-3101.jpg.webp
Открытка доброе утречко 3068,https://otkrytki.top/wp-content/uploads/2025/06/otkrytka-3068.jpg.webp
Открытка С добрым утром 3048,https://otkrytki.top/wp-content/uploads/2025/06/otkrytka-3048.jpg.webp
Открытка  Доброго утра 3046,https://otkrytki.top/wp-content/uploads/2025/06/otkrytka-3046.jpg.webp
Открытка Здравствуйте - 3072,https://otkrytki.top/wp-content/uploads/2025/06/otkrytka-3072.jpg.webp
Открытка прекрасного утра 3038,https://otkrytki.top/wp-content/uploads/2025/06/otkrytka-3038.jpg.webp
Открытка Доброе утро 3066,https://otkrytki.top/wp-content/uploads/2025/06/otkrytka-3066.jpg.webp
Открытка доброе утро 3036,https://otkrytki.top/wp-content/uploads/2025/06/otkrytka-3036.jpg.webp
Открытка Доброе утро 3030,https://otkrytki.top/wp-content/uploads/2025/06/otkrytka-3030.jpg.webp
Открытка С добрым утром воскресенье 3015,https://otkrytki.top/wp-content/uploads/2025/05/otkrytka-3015.jpg.webp
Открытка Доброе утро 3029,https://otkrytki.top/wp-content/uploads/2025/06/otkrytka-3029.jpg.webp
Открытка С добрым утром 3055,https://otkrytki.top/wp-content/uploads/2025/06/otkrytka-3055.jpg.webp
Открытка Доброе утро 3028,https://otkrytki.top/wp-content/uploads/2025/06/otkrytka-3028.jpg.webp
Открытка вкусного завтрака 3025,https://otkrytki.top/wp-content/uploads/2025/05/otkrytka-3025.jpg.webp
Открытка Утречка 3040,https://otkrytki.top/wp-content/uploads/2025/06/otkrytka-3040.jpg.webp
Открытка с добрым утром 3024,https://otkrytki.top/wp-content/uploads/2025/05/otkrytka-3024.jpg.webp
Открытка Доброе утро 3026,https://otkrytki.top/wp-content/uploads/2025/05/otkrytka-3026.jpg.webp
Открытка С добрым утром 3002,https://otkrytki.top/wp-content/uploads/2025/05/otkrytka-3002.jpg.webp
Открытка С добрым утром 3013,https://otkrytki.top/wp-content/uploads/2025/05/otkrytka-3013.jpg.webp
Открытка С добрым утром 3010,https://otkrytki.top/wp-content/uploads/2025/05/otkrytka-3010.jpg.webp
Открытка Утренний приветик  2995,https://otkrytki.top/wp-content/uploads/2025/05/otkrytka-2995.jpg.webp
Открытка доброго утра 2973,https://otkrytki.top/wp-content/uploads/2025/05/otkrytka-2973.jpg.webp
Открытка С добрым утром 3017,https://otkrytki.top/wp-content/uploads/2025/05/otkrytka-3017.jpg.webp
Открытка Доброе утро 3032,https://otkrytki.top/wp-content/uploads/2025/06/otkrytka-3032.jpg.webp
Открытка 3023 - хочу пожелать доброго утра и хорошего настроения,https://otkrytki.top/wp-content/uploads/2025/05/otkrytka-3023.jpg.webp
Открытка доброе утречко 3033,https://otkrytki.top/wp-content/uploads/2025/06/otkrytka-3033.jpg.webp
Открытка С добрым утром 2998,https://otkrytki.top/wp-content/uploads/2025/05/otkrytka-2998.jpg.webp
Открытка С добрым утром 2958,https://otkrytki.top/wp-content/uploads/2025/05/otkrytka-2958.jpg.webp
Открытка 3000 - Я к тебе с приветом,https://otkrytki.top/wp-content/uploads/2025/05/otkrytka-3000.jpg.webp
Открытка Доброе утречко 2955,https://otkrytki.top/wp-content/uploads/2025/05/otkrytka-2955.jpg.webp
Открытка 2333,https://otkrytki.top/wp-content/uploads/2024/12/otkrytka-2333.jpg.webp
Открытка С добрым утром 2994,https://otkrytki.top/wp-content/uploads/2025/05/otkrytka-2994.jpg.webp
Открытка Привет любимка 2996,https://otkrytki.top/wp-content/uploads/2025/05/otkrytka-2996.jpg.webp
Гиф-открытка доброе утро 2956,https://otkrytki.top/wp-content/uploads/2025/05/otkrytka-2956.gif
Открытка С добрым утром 2988,https://otkrytki.top/wp-content/uploads/2025/05/otkrytka-2988.jpg.webp
Открытка Добрый вечер 2991,https://otkrytki.top/wp-content/uploads/2025/05/otkrytka-2991.jpg.webp
Открытка с добрым утром 2799,https://otkrytki.top/wp-content/uploads/2025/04/otkrytka-2799.jpg.webp
Открытка С добрым утром 2744,https://otkrytki.top/wp-content/uploads/2025/03/otkrytka-2744.jpg.webp
Открытка С добрым утром 2743,https://otkrytki.top/wp-content/uploads/2025/03/otkrytka-2743.jpg.webp
Открытка доброе утро 2800,https://otkrytki.top/wp-content/uploads/2025/04/otkrytka-2800.jpg.webp
Открытка Доброго дня 2985,https://otkrytki.top/wp-content/uploads/2025/05/otkrytka-2985.jpg.webp
Открытка Доброе утро 2983,https://otkrytki.top/wp-content/uploads/2025/05/otkrytka-2983.jpg.webp
Открытка С добрым утром 2720,https://otkrytki.top/wp-content/uploads/2025/03/otkrytka-2720.jpg.webp
Открытка С добрым утром 2681,https://otkrytki.top/wp-content/uploads/2025/03/otkrytka-2681.jpg.webp
Открытка Доброе утро 2967,https://otkrytki.top/wp-content/uploads/2025/05/otkrytka-2967.jpg.webp
Открытка Добрый вечер 2981,https://otkrytki.top/wp-content/uploads/2025/05/otkrytka-2981.jpg.webp
Открытка Доброе утро 2952,https://otkrytki.top/wp-content/uploads/2025/05/otkrytka-2952.jpg.webp
Открытка С добрым утром 2963,https://otkrytki.top/wp-content/uploads/2025/05/otkrytka-2963.jpg.webp
Открытка Доброго дня 2960,https://otkrytki.top/wp-content/uploads/2025/05/otkrytka-2960.jpg.webp
Открытка доброе утро 2947,https://otkrytki.top/wp-content/uploads/2025/05/otkrytka-2947.jpg.webp
Открытка Приветик 2959,https://otkrytki.top/wp-content/uploads/2025/05/otkrytka-2959.jpg.webp
Открытка С добрым утром 2949,https://otkrytki.top/wp-content/uploads/2025/05/otkrytka-2949.jpg.webp
Открытка Всем доброго утра 2945,https://otkrytki.top/wp-content/uploads/2025/05/otkrytka-2945.jpg.webp
Открытка это тебе 2979,https://otkrytki.top/wp-content/uploads/2025/05/otkrytka-2979.jpg.webp
Открытка Хорошего вечера 2968,https://otkrytki.top/wp-content/uploads/2025/05/otkrytka-2968.jpg.webp
Открытка Доброе утро 2944,https://otkrytki.top/wp-content/uploads/2025/05/otkrytka-2944.jpg.webp
Открытка Доброе утро 2953,https://otkrytki.top/wp-content/uploads/2025/05/otkrytka-2953.jpg.webp
Открытка Доброе утро 2936,https://otkrytki.top/wp-content/uploads/2025/05/otkrytka-2936.jpg.webp
Открытка с субботой 2933,https://otkrytki.top/wp-content/uploads/2025/05/otkrytka-2933.jpg.webp
Открытка Добрый вечер 2965,https://otkrytki.top/wp-content/uploads/2025/05/otkrytka-2965.jpg.webp
Открытка С добрым утром 2937,https://otkrytki.top/wp-content/uploads/2025/05/otkrytka-2937.jpg.webp
Открытка доброе утро 2946,https://otkrytki.top/wp-content/uploads/2025/05/otkrytka-2946.jpg.webp
Открытка Доброе утро 2929,https://otkrytki.top/wp-content/uploads/2025/05/otkrytka-2929.jpg.webp
Открытка С добрым утром 2925,https://otkrytki.top/wp-content/uploads/2025/05/otkrytka-2925.jpg.webp
Открытка С добрым утром 2940,https://otkrytki.top/wp-content/uploads/2025/05/otkrytka-2940.jpg.webp
Открытка привет 2961,https://otkrytki.top/wp-content/uploads/2025/05/otkrytka-2961.jpg.webp
Открытка С добрым утром 2912,https://otkrytki.top/wp-content/uploads/2025/05/otkrytka-2912.jpg.webp
Открытка С добрым утром 2911,https://otkrytki.top/wp-content/uploads/2025/05/otkrytka-2911.jpg.webp
Открытка Доброго утра 2930,https://otkrytki.top/wp-content/uploads/2025/05/otkrytka-2930.jpg.webp
Открытка доброе утро 2909,https://otkrytki.top/wp-content/uploads/2025/04/otkrytka-2909.jpg.webp
Открытка доброе утро 2908,https://otkrytki.top/wp-content/uploads/2025/04/otkrytka-2908.jpg.webp
Открытка Доброе утро 2906,https://otkrytki.top/wp-content/uploads/2025/04/otkrytka-2906.jpg.webp
Открытка привет 2919,https://otkrytki.top/wp-content/uploads/2025/05/otkrytka-2919.jpg.webp
Открытка С добрым утром 2895,https://otkrytki.top/wp-content/uploads/2025/04/otkrytka-2895.jpg.webp
Открытка доброе утро 2891,https://otkrytki.top/wp-content/uploads/2025/04/otkrytka-2891.jpg.webp
Открытка С добрым утром 2889,https://otkrytki.top/wp-content/uploads/2025/04/otkrytka-2889.jpg.webp
Открытка С добрым утром 2890,https://otkrytki.top/wp-content/uploads/2025/04/otkrytka-2890.jpg.webp
Открытка с приветиком 2901,https://otkrytki.top/wp-content/uploads/2025/04/otkrytka-2901.jpg.webp
Открытка доброе утро 2888,https://otkrytki.top/wp-content/uploads/2025/04/otkrytka-2888.jpg.webp
Открытка С добрым утром 2883,https://otkrytki.top/wp-content/uploads/2025/04/otkrytka-2883.jpg.webp
Открытка Чудесного утра 2882,https://otkrytki.top/wp-content/uploads/2025/04/otkrytka-2882.jpg.webp
Открытка Доброго утра 2885,https://otkrytki.top/wp-content/uploads/2025/04/otkrytka-2885.jpg.webp
Открытка Доброго здоровья 2899,https://otkrytki.top/wp-content/uploads/2025/04/otkrytka-2899.jpg.webp
Открытка Доброе утро 2887,https://otkrytki.top/wp-content/uploads/2025/04/otkrytka-2887.jpg.webp
Открытка Добрый вечер 2881,https://otkrytki.top/wp-content/uploads/2025/04/otkrytka-2881.jpg.webp
Открытка С добрым утром 2879,https://otkrytki.top/wp-content/uploads/2025/04/otkrytka-2879.jpg.webp
Открытка доброе утро 2874,https://otkrytki.top/wp-content/uploads/2025/04/otkrytka-2874.jpg.webp
Открытка С добрым утром 2864,https://otkrytki.top/wp-content/uploads/2025/04/otkrytka-2864.jpg.webp
Открытка С добрым утром 2855,https://otkrytki.top/wp-content/uploads/2025/04/otkrytka-2855.jpg.webp
Открытка 2852,https://otkrytki.top/wp-content/uploads/2025/04/otkrytka-2852.jpg.webp
Открытка доброго утра 2851,https://otkrytki.top/wp-content/uploads/2025/04/otkrytka-2851.jpg.webp
Открытка Доброе утро 2877,https://otkrytki.top/wp-content/uploads/2025/04/otkrytka-2877.jpg.webp
Открытка доброе утро 2845,https://otkrytki.top/wp-content/uploads/2025/04/otkrytka-2845.jpg.webp
Открытка доброе утро 2812,https://otkrytki.top/wp-content/uploads/2025/04/otkrytka-2812.gif
Открытка Доброе утро 2848,https://otkrytki.top/wp-content/uploads/2025/04/otkrytka-2848.jpg.webp
Открытка С добрым утром 2849,https://otkrytki.top/wp-content/uploads/2025/04/otkrytka-2849.jpg.webp
Прекрасного весеннего утра - 2837,https://otkrytki.top/wp-content/uploads/2025/04/otkrytka-2837.jpg.webp
Открытка Доброе утро 2826,https://otkrytki.top/wp-content/uploads/2025/04/otkrytka-2826.jpg.webp
Открытка добрый вечер 2844,https://otkrytki.top/wp-content/uploads/2025/04/otkrytka-2844.jpg.webp
Открытка доброе утро 2810,https://otkrytki.top/wp-content/uploads/2025/04/otkrytka-2810.gif
Открытка С добрым утром 2775,https://otkrytki.top/wp-content/uploads/2025/03/otkrytka-2775.jpg.webp
Открытка Доброго дня 2825,https://otkrytki.top/wp-content/uploads/2025/04/otkrytka-2825.jpg.webp
Открытка с добрым утром женщине 2808,https://otkrytki.top/wp-content/uploads/2025/04/otkrytka-2808.gif
Открытка с добрым утром 2796,https://otkrytki.top/wp-content/uploads/2025/04/otkrytka-2796.jpg.webp
Открытка Доброе утро 2806,https://otkrytki.top/wp-content/uploads/2025/04/otkrytka-2806.gif
Открытка с добрым утром 2797,https://otkrytki.top/wp-content/uploads/2025/04/otkrytka-2797.jpg.webp
Открытка доброе утро 2794,https://otkrytki.top/wp-content/uploads/2025/03/otkrytka-2794.jpg.webp
Открытка С добрым утром 2789,https://otkrytki.top/wp-content/uploads/2025/03/otkrytka-2789.jpg.webp
Открытка Доброе утро 2782,https://otkrytki.top/wp-content/uploads/2025/03/otkrytka-2782.jpg.webp
Открытка Утро доброе 2802,https://otkrytki.top/wp-content/uploads/2025/04/otkrytka-2802.gif
Открытка с добрым утром пятницы 2763,https://otkrytki.top/wp-content/uploads/2025/03/otkrytka-2763.jpg.webp
Открытка утро 2779,https://otkrytki.top/wp-content/uploads/2025/03/otkrytka-2779.jpg.webp
Открытка Доброе утро 2756,https://otkrytki.top/wp-content/uploads/2025/03/otkrytka-2756.jpg.webp
Открытка доброе утро среда 2776,https://otkrytki.top/wp-content/uploads/2025/03/otkrytka-2776.jpg.webp
Открытка С добрым утром 2754,https://otkrytki.top/wp-content/uploads/2025/03/otkrytka-2754.jpg.webp
Открытка как ты? - 2792,https://otkrytki.top/wp-content/uploads/2025/03/otkrytka-2792.jpg.webp
Открытка Хорошего настроения 2783,https://otkrytki.top/wp-content/uploads/2025/03/otkrytka-2783.jpg.webp
Открытка С добрым утром 2786,https://otkrytki.top/wp-content/uploads/2025/03/otkrytka-2786.jpg.webp
Открытка доброе утро 2752,https://otkrytki.top/wp-content/uploads/2025/03/otkrytka-2752.jpg.webp
Открытка с добрым субботним утром 2751,https://otkrytki.top/wp-content/uploads/2025/03/otkrytka-2751.jpg.webp
Открытка Доброе утро 2742,https://otkrytki.top/wp-content/uploads/2025/03/otkrytka-2742.jpg.webp
Открытка Добрый день 2784,https://otkrytki.top/wp-content/uploads/2025/03/otkrytka-2784.jpg.webp
Открытка Доброе утро 2745,https://otkrytki.top/wp-content/uploads/2025/03/otkrytka-2745.jpg.webp
Открытка С добрым утром 2730,https://otkrytki.top/wp-content/uploads/2025/03/otkrytka-2730.jpg.webp
Открытка С добрым утром 2762,https://otkrytki.top/wp-content/uploads/2025/03/otkrytka-2762.jpg.webp
Открытка Добрый вечер 2773,https://otkrytki.top/wp-content/uploads/2025/03/otkrytka-2773.jpg.webp
Открытка доброе утро 2715,https://otkrytki.top/wp-content/uploads/2025/03/otkrytka-2715.jpg.webp
Открытка с понедельником 2716,https://otkrytki.top/wp-content/uploads/2025/03/otkrytka-2716.jpg.webp
Открытка Доброе утро 2714,https://otkrytki.top/wp-content/uploads/2025/03/otkrytka-2714.jpg.webp
Открытка привет 2740,https://otkrytki.top/wp-content/uploads/2025/03/otkrytka-2740.jpg.webp
Открытка доброе утро 2710,https://otkrytki.top/wp-content/uploads/2025/03/otkrytka-2710.jpg.webp
Открытка С добрым утром 2708,https://otkrytki.top/wp-content/uploads/2025/03/otkrytka-2708.jpg.webp
Открытка доброго дня 2748,https://otkrytki.top/wp-content/uploads/2025/03/otkrytka-2748.jpg.webp
Открытка Доброе утро 2705,https://otkrytki.top/wp-content/uploads/2025/03/otkrytka-2705.jpg.webp
Открытка хорошего настроения 2704,https://otkrytki.top/wp-content/uploads/2025/03/otkrytka-2704.jpg.webp
Открытка Доброе утро 2703,https://otkrytki.top/wp-content/uploads/2025/03/otkrytka-2703.jpg.webp
Открытка Доброе утро 2701,https://otkrytki.top/wp-content/uploads/2025/03/otkrytka-2701.jpg.webp
Открытка доброе утро 2451,https://otkrytki.top/wp-content/uploads/2025/01/otkrytka-2451.jpg.webp
Открытка доброе утро 2699,https://otkrytki.top/wp-content/uploads/2025/03/otkrytka-2699.jpg.webp
Открытка С добрым утром 2697,https://otkrytki.top/wp-content/uploads/2025/03/otkrytka-2697.jpg.webp
Открытка с приветом 2732,https://otkrytki.top/wp-content/uploads/2025/03/otkrytka-2732.jpg.webp
Открытка Доброе утро 2688,https://otkrytki.top/wp-content/uploads/2025/03/otkrytka-2688.gif
Открытка доброе утро 2341,https://otkrytki.top/wp-content/uploads/2024/12/otkrytka-2341.gif
Открытка Доброе утро 2677,https://otkrytki.top/wp-content/uploads/2025/03/otkrytka-2677.jpg.webp
Картинка про утро 2652,https://otkrytki.top/wp-content/uploads/2025/03/otkrytka-2652.jpg.webp
Открытка доброго утра 2664,https://otkrytki.top/wp-content/uploads/2025/03/otkrytka-2664.jpg.webp
Открытка доброе утро 2599,https://otkrytki.top/wp-content/uploads/2025/02/otkrytka-2599.jpg.webp
Открытка доброе утро 2661,https://otkrytki.top/wp-content/uploads/2025/03/otkrytka-2661.jpg.webp
Открытка 2651,https://otkrytki.top/wp-content/uploads/2025/03/otkrytka-2651.jpg.webp
Открытка доброе нежное утро 2639,https://otkrytki.top/wp-content/uploads/2025/02/otkrytka-2639.jpg.webp
Открытка с утрой 2650,https://otkrytki.top/wp-content/uploads/2025/03/otkrytka-2650.jpg.webp
Открытка доброго утра 2649,https://otkrytki.top/wp-content/uploads/2025/03/otkrytka-2649.jpg.webp
Открытка привет среда 2676,https://otkrytki.top/wp-content/uploads/2025/03/otkrytka-2676.jpg.webp
Открытка всем доброе утро 2645,https://otkrytki.top/wp-content/uploads/2025/03/otkrytka-2645.jpg.webp
Открытка доброе утро 2690,https://otkrytki.top/wp-content/uploads/2025/03/otkrytka-2690.gif
Открытка доброго утра 2601,https://otkrytki.top/wp-content/uploads/2025/02/otkrytka-2601.jpg.webp
Открытка доброе утро 2334,https://otkrytki.top/wp-content/uploads/2024/12/otkrytka-2334.jpg.webp
Открытка доброе утро с тюльпанами 2643,https://otkrytki.top/wp-content/uploads/2025/03/otkrytka-2643.jpg.webp
Открытка привет 2653,https://otkrytki.top/wp-content/uploads/2025/03/otkrytka-2653.jpg.webp
Открытка доброе утро 2611,https://otkrytki.top/wp-content/uploads/2025/02/otkrytka-2611.jpg.webp
Открытка с добрым утром 2642,https://otkrytki.top/wp-content/uploads/2025/02/otkrytka-2642.jpg.webp
Открытка доброе утро 2641,https://otkrytki.top/wp-content/uploads/2025/02/otkrytka-2641.jpg.webp
Открытка доброе утро 2644,https://otkrytki.top/wp-content/uploads/2025/03/otkrytka-2644.jpg.webp
Открытка С добрым утром 2625,https://otkrytki.top/wp-content/uploads/2025/02/otkrytka-2625.jpg.webp
Открытка доброе  утро 2640,https://otkrytki.top/wp-content/uploads/2025/02/otkrytka-2640.jpg.webp
Открытка хорошего дня 2592,https://otkrytki.top/wp-content/uploads/2025/02/otkrytka-2592.gif
Открытка доброе утро 2638,https://otkrytki.top/wp-content/uploads/2025/02/otkrytka-2638.jpg.webp
Открытка с добрым утром 2618,https://otkrytki.top/wp-content/uploads/2025/02/otkrytka-2618.jpg.webp
Открытка доброе утро 2637,https://otkrytki.top/wp-content/uploads/2025/02/otkrytka-2637.jpg.webp
Открытка доброе утро 2606,https://otkrytki.top/wp-content/uploads/2025/02/otkrytka-2606.jpg.webp
Открытка доброе весеннее утро 2635,https://otkrytki.top/wp-content/uploads/2025/02/otkrytka-2635.jpg.webp
Открытка доброе утро 2636,https://otkrytki.top/wp-content/uploads/2025/02/otkrytka-2636.jpg.webp
Открытка доброе весеннее утро 2634,https://otkrytki.top/wp-content/uploads/2025/02/otkrytka-2634.jpg.webp
Открытка доброе весеннее утро 2633,https://otkrytki.top/wp-content/uploads/2025/02/otkrytka-2633.jpg.webp
Открытка доброго утра 2623,https://otkrytki.top/wp-content/uploads/2025/02/otkrytka-2623.jpg.webp
Открытка добрый вечер 2604,https://otkrytki.top/wp-content/uploads/2025/02/otkrytka-2604.jpg.webp
Открытка доброе утро 2583,https://otkrytki.top/wp-content/uploads/2025/02/otkrytka-2583.jpg.webp
Открытка Доброе утро 2589,https://otkrytki.top/wp-content/uploads/2025/02/otkrytka-2589.jpg.webp
Открытка доброго зимнего утра 2630,https://otkrytki.top/wp-content/uploads/2025/02/otkrytka-2630.jpg.webp
Открытка доброе утро 2585,https://otkrytki.top/wp-content/uploads/2025/02/otkrytka-2585.jpg.webp
Открытка добрый вечер 2600,https://otkrytki.top/wp-content/uploads/2025/02/otkrytka-2600.jpg.webp
Открытка доброе утро 2582,https://otkrytki.top/wp-content/uploads/2025/02/otkrytka-2582.jpg.webp
С добрым утром понедельник 2562,https://otkrytki.top/wp-content/uploads/2025/02/otkrytka-2562.jpg.webp
Открытка С добрым утром 2626,https://otkrytki.top/wp-content/uploads/2025/02/otkrytka-2626.jpg.webp
Открытка доброе утро 2572,https://otkrytki.top/wp-content/uploads/2025/02/otkrytka-2572.jpg.webp
Открытка добрый вечер 2590,https://otkrytki.top/wp-content/uploads/2025/02/otkrytka-2590.jpg.webp
Открытка доброе утро 2570,https://otkrytki.top/wp-content/uploads/2025/02/otkrytka-2570.jpg.webp
Открытка добрый вечер 2593,https://otkrytki.top/wp-content/uploads/2025/02/otkrytka-2593.jpg.webp
Открытка 2568,https://otkrytki.top/wp-content/uploads/2025/02/otkrytka-2568.jpg.webp
Открытка доброе утро 2552,https://otkrytki.top/wp-content/uploads/2025/02/otkrytka-2552.jpg.webp
Открытка 2579,https://otkrytki.top/wp-content/uploads/2025/02/otkrytka-2579.jpg.webp
Открытка доброе утро 2549,https://otkrytki.top/wp-content/uploads/2025/02/otkrytka-2549.jpg.webp
Открытка доброе утро 2543,https://otkrytki.top/wp-content/uploads/2025/02/otkrytka-2543.jpg.webp
Открытка доброе утро 2574,https://otkrytki.top/wp-content/uploads/2025/02/otkrytka-2574.jpg.webp
Открытка мы вам рады 2577,https://otkrytki.top/wp-content/uploads/2025/02/otkrytka-2577.jpg.webp
Открытка привет утро 2541,https://otkrytki.top/wp-content/uploads/2025/02/otkrytka-2541.jpg.webp
Открытка доброе зимнее утро 2563,https://otkrytki.top/wp-content/uploads/2025/02/otkrytka-2563.jpg.webp
Открытка доброе утро 2540,https://otkrytki.top/wp-content/uploads/2025/02/otkrytka-2540.jpg.webp
Открытка доброе утро 2548,https://otkrytki.top/wp-content/uploads/2025/02/otkrytka-2548.jpg.webp
Открытка с добрым утром  2537,https://otkrytki.top/wp-content/uploads/2025/02/otkrytka-2537.jpg.webp
Открытка доброе утро 2547,https://otkrytki.top/wp-content/uploads/2025/02/otkrytka-2547.jpg.webp
Открытка добрый вечер 2580,https://otkrytki.top/wp-content/uploads/2025/02/otkrytka-2580.jpg.webp
Открытка доброе утро 2539,https://otkrytki.top/wp-content/uploads/2025/02/otkrytka-2539.jpg.webp
Доброе утро открытка 2538,https://otkrytki.top/wp-content/uploads/2025/02/otkrytka-2538.jpg.webp
Открытка доброе утро 2536,https://otkrytki.top/wp-content/uploads/2025/02/otkrytka-2536.jpg.webp
Открытка Доброе утро 2535,https://otkrytki.top/wp-content/uploads/2025/02/otkrytka-2535.jpg.webp
Открытка доброе утро мандариновое 2555,https://otkrytki.top/wp-content/uploads/2025/02/otkrytka-2555.jpg.webp
Доброе утро открытка 2534,https://otkrytki.top/wp-content/uploads/2025/02/otkrytka-2534.jpg.webp
Открытка доброе утро 2533,https://otkrytki.top/wp-content/uploads/2025/02/otkrytka-2533.jpg.webp
Открытка доброе зимнее утро 2532,https://otkrytki.top/wp-content/uploads/2025/02/otkrytka-2532.jpg.webp
Открытка С добрым утром 2531,https://otkrytki.top/wp-content/uploads/2025/02/otkrytka-2531.jpg.webp
Открытка С добрым утром 2530,https://otkrytki.top/wp-content/uploads/2025/02/otkrytka-2530.jpg.webp
Открытка доброе утро 2529,https://otkrytki.top/wp-content/uploads/2025/02/otkrytka-2529.jpg.webp
Открытка 2347,https://otkrytki.top/wp-content/uploads/2024/12/otkrytka-2347.gif
Открытка доброе утро 2518,https://otkrytki.top/wp-content/uploads/2025/02/otkrytka-2518.jpg.webp
Открытка 2515,https://otkrytki.top/wp-content/uploads/2025/01/otkrytka-2515.jpg.webp
Открытка добрый вечер 2513,https://otkrytki.top/wp-content/uploads/2025/01/otkrytka-2513.jpg.webp
Открытка доброе зимнее утро 2511,https://otkrytki.top/wp-content/uploads/2025/01/otkrytka-2511.jpg.webp
Открытка доброе утро зимой 2509,https://otkrytki.top/wp-content/uploads/2025/01/otkrytka-2509.jpg.webp
Открытка добрый вечер 2503,https://otkrytki.top/wp-content/uploads/2025/01/otkrytka-2503.jpg.webp
Открытка с добрым утром 2508,https://otkrytki.top/wp-content/uploads/2025/01/otkrytka-2508.jpg.webp
Открытка доброго зимнего утра 2504,https://otkrytki.top/wp-content/uploads/2025/01/otkrytka-2504.jpg.webp
Открытка доброе утро вторник 2500,https://otkrytki.top/wp-content/uploads/2025/01/otkrytka-2500.jpg.webp
Открытка 2488,https://otkrytki.top/wp-content/uploads/2025/01/otkrytka-2488.jpg.webp
Открытка доброе утро 2493,https://otkrytki.top/wp-content/uploads/2025/01/otkrytka-2493.jpg.webp
Открытка доброе утро люблю тебя 2482,https://otkrytki.top/wp-content/uploads/2025/01/otkrytka-2482.jpg.webp
Открытка не доброе утро 2478,https://otkrytki.top/wp-content/uploads/2025/01/otkrytka-2478.jpg.webp
Открытка приветствия 2484,https://otkrytki.top/wp-content/uploads/2025/01/otkrytka-2484.jpg.webp
Открытка доброе утро прикольная 2472,https://otkrytki.top/wp-content/uploads/2025/01/otkrytka-2472.jpg.webp
Открытка с добрым утром 2345,https://otkrytki.top/wp-content/uploads/2024/12/otkrytka-2345.gif
Открытка доброе утро 2466,https://otkrytki.top/wp-content/uploads/2025/01/otkrytka-2466.jpg.webp
Открытка доброе утро 2468,https://otkrytki.top/wp-content/uploads/2025/01/otkrytka-2468.jpg.webp
Открытка доброе утро 2441,https://otkrytki.top/wp-content/uploads/2025/01/otkrytka-2441.jpg.webp
Открытка Бог в помощь 2448,https://otkrytki.top/wp-content/uploads/2025/01/otkrytka-2448.jpeg.webp
Открытка с добрым утром 2439,https://otkrytki.top/wp-content/uploads/2025/01/otkrytka-2439.jpg.webp
Открытка 2454,https://otkrytki.top/wp-content/uploads/2025/01/otkrytka-2454.jpg.webp
Открытка 2432,https://otkrytki.top/wp-content/uploads/2025/01/otkrytka-2432.jpg.webp
Открытка С добрым утром 2424,https://otkrytki.top/wp-content/uploads/2025/01/otkrytka-2424.jpg.webp
Открытка доброе утро понедельника 2378,https://otkrytki.top/wp-content/uploads/2024/12/otkrytka-2378.jpg.webp
Открытка доброе утро 2421,https://otkrytki.top/wp-content/uploads/2025/01/otkrytka-2421.jpg.webp
Открытка доброго дня 2425,https://otkrytki.top/wp-content/uploads/2025/01/otkrytka-2425.jpg.webp
Открытка 2418,https://otkrytki.top/wp-content/uploads/2025/01/otkrytka-2418.jpg.webp
Открытка Доброе утро 2414,https://otkrytki.top/wp-content/uploads/2025/01/otkrytka-2414.jpg.webp
Открытка доброе утро 2410,https://otkrytki.top/wp-content/uploads/2025/01/otkrytka-2410.jpg.webp
Открытка доброе утро 2409,https://otkrytki.top/wp-content/uploads/2025/01/otkrytka-2409.jpg.webp
Открытка доброго вечера 2404,https://otkrytki.top/wp-content/uploads/2025/01/otkrytka-2404.jpg.webp
Открытка доброе утро 2405,https://otkrytki.top/wp-content/uploads/2025/01/otkrytka-2405.jpg.webp
Гиф-открытка доброе утро 2344,https://otkrytki.top/wp-content/uploads/2024/12/otkrytka-2344.gif
Открытка с добрым утром 1409,https://otkrytki.top/wp-content/uploads/2024/04/otkrytka-1409.jpg.webp
Открытка доброе утро 2395,https://otkrytki.top/wp-content/uploads/2024/12/otkrytka-2395.jpg.webp
Открытка доброе утро 1310,https://otkrytki.top/wp-content/uploads/2024/03/otkrytka-1310.jpg.webp
Открытка 2388,https://otkrytki.top/wp-content/uploads/2024/12/otkrytka-2388.jpg.webp
Открытка с котами на утро 2379,https://otkrytki.top/wp-content/uploads/2024/12/otkrytka-2379.jpg.webp
Открытка добрый вечер 2374,https://otkrytki.top/wp-content/uploads/2024/12/otkrytka-2374.jpg.webp
Открытка хорошего дня 1298,https://otkrytki.top/wp-content/uploads/2024/12/otkrytka-1298_2.jpg.webp
Открытка доброе утро 2343,https://otkrytki.top/wp-content/uploads/2024/12/otkrytka-2343.gif
Открытка с добрым зимним утром 2375,https://otkrytki.top/wp-content/uploads/2024/12/otkrytka-2375.jpg.webp
Открытка с добрым утром зимы 2369,https://otkrytki.top/wp-content/uploads/2024/12/otkrytka-2369.jpg.webp
Открытка доброе утро с кофе 2360,https://otkrytki.top/wp-content/uploads/2024/12/otkrytka-2360.jpg.webp
Открытка доброе утро зимой 2366,https://otkrytki.top/wp-content/uploads/2024/12/otkrytka-2366.jpg.webp
Открытка доброе утро 2342,https://otkrytki.top/wp-content/uploads/2024/12/otkrytka-2342.gif
Открытка доброго зимнего утра 1299,https://otkrytki.top/wp-content/uploads/2024/03/otkrytka-1299.jpg.webp
Открытка добрый вечер 2371,https://otkrytki.top/wp-content/uploads/2024/12/otkrytka-2371.jpg.webp
Открытка Привет 2362,https://otkrytki.top/wp-content/uploads/2024/12/otkrytka-2362.jpg.webp
Прикольная гифка про вставать на работу 2338,https://otkrytki.top/wp-content/uploads/2024/12/otkrytka-2338.gif
Открытка доброе утро 2327,https://otkrytki.top/wp-content/uploads/2024/12/otkrytka-2327.jpg.webp
Открытка доброе утро зимой 2358,https://otkrytki.top/wp-content/uploads/2024/12/otkrytka-2358.jpg.webp
открытка 2275,https://otkrytki.top/wp-content/uploads/2024/11/otkrytka-2275.jpg.webp
Гиф-открытка с добрым утром 2350,https://otkrytki.top/wp-content/uploads/2024/12/otkrytka-2350.gif
Открытка 2325,https://otkrytki.top/wp-content/uploads/2024/12/otkrytka-2325.jpg.webp
Открытка доброе утро 2315,https://otkrytki.top/wp-content/uploads/2024/12/otkrytka-2315.jpg.webp
Открытка люблю 2356,https://otkrytki.top/wp-content/uploads/2024/12/otkrytka-2356.jpg.webp
Открытка доброе утро 2324,https://otkrytki.top/wp-content/uploads/2024/12/otkrytka-2324.jpg.webp
Открытка 2313,https://otkrytki.top/wp-content/uploads/2024/12/otkrytka-2313.jpg.webp
Открытка чудесного утра 2320,https://otkrytki.top/wp-content/uploads/2024/12/otkrytka-2320.jpg.webp
Открытка с добрым зимним утром 2314,https://otkrytki.top/wp-content/uploads/2024/12/otkrytka-2314.jpg.webp
Открытка доброе утро 2311,https://otkrytki.top/wp-content/uploads/2024/12/otkrytka-2311.jpg.webp
Открытка доброе утро зимнее 2310,https://otkrytki.top/wp-content/uploads/2024/12/otkrytka-2310.jpg.webp
открытка 2271,https://otkrytki.top/wp-content/uploads/2024/11/otkrytka-2271.jpg.webp
Открытка хорошего зимнего дня 2309,https://otkrytki.top/wp-content/uploads/2024/12/otkrytka-2309.jpg.webp
Открытка доброе утро 2319,https://otkrytki.top/wp-content/uploads/2024/12/otkrytka-2319.jpg.webp
Открытка доброе утро 2308,https://otkrytki.top/wp-content/uploads/2024/12/otkrytka-2308.jpg.webp
Гиф-открытка добрый вечер 2346,https://otkrytki.top/wp-content/uploads/2024/12/otkrytka-2346.gif
Открытка доброе утро 2307,https://otkrytki.top/wp-content/uploads/2024/12/otkrytka-2307.jpg.webp
Открытка с пятницей 2335,https://otkrytki.top/wp-content/uploads/2024/12/otkrytka-2335.jpg.webp
Открытка с добрым утром 2306,https://otkrytki.top/wp-content/uploads/2024/12/otkrytka-2306.jpg.webp
Открытка доброе утро зимнее 2305,https://otkrytki.top/wp-content/uploads/2024/12/otkrytka-2305.jpg.webp
Открытка с добрым зимнем утром 2301,https://otkrytki.top/wp-content/uploads/2024/12/otkrytka-2301.jpg.webp
Открытка доброго дня 2316,https://otkrytki.top/wp-content/uploads/2024/12/otkrytka-2316.jpg.webp
Открытка утро доброе 2297,https://otkrytki.top/wp-content/uploads/2024/11/otkrytka-2297.jpg.webp
Открытка доброго утра 2300,https://otkrytki.top/wp-content/uploads/2024/11/otkrytka-2300.jpg.webp
Открытка доброе утро 2294,https://otkrytki.top/wp-content/uploads/2024/11/otkrytka-2294.jpg.webp
Открытка С добрым зимним утром 2303,https://otkrytki.top/wp-content/uploads/2024/12/otkrytka-2303.jpg.webp
открытка доброе утро 2292,https://otkrytki.top/wp-content/uploads/2024/11/otkrytka-2292.jpg.webp
открытка 2268,https://otkrytki.top/wp-content/uploads/2024/11/otkrytka-2268.jpg.webp
Открытка доброе утро зима 2299,https://otkrytki.top/wp-content/uploads/2024/11/otkrytka-2299.jpg.webp
Открытка доброе утро 2298,https://otkrytki.top/wp-content/uploads/2024/11/otkrytka-2298.jpg.webp
открытка доброе утро 2285,https://otkrytki.top/wp-content/uploads/2024/11/otkrytka-2285.jpg.webp
открытка приветик 2265,https://otkrytki.top/wp-content/uploads/2024/11/otkrytka-2265.jpg.webp
Открытка доброе утро 2296,https://otkrytki.top/wp-content/uploads/2024/11/otkrytka-2296.jpg.webp
открытка доброе утро 2280,https://otkrytki.top/wp-content/uploads/2024/11/otkrytka-2280.jpg.webp
Открытка доброе утро 2295,https://otkrytki.top/wp-content/uploads/2024/11/otkrytka-2295.jpg.webp
открытка 2260,https://otkrytki.top/wp-content/uploads/2024/11/otkrytka-2260.jpg.webp
Открытка доброе утро 2293,https://otkrytki.top/wp-content/uploads/2024/11/otkrytka-2293.jpg.webp
открытка с добрым утром 2255,https://otkrytki.top/wp-content/uploads/2024/11/otkrytka-2255.jpg.webp
открытка доброе утро 2250,https://otkrytki.top/wp-content/uploads/2024/11/otkrytka-2250.jpg.webp
открытка 2248,https://otkrytki.top/wp-content/uploads/2024/11/otkrytka-2248.jpg.webp
Открытка доброе утро 2276,https://otkrytki.top/wp-content/uploads/2024/11/otkrytka-2276.gif
открытка доброе утро 2244,https://otkrytki.top/wp-content/uploads/2024/11/otkrytka-2244.jpg.webp
открытка 2236,https://otkrytki.top/wp-content/uploads/2024/11/otkrytka-2236.jpg.webp
открытка 2258,https://otkrytki.top/wp-content/uploads/2024/11/otkrytka-2258.jpg.webp
открытка доброе утро 2239,https://otkrytki.top/wp-content/uploads/2024/11/otkrytka-2239.jpg.webp
открытка 2230,https://otkrytki.top/wp-content/uploads/2024/11/otkrytka-2230.jpg.webp
открытка доброе утро 2228,https://otkrytki.top/wp-content/uploads/2024/11/otkrytka-2228.jpg.webp
открытка добрый вечер 2253,https://otkrytki.top/wp-content/uploads/2024/11/otkrytka-2253.jpg.webp
открытка доброе утро четверг 2226,https://otkrytki.top/wp-content/uploads/2024/11/otkrytka-2226.jpg.webp
открытка добрый вечер 2243,https://otkrytki.top/wp-content/uploads/2024/11/otkrytka-2243.jpg.webp
открытка доброе утро 2221,https://otkrytki.top/wp-content/uploads/2024/11/otkrytka-2221.jpg.webp
Открытка 2217,https://otkrytki.top/wp-content/uploads/2024/11/otkrytka-2217.jpg.webp
Веселая картинка 2212,https://otkrytki.top/wp-content/uploads/2024/11/otkrytka-2212.jpg.webp
Открытка доброе утро 2208,https://otkrytki.top/wp-content/uploads/2024/11/otkrytka-2208.jpg.webp
Открытка с пятницей 2194,https://otkrytki.top/wp-content/uploads/2024/11/otkrytka-2194.jpg.webp
Открытка с добрым утром 2203,https://otkrytki.top/wp-content/uploads/2024/11/otkrytka-2203.jpg.webp
Открытка доброе утро 2196,https://otkrytki.top/wp-content/uploads/2024/11/otkrytka-2196.jpg.webp
Открытка 2195,https://otkrytki.top/wp-content/uploads/2024/11/otkrytka-2195.jpg.webp
Открытка доброе утро 2190,https://otkrytki.top/wp-content/uploads/2024/11/otkrytka-2190.jpg.webp
Открытка доброго понедельника 2154,https://otkrytki.top/wp-content/uploads/2024/10/otkrytka-2154.jpg.webp
Открытка Привет 2189,https://otkrytki.top/wp-content/uploads/2024/11/otkrytka-2189.jpg.webp
Открытка доброе утро 2187,https://otkrytki.top/wp-content/uploads/2024/11/otkrytka-2187.jpg.webp
Открытка 2185,https://otkrytki.top/wp-content/uploads/2024/11/otkrytka-2185.jpg.webp
Открытка доброе утро 2184,https://otkrytki.top/wp-content/uploads/2024/11/otkrytka-2184.jpg.webp
Открытка ты прекрасна 2178,https://otkrytki.top/wp-content/uploads/2024/11/otkrytka-2178.jpg.webp
Открытка 2181,https://otkrytki.top/wp-content/uploads/2024/11/otkrytka-2181.jpg.webp
Открытка доброе осеннее утро 2173,https://otkrytki.top/wp-content/uploads/2024/10/otkrytka-2173.jpg.webp
Открытка легкого понедельника 2153,https://otkrytki.top/wp-content/uploads/2024/10/otkrytka-2153.jpg.webp
Открытка доброе утро 2152,https://otkrytki.top/wp-content/uploads/2024/10/otkrytka-2152.jpg.webp
Открытка доброго вечера  2164,https://otkrytki.top/wp-content/uploads/2024/10/otkrytka-2164.jpg.webp
Открытка доброго дня 2143,https://otkrytki.top/wp-content/uploads/2024/10/otkrytka-2143.jpg.webp
Открытка доброе утро 2158,https://otkrytki.top/wp-content/uploads/2024/10/otkrytka-2158.jpg.webp
Открытка доброе утро 2141,https://otkrytki.top/wp-content/uploads/2024/10/otkrytka-2141.jpg.webp
Открытка воскресенье 2099,https://otkrytki.top/wp-content/uploads/2024/10/otkrytka-2099.jpg.webp
Открытка с добрым утром 2107,https://otkrytki.top/wp-content/uploads/2024/10/otkrytka-2107.gif
Открытка с добрым утром 2140,https://otkrytki.top/wp-content/uploads/2024/10/otkrytka-2140.jpg.webp
Открытка доброе утро 2102,https://otkrytki.top/wp-content/uploads/2024/10/otkrytka-2102.jpg.webp
Открытка доброго утра 2101,https://otkrytki.top/wp-content/uploads/2024/10/otkrytka-2101.jpg.webp
Открытка доброе утро 2098,https://otkrytki.top/wp-content/uploads/2024/10/otkrytka-2098.jpg.webp
Открытка доброе утро 2132,https://otkrytki.top/wp-content/uploads/2024/10/otkrytka-2132.gif
Открытка доброго утра 2096,https://otkrytki.top/wp-content/uploads/2024/10/otkrytka-2096.jpg.webp
Открытка доброе утро 2094,https://otkrytki.top/wp-content/uploads/2024/10/otkrytka-2094.jpg.webp
Открытка доброе утро 2092,https://otkrytki.top/wp-content/uploads/2024/10/otkrytka-2092.jpg.webp
Открытка 2089,https://otkrytki.top/wp-content/uploads/2024/10/otkrytka-2089.jpg.webp
Красивая открытка доброе утро 2080,https://otkrytki.top/wp-content/uploads/2024/10/otkrytka-2080.gif
Открытка добрый осенний вечер 2103,https://otkrytki.top/wp-content/uploads/2024/10/otkrytka-2103.jpg.webp
Открытка с добрым утречком 2076,https://otkrytki.top/wp-content/uploads/2024/10/otkrytka-2076.gif
Открытка осеннего дня 2087,https://otkrytki.top/wp-content/uploads/2024/10/otkrytka-2087.jpg.webp
Открытка доброе утро 2067,https://otkrytki.top/wp-content/uploads/2024/10/otkrytka-2067.jpg.webp
Открытка с добрым утром  2068,https://otkrytki.top/wp-content/uploads/2024/10/otkrytka-2068.jpg.webp
Открытка с добрым утром 2059,https://otkrytki.top/wp-content/uploads/2024/10/otkrytka-2059.jpg.webp
Открытка 2118,https://otkrytki.top/wp-content/uploads/2024/10/otkrytka-2118.gif
картинка про осень 2057,https://otkrytki.top/wp-content/uploads/2024/10/otkrytka-2057.jpg.webp
Открытка доброе утро четверга 2056,https://otkrytki.top/wp-content/uploads/2024/10/otkrytka-2056.jpg.webp
Открытка доброе утро 2055,https://otkrytki.top/wp-content/uploads/2024/10/otkrytka-2055.jpg.webp
Открытка доброе утро 2054,https://otkrytki.top/wp-content/uploads/2024/10/otkrytka-2054.gif
Открытка пятница с добрым утром 2027,https://otkrytki.top/wp-content/uploads/2024/09/otkrytka-2027.jpg.webp
Открытка 2049,https://otkrytki.top/wp-content/uploads/2024/09/otkrytka-2049.jpg.webp
Открытка доброе утро 2035,https://otkrytki.top/wp-content/uploads/2024/09/otkrytka-2035.jpg.webp
Открытка 2051,https://otkrytki.top/wp-content/uploads/2024/09/otkrytka-2051.gif
Открытка доброе утро 2032,https://otkrytki.top/wp-content/uploads/2024/09/otkrytka-2032.jpg.webp
Открытка с добрым утром 2020,https://otkrytki.top/wp-content/uploads/2024/09/otkrytka-2020.jpg.webp
Открытка с утренними пожеланиями 2018,https://otkrytki.top/wp-content/uploads/2024/09/otkrytka-2018.jpg.webp
Открытка доброе утро 2016,https://otkrytki.top/wp-content/uploads/2024/09/otkrytka-2016.gif
Открытка доброе утро смешная 2015,https://otkrytki.top/wp-content/uploads/2024/09/otkrytka-2015.jpg.webp
Открытка с добрым утром 2013,https://otkrytki.top/wp-content/uploads/2024/09/otkrytka-2013.jpg.webp
Открытка хорошего дня 2028,https://otkrytki.top/wp-content/uploads/2024/09/otkrytka-2028.jpg.webp
Открытка с добрым утром 2008,https://otkrytki.top/wp-content/uploads/2024/09/otkrytka-2008.jpg.webp
открытка доброе утро 2004,https://otkrytki.top/wp-content/uploads/2024/09/otkrytka-2004.gif
открытка доброго дня 2001,https://otkrytki.top/wp-content/uploads/2024/09/otkrytka-2001.jpg.webp
открытка 2002,https://otkrytki.top/wp-content/uploads/2024/09/otkrytka-2002.jpg.webp
открытка с добрым утром  1986,https://otkrytki.top/wp-content/uploads/2024/09/otkrytka-1986.jpg.webp
Открытка доброе утро 1943,https://otkrytki.top/wp-content/uploads/2024/09/otkrytka-1943.jpg.webp
открытка доброе утро 1978,https://otkrytki.top/wp-content/uploads/2024/09/otkrytka-1978.jpg.webp
Открытка доброе утро 1984,https://otkrytki.top/wp-content/uploads/2024/09/otkrytka-1984.jpg.webp
Картинка доброе утро 1946,https://otkrytki.top/wp-content/uploads/2024/09/otkrytka-1946.jpg.webp
открытка добрый вечер 1998,https://otkrytki.top/wp-content/uploads/2024/09/otkrytka-1998.jpg.webp
Открытка доброе утро 1937,https://otkrytki.top/wp-content/uploads/2024/09/otkrytka-1937.jpg.webp
Картинка про работу 1951,https://otkrytki.top/wp-content/uploads/2024/09/otkrytka-1951.jpg.webp
Открытка врываемся в понедельник 1933,https://otkrytki.top/wp-content/uploads/2024/09/otkrytka-1933.gif
открытка легкого утра 1982,https://otkrytki.top/wp-content/uploads/2024/09/otkrytka-1982.jpg.webp
Открытка доброе утро 1930,https://otkrytki.top/wp-content/uploads/2024/08/otkrytka-1930.gif
Открытка пятница доброе утро 1912,https://otkrytki.top/wp-content/uploads/2024/08/otkrytka-1912.jpg.webp
открытка с добрым утром 1977,https://otkrytki.top/wp-content/uploads/2024/09/otkrytka-1977.jpg.webp
открытка доброе утро 1973,https://otkrytki.top/wp-content/uploads/2024/09/otkrytka-1973.jpg.webp
открытка как настроение 1974,https://otkrytki.top/wp-content/uploads/2024/09/otkrytka-1974.jpg.webp
Открытка доброго утра 1940,https://otkrytki.top/wp-content/uploads/2024/09/otkrytka-1940.jpg.webp
Открытка хорошего настроения  1932,https://otkrytki.top/wp-content/uploads/2024/08/otkrytka-1932.jpg.webp
Открытка с добрым утром 1928,https://otkrytki.top/wp-content/uploads/2024/08/otkrytka-1928.jpg.webp
Открытка с добрым утром 1911,https://otkrytki.top/wp-content/uploads/2024/08/otkrytka-1911.jpg.webp
Открытка 1910,https://otkrytki.top/wp-content/uploads/2024/08/otkrytka-1910.jpg.webp
Открытка привет 1934,https://otkrytki.top/wp-content/uploads/2024/09/otkrytka-1934.jpg.webp
Открытка чудесного утра 1908,https://otkrytki.top/wp-content/uploads/2024/08/otkrytka-1908.gif
Открытка доброе утро  1927,https://otkrytki.top/wp-content/uploads/2024/08/otkrytka-1927.gif
Открытка доброе утро 1906,https://otkrytki.top/wp-content/uploads/2024/08/otkrytka-1906.jpg.webp
Открытка доброе утро 1892,https://otkrytki.top/wp-content/uploads/2024/08/otkrytka-1892.gif
Открытка с добрым утром 1887,https://otkrytki.top/wp-content/uploads/2024/08/otkrytka-1887.jpg.webp
Открытка доброго утра 1886,https://otkrytki.top/wp-content/uploads/2024/08/otkrytka-1886.jpg.webp
Открытка 1917,https://otkrytki.top/wp-content/uploads/2024/08/otkrytka-1917.jpg.webp
Открытка с добрым утром 1879,https://otkrytki.top/wp-content/uploads/2024/08/otkrytka-1879.jpg.webp
Открытка с четвергом 1883,https://otkrytki.top/wp-content/uploads/2024/08/otkrytka-1883.jpg.webp
Открытка доброе утро 1873,https://otkrytki.top/wp-content/uploads/2024/08/otkrytka-1873.jpg.webp
Открытка с добрым утром  1870,https://otkrytki.top/wp-content/uploads/2024/08/otkrytka-1870.jpg.webp
Открытка С добрым утром 1867,https://otkrytki.top/wp-content/uploads/2024/08/otkrytka-1867.jpg.webp
Открытка доброго утра 1866,https://otkrytki.top/wp-content/uploads/2024/08/otkrytka-1866.jpg.webp
Открытка 1900,https://otkrytki.top/wp-content/uploads/2024/08/otkrytka-1900.gif
Открытка доброе утро 1862,https://otkrytki.top/wp-content/uploads/2024/08/otkrytka-1862.jpg.webp
Открытка привет 1889,https://otkrytki.top/wp-content/uploads/2024/08/otkrytka-1889.jpg.webp
Открытка доброе утро 1859,https://otkrytki.top/wp-content/uploads/2024/08/otkrytka-1859.jpg.webp
Открытка доброе утро 1858,https://otkrytki.top/wp-content/uploads/2024/08/otkrytka-1858.jpg.webp
Открытка добрый день 1888,https://otkrytki.top/wp-content/uploads/2024/08/otkrytka-1888_3.gif
Открытка доброе утро 1857,https://otkrytki.top/wp-content/uploads/2024/08/otkrytka-1857.gif
Открытка доброе утро 1851,https://otkrytki.top/wp-content/uploads/2024/08/otkrytka-1851.jpg.webp
Картинка доброе утро вторник 1833,https://otkrytki.top/wp-content/uploads/2024/08/otkrytka-1833.jpg.webp
Открытка доброе утро 1844,https://otkrytki.top/wp-content/uploads/2024/08/otkrytka-1844.gif
Открытка доброго утра 1842,https://otkrytki.top/wp-content/uploads/2024/08/otkrytka-1842.gif
Открытка добрый вечер 1869,https://otkrytki.top/wp-content/uploads/2024/08/otkrytka-1869.jpg.webp
Открытка доброе утро 1840,https://otkrytki.top/wp-content/uploads/2024/08/otkrytka-1840.gif
Анимированная Открытка доброе утро 1839,https://otkrytki.top/wp-content/uploads/2024/08/otkrytka-1839.gif
Открытка доброе утро 1830,https://otkrytki.top/wp-content/uploads/2024/08/otkrytka-1830.jpg.webp
Открытка доброе утро 1827,https://otkrytki.top/wp-content/uploads/2024/08/otkrytka-1827.jpg.webp
Открытка утро доброе 1810,https://otkrytki.top/wp-content/uploads/2024/07/otkrytka-1810.gif
Открытка 1817,https://otkrytki.top/wp-content/uploads/2024/07/otkrytka-1817.jpg.webp
Открытка хорошего дня 1837,https://otkrytki.top/wp-content/uploads/2024/08/otkrytka-1837.gif
Открытка доброе утро 1811,https://otkrytki.top/wp-content/uploads/2024/07/otkrytka-1811.gif
Открытка С добрым утром 1804,https://otkrytki.top/wp-content/uploads/2024/07/otkrytka-1804.gif
Открытка доброе утро 1809,https://otkrytki.top/wp-content/uploads/2024/07/otkrytka-1809.gif
Открытка доброе утро 1805,https://otkrytki.top/wp-content/uploads/2024/07/otkrytka-1805.gif
Открытка доброе утро среды 1794,https://otkrytki.top/wp-content/uploads/2024/07/otkrytka-1794.jpg.webp
Открытка добрый вечер 1826,https://otkrytki.top/wp-content/uploads/2024/08/otkrytka-1826.jpg.webp
Открытка доброе утро 1803,https://otkrytki.top/wp-content/uploads/2024/07/otkrytka-1803.gif
Открытка 1801,https://otkrytki.top/wp-content/uploads/2024/07/otkrytka-1801.gif
Открытка доброе утро 1771,https://otkrytki.top/wp-content/uploads/2024/07/otkrytka-1771.jpg.webp
Открытка доброе утро 1753,https://otkrytki.top/wp-content/uploads/2024/07/otkrytka-1753.jpg.webp
Открытка доброе утро 1745,https://otkrytki.top/wp-content/uploads/2024/07/otkrytka-1745.jpg.webp
Открытка добрым утром 1744,https://otkrytki.top/wp-content/uploads/2024/07/otkrytka-1744.jpg.webp
Веселая открытка с добрым утром 1743,https://otkrytki.top/wp-content/uploads/2024/07/otkrytka-1743.jpg.webp
Открытка хорошего настроения 1796,https://otkrytki.top/wp-content/uploads/2024/07/otkrytka-1796.jpg.webp
Открытка 1737,https://otkrytki.top/wp-content/uploads/2024/07/otkrytka-1737.jpg.webp
Открытка доброго утра 1799,https://otkrytki.top/wp-content/uploads/2024/07/otkrytka-1799.jpg.webp
Открытка 1789,https://otkrytki.top/wp-content/uploads/2024/07/otkrytka-1789.jpg.webp
Открытка 1781,https://otkrytki.top/wp-content/uploads/2024/07/otkrytka-1781.jpg.webp
Открытка доброе утро 1767,https://otkrytki.top/wp-content/uploads/2024/07/otkrytka-1767.jpg.webp
Живая открытка с добрым утром 1736,https://otkrytki.top/wp-content/uploads/2024/07/otkrytka-1736.gif
Открытка привет 1785,https://otkrytki.top/wp-content/uploads/2024/07/otkrytka-1785.jpg.webp
Открытка доброе утро 1732,https://otkrytki.top/wp-content/uploads/2024/07/otkrytka-1732.gif
Видео открытка с хорошим вечером 1782,https://otkrytki.top/wp-content/uploads/2024/07/otkrytka-1782.gif
Открытка просыпаемся 1731,https://otkrytki.top/wp-content/uploads/2024/07/otkrytka-1731.gif
Открытка Доброе утро 1730,https://otkrytki.top/wp-content/uploads/2024/07/otkrytka-1730.gif
Открытка с добрым утром  1729,https://otkrytki.top/wp-content/uploads/2024/07/otkrytka-1729.jpg.webp
Открытка доброго утра 1727,https://otkrytki.top/wp-content/uploads/2024/07/otkrytka-1727.jpg.webp
Открытка успешного дня  1724,https://otkrytki.top/wp-content/uploads/2024/07/otkrytka-1724.jpg.webp
Открытка улыбнись 1711,https://otkrytki.top/wp-content/uploads/2024/07/otkrytka-1711.jpg.webp
Открытка добрый вечер 1757,https://otkrytki.top/wp-content/uploads/2024/07/otkrytka-1757.jpg.webp
Открытка доброе утро любимому 1696,https://otkrytki.top/wp-content/uploads/2024/06/otkrytka-1696.jpg.webp
Открытка доброе утро 1694,https://otkrytki.top/wp-content/uploads/2024/06/otkrytka-1694.jpg.webp
Открытка с добрым утром 1687,https://otkrytki.top/wp-content/uploads/2024/06/otkrytka-1687.jpg.webp
Открытка доброе утро 1685,https://otkrytki.top/wp-content/uploads/2024/06/otkrytka-1685.jpg.webp
Открытка доброе утро 1683,https://otkrytki.top/wp-content/uploads/2024/06/otkrytka-1683.jpg.webp
Открытка с пятницей 1646,https://otkrytki.top/wp-content/uploads/2024/06/otkrytka-1646.gif
Открытка Привет детка 1739,https://otkrytki.top/wp-content/uploads/2024/07/otkrytka-1739.jpg.webp
Открытка с добрым утром 1681,https://otkrytki.top/wp-content/uploads/2024/06/otkrytka-1681.jpg.webp
Открытка с добрым утречком 1678,https://otkrytki.top/wp-content/uploads/2024/06/otkrytka-1678.jpg.webp
Открытка с добрым утром 1666,https://otkrytki.top/wp-content/uploads/2024/06/otkrytka-1666.gif
Открытка с добрым утром 1664,https://otkrytki.top/wp-content/uploads/2024/06/otkrytka-1664.gif
Открытка Доброе утро 1640,https://otkrytki.top/wp-content/uploads/2024/06/otkrytka-1640.gif
Открытка привет 1710,https://otkrytki.top/wp-content/uploads/2024/07/otkrytka-1710.gif
Открытка доброе утро 1639,https://otkrytki.top/wp-content/uploads/2024/06/otkrytka-1639.jpg.webp
Открытка доброго утра 1638,https://otkrytki.top/wp-content/uploads/2024/06/otkrytka-1638.jpg.webp
Открытка доброго утра 1636,https://otkrytki.top/wp-content/uploads/2024/06/otkrytka-1636.jpg.webp
Открытка с добрым утром 1634,https://otkrytki.top/wp-content/uploads/2024/06/otkrytka-1634.jpg.webp
Открытка доброе утро 1633,https://otkrytki.top/wp-content/uploads/2024/06/otkrytka-1633.gif
Открытка доброе утро 1627,https://otkrytki.top/wp-content/uploads/2024/06/otkrytka-1627.jpg.webp
Открытка доброе утро 1628,https://otkrytki.top/wp-content/uploads/2024/06/otkrytka-1628.gif
Открытка доброе утро 1625,https://otkrytki.top/wp-content/uploads/2024/06/otkrytka-1625.jpg.webp
Открытка доброе утро 1620,https://otkrytki.top/wp-content/uploads/2024/06/otkrytka-1620.jpg.webp
Открытка доброе утро 1618,https://otkrytki.top/wp-content/uploads/2024/06/otkrytka-1618.jpg.webp
Открытка с добрым утром 1617,https://otkrytki.top/wp-content/uploads/2024/06/otkrytka-1617.jpg.webp
Открытка доброе утро 1615,https://otkrytki.top/wp-content/uploads/2024/06/otkrytka-1615.jpg.webp
Открытка доброе утро 1614,https://otkrytki.top/wp-content/uploads/2024/06/otkrytka-1614.jpg.webp
Открытка Доброго вечера 1667,https://otkrytki.top/wp-content/uploads/2024/06/otkrytka-1667.jpg.webp
Открытка с добрым утром 1610,https://otkrytki.top/wp-content/uploads/2024/06/otkrytka-1610.jpg.webp
Открытка доброе утро 1604,https://otkrytki.top/wp-content/uploads/2024/06/otkrytka-1604.jpg.webp
Открытка доброе утро 1599,https://otkrytki.top/wp-content/uploads/2024/05/otkrytka-1599.jpg.webp
Открытка с добрым утром  1594,https://otkrytki.top/wp-content/uploads/2024/05/otkrytka-1594.jpg.webp
Открытка доброе утро 1591,https://otkrytki.top/wp-content/uploads/2024/05/otkrytka-1591.jpg.webp
Открытка Доброе утро 1582,https://otkrytki.top/wp-content/uploads/2024/05/otkrytka-1582.jpg.webp
Открытка доброе утро 1584,https://otkrytki.top/wp-content/uploads/2024/05/otkrytka-1584.jpg.webp
Открытка Доброе утро 1577,https://otkrytki.top/wp-content/uploads/2024/05/otkrytka-1577.jpg.webp
Открытка Доброе утро 1573,https://otkrytki.top/wp-content/uploads/2024/05/otkrytka-1573.jpg.webp
Открытка счастливого утра 1569,https://otkrytki.top/wp-content/uploads/2024/05/otkrytka-1569.jpg.webp
Открытка с добрым утром 1540,https://otkrytki.top/wp-content/uploads/2024/05/otkrytka-1540.jpg.webp
Открытка доброе утро 1539,https://otkrytki.top/wp-content/uploads/2024/05/otkrytka-1539.jpg.webp
Открытка привет очаровашка 1629,https://otkrytki.top/wp-content/uploads/2024/06/otkrytka-1629.jpg.webp
Картинка доброе утро 1538,https://otkrytki.top/wp-content/uploads/2024/05/otkrytka-1538.jpg.webp
Открытка доброе утро 1537,https://otkrytki.top/wp-content/uploads/2024/05/otkrytka-1537.jpg.webp
Открытка Добрый вечер 1622,https://otkrytki.top/wp-content/uploads/2024/06/otkrytka-1622.jpg.webp
Открытка доброе утро 1532,https://otkrytki.top/wp-content/uploads/2024/05/otkrytka-1532.jpg.webp
Открытка с добрым утром 1531,https://otkrytki.top/wp-content/uploads/2024/05/otkrytka-1531.jpg.webp
Открытка хорошего вечера 1611,https://otkrytki.top/wp-content/uploads/2024/06/otkrytka-1611.jpg.webp
Открытка доброе утро 1529,https://otkrytki.top/wp-content/uploads/2024/05/otkrytka-1529.jpg.webp
Открытка доброго вечера 1602,https://otkrytki.top/wp-content/uploads/2024/06/otkrytka-1602.gif
Открытка с добрым утром 1528,https://otkrytki.top/wp-content/uploads/2024/05/otkrytka-1528.jpg.webp
Открытка доброе утро понедельника 1546,https://otkrytki.top/wp-content/uploads/2024/05/otkrytka-1546.jpg.webp
Открытка доброе утро 1523,https://otkrytki.top/wp-content/uploads/2024/05/otkrytka-1523.jpg.webp
Открытка добрый день 1572,https://otkrytki.top/wp-content/uploads/2024/05/otkrytka-1572.gif
Открытка доброе утро 1516,https://otkrytki.top/wp-content/uploads/2024/05/otkrytka-1516.jpg.webp
Открытка Доброго вечера 1571,https://otkrytki.top/wp-content/uploads/2024/05/otkrytka-1571.jpg.webp
Открытка это тебе 1513,https://otkrytki.top/wp-content/uploads/2024/05/otkrytka-1513.jpg.webp
Открытка с добрым утром 1512,https://otkrytki.top/wp-content/uploads/2024/05/otkrytka-1512.jpg.webp
Картинка с добрым утром 1510,https://otkrytki.top/wp-content/uploads/2024/05/otkrytka-1510.jpg.webp
Открытка как дела 1561,https://otkrytki.top/wp-content/uploads/2024/05/otkrytka-1561.jpg.webp
Открытка доброе утро 1557,https://otkrytki.top/wp-content/uploads/2024/05/otkrytka-1557.jpg.webp
Открытка доброе утро 1544,https://otkrytki.top/wp-content/uploads/2024/05/otkrytka-1544.gif
Открытка 1542,https://otkrytki.top/wp-content/uploads/2024/05/otkrytka-1542.jpg.webp
Картинка приглашение на кофе 1508,https://otkrytki.top/wp-content/uploads/2024/05/otkrytka-1508.jpg.webp
Открытка хорошего вечера 1504,https://otkrytki.top/wp-content/uploads/2024/05/otkrytka-1504.gif
Открытка 1543,https://otkrytki.top/wp-content/uploads/2024/05/otkrytka-1543.jpg.webp
Открытка с добрым утром 1502,https://otkrytki.top/wp-content/uploads/2024/05/otkrytka-1502.gif
Открытка Добрый вечер 1541,https://otkrytki.top/wp-content/uploads/2024/05/otkrytka-1541.jpg.webp
Открытка просыпайся 1500,https://otkrytki.top/wp-content/uploads/2024/05/otkrytka-1500.gif
Открытка Добрый день 1524,https://otkrytki.top/wp-content/uploads/2024/05/otkrytka-1524.jpg.webp
Открытка доброго утра 1527,https://otkrytki.top/wp-content/uploads/2024/05/otkrytka-1527.jpg.webp
Открытка доброго утра 1497,https://otkrytki.top/wp-content/uploads/2024/05/otkrytka-1497.gif
Открытка с добрым утром 1496,https://otkrytki.top/wp-content/uploads/2024/05/otkrytka-1496.gif
Открытка приветствия 1519,https://otkrytki.top/wp-content/uploads/2024/05/otkrytka-1519.jpg.webp
Gif открытка бодрого утра 1495,https://otkrytki.top/wp-content/uploads/2024/04/otkrytka-1495.gif
Прикольная открытка с добрым утром 1491,https://otkrytki.top/wp-content/uploads/2024/04/otkrytka-1491.gif
Открытка вам кофе 1481,https://otkrytki.top/wp-content/uploads/2024/04/otkrytka-1481.jpg.webp
Открытка с добрым утром 1477,https://otkrytki.top/wp-content/uploads/2024/04/otkrytka-1477.jpg.webp
Доброе утро открытка 1468,https://otkrytki.top/wp-content/uploads/2024/04/otkrytka-1468.jpg.webp
Открытка утром добрым 1474,https://otkrytki.top/wp-content/uploads/2024/04/otkrytka-1474.jpg.webp
Открытка с добрым утром женщине 1473,https://otkrytki.top/wp-content/uploads/2024/04/otkrytka-1473.jpg.webp
Открытка с добрым утром 1471,https://otkrytki.top/wp-content/uploads/2024/04/otkrytka-1471.jpg.webp
Чистый четверг открытка 07,https://otkrytki.top/wp-content/uploads/2024/04/chistyj-chetverg-otkrytka-07.jpg.webp
Чистый четверг открытка 06,https://otkrytki.top/wp-content/uploads/2024/04/chistyj-chetverg-otkrytka-06.jpg.webp
Открытка с хорошим вечером 1445,https://otkrytki.top/wp-content/uploads/2024/04/otkrytka-1445.jpg.webp
Открытка 1431,https://otkrytki.top/wp-content/uploads/2024/04/otkrytka-1431.jpg.webp
Открытка с добрым утром 1450,https://otkrytki.top/wp-content/uploads/2024/04/otkrytka-1450.jpg.webp
Доброе утро открытка 1449,https://otkrytki.top/wp-content/uploads/2024/04/otkrytka-1449.jpg.webp
Открытка с добрым утром 1447,https://otkrytki.top/wp-content/uploads/2024/04/otkrytka-1447.jpg.webp
Открытка 1421,https://otkrytki.top/wp-content/uploads/2024/04/otkrytka-1421.gif
Открытка с добрым утром 1433,https://otkrytki.top/wp-content/uploads/2024/04/otkrytka-1433.jpg.webp
Открытка слава труду 1382,https://otkrytki.top/wp-content/uploads/2024/04/otkrytka-1382.jpg.webp
Открытка 1404 Доброе утро,https://otkrytki.top/wp-content/uploads/2024/04/otkrytka-1404.jpg.webp
Открытка Доброе утро 1381,https://otkrytki.top/wp-content/uploads/2024/04/otkrytka-1381.jpg.webp
Открытка Доброе утро 1378,https://otkrytki.top/wp-content/uploads/2024/04/otkrytka-1378.jpg.webp
Открытка 1375,https://otkrytki.top/wp-content/uploads/2024/04/otkrytka-1375.jpg.webp
Открытка 1344,https://otkrytki.top/wp-content/uploads/2024/04/otkrytka-1344.jpg.webp
Открытка 1294,https://otkrytki.top/wp-content/uploads/2024/03/otkrytka-1294.jpg.webp
Открытка доброе утро 1342,https://otkrytki.top/wp-content/uploads/2024/04/otkrytka-1342.jpg.webp
Открытка доброе утро 1345,https://otkrytki.top/wp-content/uploads/2024/04/otkrytka-1345.jpg.webp
Открытка доброе утречко 1321,https://otkrytki.top/wp-content/uploads/2024/03/otkrytka-1321.jpg.webp
Открытка 1316,https://otkrytki.top/wp-content/uploads/2024/03/otkrytka-1316.jpg.webp
Открытка 1315,https://otkrytki.top/wp-content/uploads/2024/03/otkrytka-1315.gif
Открытка 1285,https://otkrytki.top/wp-content/uploads/2024/03/otkrytka-1285.jpg.webp
Открытка 1304,https://otkrytki.top/wp-content/uploads/2024/03/otkrytka-1304.jpg.webp
Открытка 1291,https://otkrytki.top/wp-content/uploads/2024/03/otkrytka-1291.jpg.webp
Открытка 1287,https://otkrytki.top/wp-content/uploads/2024/03/otkrytka-1287.jpg.webp
Открытка 1224,https://otkrytki.top/wp-content/uploads/2024/02/otkrytka-1224.jpg.webp
Открытка доброго вечера 1286,https://otkrytki.top/wp-content/uploads/2024/03/otkrytka-1286.jpg.webp
Открытка 1283,https://otkrytki.top/wp-content/uploads/2024/03/otkrytka-1283.jpg.webp
Открытка 1281,https://otkrytki.top/wp-content/uploads/2024/03/otkrytka-1281.jpg.webp
Открытка 1267,https://otkrytki.top/wp-content/uploads/2024/03/otkrytka-1267.jpg.webp
Открытка 1277,https://otkrytki.top/wp-content/uploads/2024/03/otkrytka-1277.jpg.webp
Открытка 1257,https://otkrytki.top/wp-content/uploads/2024/03/otkrytka-1257.jpg.webp
Открытка 1213,https://otkrytki.top/wp-content/uploads/2024/02/otkrytka-1213.gif
Открытка 1235,https://otkrytki.top/wp-content/uploads/2024/03/otkrytka-1235.jpg.webp
Открытка 1233,https://otkrytki.top/wp-content/uploads/2024/03/otkrytka-1233.gif
Открытка 1253,https://otkrytki.top/wp-content/uploads/2024/03/otkrytka-1253.gif
Открытка 1268,https://otkrytki.top/wp-content/uploads/2024/03/otkrytka-1268.jpg.webp
Открытка 1201,https://otkrytki.top/wp-content/uploads/2024/02/otkrytka-1201.jpg.webp
Открытка 1217,https://otkrytki.top/wp-content/uploads/2024/02/otkrytka-1217.jpg.webp
Открытка 1186,https://otkrytki.top/wp-content/uploads/2024/02/otkrytka-1186.gif
Открытка 1208,https://otkrytki.top/wp-content/uploads/2024/02/otkrytka-1208.jpg.webp
Открытка 1174,https://otkrytki.top/wp-content/uploads/2024/02/otkrytka-1174.jpg.webp
Открытка 1165,https://otkrytki.top/wp-content/uploads/2024/02/otkrytka-1165.jpg.webp
Открытка 1149,https://otkrytki.top/wp-content/uploads/2024/02/otkrytka-1149.jpg.webp
Открытка 1164,https://otkrytki.top/wp-content/uploads/2024/02/otkrytka-1164.jpg.webp
Открытка 1128,https://otkrytki.top/wp-content/uploads/2024/02/otkrytka-1128.jpg.webp
Открытка 1176,https://otkrytki.top/wp-content/uploads/2024/02/otkrytka-1176.jpg.webp
Открытка 1114,https://otkrytki.top/wp-content/uploads/2024/01/otkrytka-1114.jpg.webp
Открытка 1143,https://otkrytki.top/wp-content/uploads/2024/02/otkrytka-1143.jpg.webp
Открытка 1141,https://otkrytki.top/wp-content/uploads/2024/02/otkrytka-1141.jpg.webp
Открытка 1138,https://otkrytki.top/wp-content/uploads/2024/02/otkrytka-1138.jpg.webp
Открытка 1134,https://otkrytki.top/wp-content/uploads/2024/02/otkrytka-1134.jpg.webp
Открытка 1131,https://otkrytki.top/wp-content/uploads/2024/02/otkrytka-1131.jpg.webp
Открытка 1185,https://otkrytki.top/wp-content/uploads/2024/02/otkrytka-1185.jpg.webp
Открытка 1122,https://otkrytki.top/wp-content/uploads/2024/01/otkrytka-1122.jpg.webp
Открытка 1121,https://otkrytki.top/wp-content/uploads/2024/01/otkrytka-1121.jpg.webp
Открытка 1130,https://otkrytki.top/wp-content/uploads/2024/02/otkrytka-1130.jpg.webp
Открытка 1129,https://otkrytki.top/wp-content/uploads/2024/02/otkrytka-1129.jpg.webp
Открытка 1108,https://otkrytki.top/wp-content/uploads/2024/01/otkrytka-1108.jpg.webp
Открытка 1102,https://otkrytki.top/wp-content/uploads/2024/01/otkrytka-1102.jpg.webp
Открытка 1117,https://otkrytki.top/wp-content/uploads/2024/01/otkrytka-1117.jpg.webp
Открытка 1098,https://otkrytki.top/wp-content/uploads/2024/01/otkrytka-1098.jpg.webp
Открытка 1084,https://otkrytki.top/wp-content/uploads/2024/01/otkrytka-1084.jpg.webp
Открытка 1076,https://otkrytki.top/wp-content/uploads/2024/01/otkrytka-1076.jpg.webp
Открытка 1077,https://otkrytki.top/wp-content/uploads/2024/01/otkrytka-1077.jpg.webp
Открытка 1087,https://otkrytki.top/wp-content/uploads/2024/01/otkrytka-1087.jpg.webp
Открытка 1064,https://otkrytki.top/wp-content/uploads/2024/01/otkrytka-1064.jpg.webp
Открытка 1062,https://otkrytki.top/wp-content/uploads/2024/01/otkrytka-1062.jpg.webp
Открытка 1030,https://otkrytki.top/wp-content/uploads/2024/01/otkrytka-1030.jpg.webp
Открытка 1051,https://otkrytki.top/wp-content/uploads/2024/01/otkrytka-1051.jpg.webp
Открытка 1048,https://otkrytki.top/wp-content/uploads/2024/01/otkrytka-1048.jpg.webp
Открытка 1046,https://otkrytki.top/wp-content/uploads/2024/01/otkrytka-1046.jpg.webp
Открытка 1017,https://otkrytki.top/wp-content/uploads/2024/01/otkrytka-1017.gif
Открытка 1040,https://otkrytki.top/wp-content/uploads/2024/01/otkrytka-1040.jpg.webp
Открытка 1039,https://otkrytki.top/wp-content/uploads/2024/01/otkrytka-1039.jpg.webp
Открытка 1016,https://otkrytki.top/wp-content/uploads/2024/01/otkrytka-1016.gif
Открытка 1079,https://otkrytki.top/wp-content/uploads/2024/01/otkrytka-1079.jpg.webp
Открытка 1036,https://otkrytki.top/wp-content/uploads/2024/01/otkrytka-1036.jpg.webp
Открытка 1015,https://otkrytki.top/wp-content/uploads/2024/01/otkrytka-1015.gif
Открытка 1021,https://otkrytki.top/wp-content/uploads/2024/01/otkrytka-1021.jpg.webp
Открытка 1034,https://otkrytki.top/wp-content/uploads/2024/01/otkrytka-1034.jpg.webp
Открытка 1013,https://otkrytki.top/wp-content/uploads/2024/01/otkrytka-1013.gif
Открытка 1033,https://otkrytki.top/wp-content/uploads/2024/01/otkrytka-1033.jpg.webp
Открытка 1035,https://otkrytki.top/wp-content/uploads/2024/01/otkrytka-1035.jpg.webp
Открытка 1009,https://otkrytki.top/wp-content/uploads/2024/01/otkrytka-1009.gif
Открытка 800,https://otkrytki.top/wp-content/uploads/2024/01/otkrytka-800-2.jpg.webp
Открытка 1005,https://otkrytki.top/wp-content/uploads/2024/01/otkrytka-1005.jpg.webp
Открытка 997,https://otkrytki.top/wp-content/uploads/2024/01/otkrytka-997.jpg.webp
Открытка 990,https://otkrytki.top/wp-content/uploads/2024/01/otkrytka-990.jpg.webp
Открытка 974,https://otkrytki.top/wp-content/uploads/2023/12/otkrytka-974.jpg.webp
Открытка 965,https://otkrytki.top/wp-content/uploads/2023/12/otkrytka-965.jpg.webp
Открытка 986,https://otkrytki.top/wp-content/uploads/2023/12/otkrytka-986.jpg.webp
Открытка 972,https://otkrytki.top/wp-content/uploads/2023/12/otkrytka-972.jpg.webp
Открытка 962,https://otkrytki.top/wp-content/uploads/2023/12/otkrytka-962.jpg.webp
Открытка 959,https://otkrytki.top/wp-content/uploads/2023/12/otkrytka-959.jpg.webp
Открытка 950,https://otkrytki.top/wp-content/uploads/2023/12/otkrytka-950.jpg.webp
Открытка 956,https://otkrytki.top/wp-content/uploads/2023/12/otkrytka-956.jpg.webp
Открытка 941,https://otkrytki.top/wp-content/uploads/2023/12/otkrytka-941.jpg.webp
Открытка 938,https://otkrytki.top/wp-content/uploads/2023/12/otkrytka-938.jpg.webp
Открытка 932,https://otkrytki.top/wp-content/uploads/2023/12/otkrytka-932.jpg.webp
Открытка 954,https://otkrytki.top/wp-content/uploads/2023/12/otkrytka-954.jpg.webp
Открытка 931,https://otkrytki.top/wp-content/uploads/2023/12/otkrytka-931.jpg.webp
Открытка 776,https://otkrytki.top/wp-content/uploads/2023/11/otkrytka-776.jpg.webp
Открытка 910,https://otkrytki.top/wp-content/uploads/2023/12/otkrytka-910.jpg.webp
Открытка 903,https://otkrytki.top/wp-content/uploads/2023/12/otkrytka-903.jpg.webp
Открытка 904,https://otkrytki.top/wp-content/uploads/2023/12/otkrytka-904.jpg.webp
Открытка 856,https://otkrytki.top/wp-content/uploads/2023/12/otkrytka-856.jpg.webp
Открытка 850,https://otkrytki.top/wp-content/uploads/2023/12/otkrytka-850.jpg.webp
Открытка 840,https://otkrytki.top/wp-content/uploads/2023/12/otkrytka-840.jpg.webp
Открытка 838,https://otkrytki.top/wp-content/uploads/2023/12/otkrytka-838.jpg.webp
Открытка 837,https://otkrytki.top/wp-content/uploads/2023/12/otkrytka-837.jpg.webp
Открытка 836,https://otkrytki.top/wp-content/uploads/2023/12/otkrytka-836.jpg.webp
Открытка 827,https://otkrytki.top/wp-content/uploads/2023/12/otkrytka-827.jpg.webp
Открытка 774,https://otkrytki.top/wp-content/uploads/2023/11/otkrytka-774.jpg.webp
Открытка 821,https://otkrytki.top/wp-content/uploads/2023/11/otkrytka-821.jpg.webp
Открытка 809,https://otkrytki.top/wp-content/uploads/2023/11/otkrytka-809.jpg.webp
Открытка 803,https://otkrytki.top/wp-content/uploads/2023/11/otkrytka-803.jpg.webp
Открытка 795,https://otkrytki.top/wp-content/uploads/2023/11/otkrytka-795.jpg.webp
Открытка 789,https://otkrytki.top/wp-content/uploads/2023/11/otkrytka-789.jpg.webp
Открытка 787,https://otkrytki.top/wp-content/uploads/2023/11/otkrytka-787.jpg.webp
Открытка 788,https://otkrytki.top/wp-content/uploads/2023/11/otkrytka-788.jpg.webp
Открытка 781,https://otkrytki.top/wp-content/uploads/2023/11/s-novym-godom-otkrytka-02.jpg.webp
Открытка 780,https://otkrytki.top/wp-content/uploads/2023/11/otkrytka-780.gif
Открытка 762,https://otkrytki.top/wp-content/uploads/2023/11/otkrytka-762.jpg.webp
Открытка 777,https://otkrytki.top/wp-content/uploads/2023/11/otkrytka-777.jpg.webp
Открытка 775,https://otkrytki.top/wp-content/uploads/2023/11/otkrytka-775.jpg.webp
Открытка 755,https://otkrytki.top/wp-content/uploads/2023/11/otkrytka-755.jpg.webp
Открытка 691,https://otkrytki.top/wp-content/uploads/2023/11/otkrytka-691.jpg.webp
Открытка 658,https://otkrytki.top/wp-content/uploads/2023/10/otkrytka-658.jpg.webp
Открытка 630,https://otkrytki.top/wp-content/uploads/2023/10/otkrytka-630.jpg.webp
Открытка 601,https://otkrytki.top/wp-content/uploads/2023/10/otkrytka-601.jpg.webp
Открытка 598,https://otkrytki.top/wp-content/uploads/2023/10/otkrytka-598.jpg.webp
Открытка 585,https://otkrytki.top/wp-content/uploads/2023/10/otkrytka-585.jpg.webp
Открытка 588,https://otkrytki.top/wp-content/uploads/2023/10/otkrytka-588.jpg.webp
Открытка 589,https://otkrytki.top/wp-content/uploads/2023/10/otkrytka-589.gif
Открытка 582,https://otkrytki.top/wp-content/uploads/2023/10/otkrytka-582.jpg.webp
Открытка 579,https://otkrytki.top/wp-content/uploads/2023/10/otkrytka-579.jpg.webp
Открытка 580,https://otkrytki.top/wp-content/uploads/2023/10/otkrytka-580.jpg.webp
Открытка 574,https://otkrytki.top/wp-content/uploads/2023/10/otkrytka-574.jpg.webp
Открытка 570,https://otkrytki.top/wp-content/uploads/2023/10/570_otkrytka.jpg.webp
Открытка 556,https://otkrytki.top/wp-content/uploads/2023/10/556_otkrytka.jpg.webp
Открытка 548,https://otkrytki.top/wp-content/uploads/2023/09/548_otkrytka.jpg.webp
Открытка 545,https://otkrytki.top/wp-content/uploads/2023/09/545_otkrytka.jpg.webp
Открытка 528,https://otkrytki.top/wp-content/uploads/2023/09/528_otkrytka.jpg.webp
Открытка 489,https://otkrytki.top/wp-content/uploads/2023/09/489_otkrytka.jpg.webp
Открытка 502,https://otkrytki.top/wp-content/uploads/2023/09/502_otkrytka.jpg.webp
Открытка 496,https://otkrytki.top/wp-content/uploads/2023/09/496_otkrytka.jpg.webp
Открытка 478,https://otkrytki.top/wp-content/uploads/2023/09/478_otkrytka.jpg.webp
Открытка 483,https://otkrytki.top/wp-content/uploads/2023/09/483_otkrytka.jpg.webp
Открытка 472,https://otkrytki.top/wp-content/uploads/2023/09/472_otkrytka.jpg.webp
Открытка 469,https://otkrytki.top/wp-content/uploads/2023/09/469_otkrytka.jpg.webp
Открытка 465,https://otkrytki.top/wp-content/uploads/2023/09/465_otkrytka.jpg.webp
Открытка 463,https://otkrytki.top/wp-content/uploads/2023/09/463_otkrytka.jpg.webp
Открытка 454,https://otkrytki.top/wp-content/uploads/2023/09/454_otkrytka.jpg.webp
Открытка 455,https://otkrytki.top/wp-content/uploads/2023/09/455_otkrytka.jpg.webp
Открытка 446,https://otkrytki.top/wp-content/uploads/2023/09/446_otkrytka.jpg.webp
Открытка 447,https://otkrytki.top/wp-content/uploads/2023/09/447_otkrytka.jpg.webp
Открытка 444,https://otkrytki.top/wp-content/uploads/2023/09/444_otkrytka.jpg.webp
Открытка 477,https://otkrytki.top/wp-content/uploads/2023/09/477_otkrytka.jpg.webp
Открытка 427,https://otkrytki.top/wp-content/uploads/2023/09/427_otkrytka.jpg.webp
Открытка 437,https://otkrytki.top/wp-content/uploads/2023/09/437_otkrytka.jpg.webp
Открытка 445,https://otkrytki.top/wp-content/uploads/2023/09/445_otkrytka.jpg.webp
Открытка 405,https://otkrytki.top/wp-content/uploads/2023/08/405_otkrytka.jpg.webp
Открытка 440,https://otkrytki.top/wp-content/uploads/2023/09/440_otkrytka.jpg.webp
Открытка 438,https://otkrytki.top/wp-content/uploads/2023/09/438_otkrytka.jpg.webp
Открытка 432,https://otkrytki.top/wp-content/uploads/2023/09/432_otkrytka.jpg.webp
Открытка 428,https://otkrytki.top/wp-content/uploads/2023/09/428_otkrytka.jpg.webp
Открытка 416,https://otkrytki.top/wp-content/uploads/2023/08/416_otkrytka.jpg.webp
Открытка 388,https://otkrytki.top/wp-content/uploads/2023/08/388_otkrytka.jpg.webp
Открытка 412,https://otkrytki.top/wp-content/uploads/2023/08/412_otkrytka.jpg.webp
Открытка 411,https://otkrytki.top/wp-content/uploads/2023/08/411_otkrytka.jpg.webp
Открытка 394,https://otkrytki.top/wp-content/uploads/2023/08/394_otkrytka.jpg.webp
Открытка 393,https://otkrytki.top/wp-content/uploads/2023/08/393_otkrytka.jpg.webp
Открытка 392,https://otkrytki.top/wp-content/uploads/2023/08/392_otkrytka.jpg.webp
Открытка 382,https://otkrytki.top/wp-content/uploads/2023/08/382_otkrytka.jpg.webp
Открытка 409,https://otkrytki.top/wp-content/uploads/2023/08/409_otkrytka.jpg.webp
Открытка 381,https://otkrytki.top/wp-content/uploads/2023/08/381_otkrytka.jpg.webp
Открытка 368,https://otkrytki.top/wp-content/uploads/2023/08/368_otkrytka.jpg.webp
Открытка 360,https://otkrytki.top/wp-content/uploads/2023/08/360_otkrytka.jpg.webp
Открытка 361,https://otkrytki.top/wp-content/uploads/2023/08/361_otkrytka.jpg.webp
Открытка 367,https://otkrytki.top/wp-content/uploads/2023/08/367_otkrytka.jpg.webp
Открытка 337,https://otkrytki.top/wp-content/uploads/2023/08/337_otkrytka.jpg.webp
Открытка 343,https://otkrytki.top/wp-content/uploads/2023/08/343_otkrytka.jpg.webp
Открытка 342,https://otkrytki.top/wp-content/uploads/2023/08/342_otkrytka.jpg.webp
Открытка 335,https://otkrytki.top/wp-content/uploads/2023/08/335_otkrytka.jpg.webp
Открытка 336,https://otkrytki.top/wp-content/uploads/2023/08/336_otkrytka.jpg.webp
Открытка 286,https://otkrytki.top/wp-content/uploads/2023/08/286_otkrytka_1.jpg.webp
Открытка 324,https://otkrytki.top/wp-content/uploads/2023/08/324_otkrytka.jpg.webp
Открытка 289,https://otkrytki.top/wp-content/uploads/2023/08/289_otkrytka.jpg.webp
Открытка 285,https://otkrytki.top/wp-content/uploads/2023/08/285_otkrytka.jpg.webp
Открытка 235,https://otkrytki.top/wp-content/uploads/2023/07/235_otkrytka.jpg.webp
Открытка 295,https://otkrytki.top/wp-content/uploads/2023/08/295_otkrytka.jpg.webp
Открытка 297,https://otkrytki.top/wp-content/uploads/2023/08/297_otkrytka.jpg.webp
Открытка 225,https://otkrytki.top/wp-content/uploads/2023/07/225_otkrytka.jpg.webp
Открытка 252,https://otkrytki.top/wp-content/uploads/2023/07/252_otkrytka.jpg.webp
Открытка 251,https://otkrytki.top/wp-content/uploads/2023/07/251_otkrytka.jpg.webp
Открытка с добрым утром понедельника 288,https://otkrytki.top/wp-content/uploads/2023/08/288_otkrytka.jpg.webp
Открытка с добрым утром 248,https://otkrytki.top/wp-content/uploads/2023/07/248_otkrytka.jpg.webp
открытка 316,https://otkrytki.top/wp-content/uploads/2023/08/316_otkrytka.jpg.webp
Открытка 247,https://otkrytki.top/wp-content/uploads/2023/07/247_otkrytka.jpg.webp
Открытка 237,https://otkrytki.top/wp-content/uploads/2023/07/237_otkrytka.jpg.webp
Открытка 238,https://otkrytki.top/wp-content/uploads/2023/07/238_otkrytka.jpg.webp
Открытка 234,https://otkrytki.top/wp-content/uploads/2023/07/234_otkrytka.jpg.webp
Открытка 241,https://otkrytki.top/wp-content/uploads/2023/07/241_otkrytka.jpg.webp
Открытка 214,https://otkrytki.top/wp-content/uploads/2023/07/214_otkrytka.jpg.webp
Открытка 231,https://otkrytki.top/wp-content/uploads/2023/07/231_otkrytka.jpg.webp
Открытка 217,https://otkrytki.top/wp-content/uploads/2023/07/217_otkrytka.jpg.webp
Открытка 210,https://otkrytki.top/wp-content/uploads/2023/07/210_otkrytka.jpg.webp
Открытка 198,https://otkrytki.top/wp-content/uploads/2023/07/198_otkrytka.jpg.webp
Открытка 206,https://otkrytki.top/wp-content/uploads/2023/07/206_otkrytka.jpg.webp
Открытка 197,https://otkrytki.top/wp-content/uploads/2023/07/197_otkrytka.jpg.webp
Открытка 201,https://otkrytki.top/wp-content/uploads/2023/07/201_otkrytka.jpg.webp
Открытка 203,https://otkrytki.top/wp-content/uploads/2023/07/203_otkrytka.jpg.webp
Открытка 175,https://otkrytki.top/wp-content/uploads/2023/07/175_otkrytka.jpg.webp
Открытка 137,https://otkrytki.top/wp-content/uploads/2023/07/137_otkrytka.jpg.webp
Открытка 168,https://otkrytki.top/wp-content/uploads/2023/07/168_otkrytka.jpg.webp
Открытка 165,https://otkrytki.top/wp-content/uploads/2023/07/165_otkrytka.jpg.webp
Открытка 159,https://otkrytki.top/wp-content/uploads/2023/07/159_otkrytka.jpg.webp
Открытка 124,https://otkrytki.top/wp-content/uploads/2023/07/124_otkrytka.jpg.webp
Открытка 148,https://otkrytki.top/wp-content/uploads/2023/07/148_otkrytka.jpg.webp
Открытка 123,https://otkrytki.top/wp-content/uploads/2023/07/123_otkrytka.jpg.webp
Открытка 121,https://otkrytki.top/wp-content/uploads/2023/07/121_otkrytka.jpg.webp
Открытка 118,https://otkrytki.top/wp-content/uploads/2023/07/118_otkrytka.jpg.webp
Открытка 117,https://otkrytki.top/wp-content/uploads/2023/07/117_otkrytka.jpg.webp
Открытка 113,https://otkrytki.top/wp-content/uploads/2023/07/113_otkrytka.jpg.webp
Открытка 111,https://otkrytki.top/wp-content/uploads/2023/07/111_otkrytka.jpg.webp
Открытка 110,https://otkrytki.top/wp-content/uploads/2023/07/110_otkrytka.jpg.webp
Открытка 108,https://otkrytki.top/wp-content/uploads/2023/07/108_otkrytka.jpg.webp
Открытка 106,https://otkrytki.top/wp-content/uploads/2023/07/106_otkrytka.jpg.webp
Открытка 105,https://otkrytki.top/wp-content/uploads/2023/06/105_otkrytka.jpg.webp
открытка 64,https://otkrytki.top/wp-content/uploads/2023/06/64_otkrytka.jpg.webp
Открытка 92,https://otkrytki.top/wp-content/uploads/2023/06/92_otkrytka.jpg.webp
открытка 86,https://otkrytki.top/wp-content/uploads/2023/06/86_otkrytka.jpg.webp
(открытка 91),https://otkrytki.top/wp-content/uploads/2023/06/91_otkrytka.jpg.webp
Открытка 89,https://otkrytki.top/wp-content/uploads/2023/06/89_otkrytka_01.jpg.webp
открытка 84,https://otkrytki.top/wp-content/uploads/2023/06/84_otkrytka.jpg.webp
открытка 85,https://otkrytki.top/wp-content/uploads/2023/06/85_otkrytka.jpg.webp
открытка 69,https://otkrytki.top/wp-content/uploads/2023/06/69_otkrytka.jpg.webp
открытка 83,https://otkrytki.top/wp-content/uploads/2023/06/83_otkrytka.jpg.webp
открытка 82,https://otkrytki.top/wp-content/uploads/2023/06/82_otkrytka.jpg.webp
74_otkrytka_01,https://otkrytki.top/wp-content/uploads/2023/06/74_otkrytka_01.jpg.webp
Открытка 58,https://otkrytki.top/wp-content/uploads/2023/06/58_otkrytka.jpg.webp
Открытка 34,https://otkrytki.top/wp-content/uploads/2023/06/34_otkrytka.jpg.webp
Открытка 29,https://otkrytki.top/wp-content/uploads/2023/06/29_otkrytka.jpg.webp
(Открытка 24),https://otkrytki.top/wp-content/uploads/2023/05/24_otkrytka.jpg.webp
Открытка 18,https://otkrytki.top/wp-content/uploads/2023/05/18_otkrytka.jpg.webp
,https://otkrytki.top/wp-content/uploads/2023/05/6_otkrytka-1.jpg.webp
Открытка на среду,https://otkrytki.top/wp-content/uploads/2023/05/6_otkrytka.jpg.webp
Открытка спасибо 4343,https://otkrytki.top/wp-content/uploads/2026/07/otkrytka-4343.jpg.webp
Открытка Спасибо 4344,https://otkrytki.top/wp-content/uploads/2026/07/otkrytka-4344.jpg.webp
Открытка спасибо 4218,https://otkrytki.top/wp-content/uploads/2026/05/otkrytka-4218.jpg.webp
Открытка спасибо 4151,https://otkrytki.top/wp-content/uploads/2026/05/otkrytka-4151.jpg.webp
открытка Спасибо большое 4027,https://otkrytki.top/wp-content/uploads/2026/03/otkrytka-4027.jpg.webp
Спасибо и тебя с Новым Годом открытка 74,https://otkrytki.top/wp-content/uploads/2025/12/s-novym-godom-otkrytka-74.jpg.webp
Спасибо С Новым Годом открытка 73,https://otkrytki.top/wp-content/uploads/2025/12/s-novym-godom-otkrytka-73.jpg.webp
С Новым Годом прикольная открытка 76,https://otkrytki.top/wp-content/uploads/2025/12/s-novym-godom-otkrytka-76.jpg.webp
С Новым Годом открытка 72,https://otkrytki.top/wp-content/uploads/2025/12/s-novym-godom-otkrytka-72.jpg.webp
С Новым Годом открытка 75,https://otkrytki.top/wp-content/uploads/2025/12/s-novym-godom-otkrytka-75.jpg.webp
Открытка спасибо за поздравления  3619,https://otkrytki.top/wp-content/uploads/2025/11/otkrytka-3619.jpg.webp
Открытка с девушкой Спасибо 3529,https://otkrytki.top/wp-content/uploads/2025/10/otkrytka-3529.jpg.webp
Прикольная открытка спасибо 3445,https://otkrytki.top/wp-content/uploads/2025/09/otkrytka-3445.jpg.webp
Открытка с сердцем Спасибо за пожелания 3376,https://otkrytki.top/wp-content/uploads/2025/09/otkrytka-3376.jpg.webp
Открытка с котом Так приятно 3373,https://otkrytki.top/wp-content/uploads/2025/09/otkrytka-3373.jpg.webp
Открытка с тюльпанами Благодарю 3378,https://otkrytki.top/wp-content/uploads/2025/09/otkrytka-3378.jpg.webp
Открытка с розой Благодарю 3377,https://otkrytki.top/wp-content/uploads/2025/09/otkrytka-3377.jpg.webp
Открытка с бегемотами спасибо 3374,https://otkrytki.top/wp-content/uploads/2025/09/otkrytka-3374.jpg.webp
Открытка с конфетой Спасибо 3372,https://otkrytki.top/wp-content/uploads/2025/09/otkrytka-3372.jpg.webp
Открытка Спасибо 3307,https://otkrytki.top/wp-content/uploads/2025/08/otkrytka-3307.jpg.webp
Открытка Спасибо 3296,https://otkrytki.top/wp-content/uploads/2025/08/otkrytka-3296.jpg.webp
Открытка с кошечкой Ой спасибо 3271,https://otkrytki.top/wp-content/uploads/2025/08/otkrytka-3271.jpg.webp
Открытка спасибо вам большое 3239,https://otkrytki.top/wp-content/uploads/2025/08/otkrytka-3239.jpg.webp
Открытка Спасибо большое 3236,https://otkrytki.top/wp-content/uploads/2025/08/otkrytka-3236.jpg.webp
Открытка Спасибо большое 3219,https://otkrytki.top/wp-content/uploads/2025/07/otkrytka-3219.jpg.webp
Открытка Спасибо  3159,https://otkrytki.top/wp-content/uploads/2025/07/otkrytka-3159.jpg.webp
Открытка Спасибо 3134,https://otkrytki.top/wp-content/uploads/2025/07/otkrytka-3134.jpg.webp
Открытка Спасибо вам 2921,https://otkrytki.top/wp-content/uploads/2025/05/otkrytka-2921.jpg.webp
Открытка Люблю тебя 2735,https://otkrytki.top/wp-content/uploads/2025/03/otkrytka-2735.jpg.webp
Спасибо С Новым Годом открытка 60,https://otkrytki.top/wp-content/uploads/2024/12/s-novym-godom-otkrytka-60.jpg.webp
Открытка спасибо большое 1721,https://otkrytki.top/wp-content/uploads/2024/07/otkrytka-1721.jpg.webp
Открытка спасибо от всего сердца 1472,https://otkrytki.top/wp-content/uploads/2024/04/otkrytka-1472.jpg.webp
Открытка 1144,https://otkrytki.top/wp-content/uploads/2024/02/otkrytka-1144.jpg.webp
Открытка 1027,https://otkrytki.top/wp-content/uploads/2024/01/otkrytka-1027.jpg.webp
Открытка 1018,https://otkrytki.top/wp-content/uploads/2024/01/otkrytka-1018.jpg.webp
Открытка 955,https://otkrytki.top/wp-content/uploads/2023/12/otkrytka-955_2.jpg.webp
Открытка 982,https://otkrytki.top/wp-content/uploads/2023/12/otkrytka-982.jpg.webp
Открытка 930,https://otkrytki.top/wp-content/uploads/2023/12/otkrytka-930.jpg.webp
Открытка 885,https://otkrytki.top/wp-content/uploads/2023/12/otkrytka-885.jpg.webp
Открытка 884,https://otkrytki.top/wp-content/uploads/2023/12/otkrytka-884.jpg.webp
Открытка 911,https://otkrytki.top/wp-content/uploads/2023/12/otkrytka-911.jpg.webp
Открытка 878,https://otkrytki.top/wp-content/uploads/2023/12/otkrytka-878.jpg.webp
Открытка 888,https://otkrytki.top/wp-content/uploads/2023/12/otkrytka-888.jpg.webp
Открытка 886,https://otkrytki.top/wp-content/uploads/2023/12/otkrytka-886.jpg.webp
Открытка 752,https://otkrytki.top/wp-content/uploads/2023/11/otkrytka-752.jpg.webp
Открытка 713,https://otkrytki.top/wp-content/uploads/2023/11/otkrytka-713.jpg.webp
Открытка 722,https://otkrytki.top/wp-content/uploads/2023/11/otkrytka-722.jpg.webp
Открытка 714,https://otkrytki.top/wp-content/uploads/2023/11/otkrytka-714.jpg.webp
Открытка 712,https://otkrytki.top/wp-content/uploads/2023/11/otkrytka-712.jpg.webp
Открытка 711,https://otkrytki.top/wp-content/uploads/2023/11/otkrytka-711.jpg.webp
Открытка 710,https://otkrytki.top/wp-content/uploads/2023/11/otkrytka-710.jpg.webp
Открытка 709,https://otkrytki.top/wp-content/uploads/2023/11/otkrytka-709.jpg.webp
Открытка 708,https://otkrytki.top/wp-content/uploads/2023/11/otkrytka-708.jpg.webp
Открытка 707,https://otkrytki.top/wp-content/uploads/2023/11/otkrytka-707.jpg.webp
Открытка 706,https://otkrytki.top/wp-content/uploads/2023/11/otkrytka-706.jpg.webp
Открытка 705,https://otkrytki.top/wp-content/uploads/2023/11/otkrytka-705.jpg.webp
Открытка 704,https://otkrytki.top/wp-content/uploads/2023/11/otkrytka-704.jpg.webp
Открытка 690,https://otkrytki.top/wp-content/uploads/2023/10/otkrytka-690.jpg.webp
Открытка 689,https://otkrytki.top/wp-content/uploads/2023/10/otkrytka-689.jpg.webp
Открытка 688,https://otkrytki.top/wp-content/uploads/2023/10/otkrytka-688.jpg.webp
Открытка 687,https://otkrytki.top/wp-content/uploads/2023/10/otkrytka-687.jpg.webp
Открытка 686,https://otkrytki.top/wp-content/uploads/2023/10/otkrytka-686.jpg.webp
Открытка 685,https://otkrytki.top/wp-content/uploads/2023/10/otkrytka-685.jpg.webp
Открытка 682,https://otkrytki.top/wp-content/uploads/2023/10/otkrytka-682.jpg.webp
Открытка 680,https://otkrytki.top/wp-content/uploads/2023/10/otkrytka-680.jpg.webp
Открытка 684,https://otkrytki.top/wp-content/uploads/2023/10/otkrytka-684.jpg.webp
Открытка 679,https://otkrytki.top/wp-content/uploads/2023/10/otkrytka-679.jpg.webp
Открытка 683,https://otkrytki.top/wp-content/uploads/2023/10/otkrytka-683.jpg.webp
Открытка 663,https://otkrytki.top/wp-content/uploads/2023/10/otkrytka-663.jpg.webp
Открытка 677,https://otkrytki.top/wp-content/uploads/2023/10/otkrytka-677.jpg.webp
Открытка 681,https://otkrytki.top/wp-content/uploads/2023/10/otkrytka-681.jpg.webp
Открытка 632,https://otkrytki.top/wp-content/uploads/2023/10/otkrytka-632.jpg.webp
Открытка 50,https://otkrytki.top/wp-content/uploads/2023/06/50_otkrytka.jpg.webp
Открытка Прости 4297,https://otkrytki.top/wp-content/uploads/2026/06/otkrytka-4297.jpg.webp
Открытка Я больше не буду  4159,https://otkrytki.top/wp-content/uploads/2026/05/otkrytka-4159.jpg.webp
Открытка Прости 4157,https://otkrytki.top/wp-content/uploads/2026/05/otkrytka-4157.jpg.webp
Открытка прости за всё 4158,https://otkrytki.top/wp-content/uploads/2026/05/otkrytka-4158.jpg.webp
Открытка от мужчины Давай мириться 4160,https://otkrytki.top/wp-content/uploads/2026/05/otkrytka-4160.jpg.webp
Открытка от женщины Извини 3441,https://otkrytki.top/wp-content/uploads/2025/09/otkrytka-3441.jpg.webp
Открытка прости 3121,https://otkrytki.top/wp-content/uploads/2025/06/otkrytka-3121.jpg.webp
Открытка прости 2915,https://otkrytki.top/wp-content/uploads/2025/05/otkrytka-2915.jpg.webp
Открытка 2396,https://otkrytki.top/wp-content/uploads/2024/12/otkrytka-2396.jpg.webp
Открытка давай мириться 1552,https://otkrytki.top/wp-content/uploads/2024/05/otkrytka-1552.jpg.webp
Открытка давай мириться 1551,https://otkrytki.top/wp-content/uploads/2024/05/otkrytka-1551.jpg.webp
Открытка 988,https://otkrytki.top/wp-content/uploads/2024/01/otkrytka-988-1.jpg.webp
Открытка 952,https://otkrytki.top/wp-content/uploads/2023/12/otkrytka-952.jpg.webp
Открытка 923,https://otkrytki.top/wp-content/uploads/2023/12/otkrytka-923.jpg.webp
Открытка 921,https://otkrytki.top/wp-content/uploads/2023/12/otkrytka-921.jpg.webp
Открытка 918,https://otkrytki.top/wp-content/uploads/2023/12/otkrytka-918.jpg.webp
Открытка 915,https://otkrytki.top/wp-content/uploads/2023/12/otkrytka-915.jpg.webp
Открытка 914,https://otkrytki.top/wp-content/uploads/2023/12/otkrytka-914.jpg.webp
Открытка 913,https://otkrytki.top/wp-content/uploads/2023/12/otkrytka-913.jpg.webp
Открытка 912,https://otkrytki.top/wp-content/uploads/2023/12/otkrytka-912.jpg.webp
Открытка 908,https://otkrytki.top/wp-content/uploads/2023/12/otkrytka-908.jpg.webp
Открытка 883,https://otkrytki.top/wp-content/uploads/2023/12/otkrytka-883.jpg.webp
Открытка 896,https://otkrytki.top/wp-content/uploads/2023/12/otkrytka-896.jpg.webp
Открытка 889,https://otkrytki.top/wp-content/uploads/2023/12/otkrytka-889.jpg.webp
Открытка 895,https://otkrytki.top/wp-content/uploads/2023/12/otkrytka-895.jpg.webp
Открытка 871,https://otkrytki.top/wp-content/uploads/2023/12/otkrytka-871.jpg.webp
Открытка 733,https://otkrytki.top/wp-content/uploads/2023/11/otkrytka-733.jpg.webp
Открытка 732,https://otkrytki.top/wp-content/uploads/2023/11/otkrytka-732.jpg.webp
Открытка 730,https://otkrytki.top/wp-content/uploads/2023/11/otkrytka-730.jpg.webp
Открытка 728,https://otkrytki.top/wp-content/uploads/2023/11/otkrytka-728.jpg.webp
Открытка 726,https://otkrytki.top/wp-content/uploads/2023/11/otkrytka-726.jpg.webp
Открытка 725,https://otkrytki.top/wp-content/uploads/2023/11/otkrytka-725.jpg.webp
Открытка 719,https://otkrytki.top/wp-content/uploads/2023/11/otkrytka-719.jpg.webp
Открытка 716,https://otkrytki.top/wp-content/uploads/2023/11/otkrytka-716.jpg.webp
Открытка 717,https://otkrytki.top/wp-content/uploads/2023/11/otkrytka-717.jpg.webp
Открытка 715,https://otkrytki.top/wp-content/uploads/2023/11/otkrytka-715.jpg.webp
Открытка 702,https://otkrytki.top/wp-content/uploads/2023/11/otkrytka-702.jpg.webp
Открытка 700,https://otkrytki.top/wp-content/uploads/2023/11/otkrytka-700.jpg.webp
Открытка 698,https://otkrytki.top/wp-content/uploads/2023/11/otkrytka-698.jpg.webp
Открытка 670,https://otkrytki.top/wp-content/uploads/2023/10/otkrytka-670.jpg.webp
Открытка 636,https://otkrytki.top/wp-content/uploads/2023/10/otkrytka-636.jpg.webp
Открытка спокойной ночи 2693,https://otkrytki.top/wp-content/uploads/2025/03/otkrytka-2693.gif
Открытка доброе утро 2438,https://otkrytki.top/wp-content/uploads/2025/01/otkrytka-2438.gif
Гифка Кормить будешь 3098,https://otkrytki.top/wp-content/uploads/2025/06/otkrytka-3098.gif
Открытка С днем Ивана Купалы 1,https://otkrytki.top/wp-content/uploads/2024/08/s-dnem-ivana-kupaly-1.gif
Гиф-открытка доброе утро 2956,https://otkrytki.top/wp-content/uploads/2025/05/otkrytka-2956.gif
Картинка про стрессоустойчивость 2942,https://otkrytki.top/wp-content/uploads/2025/05/otkrytka-2942.gif
Открытка Любимой женщине с днем рождения 2809,https://otkrytki.top/wp-content/uploads/2025/04/otkrytka-2809.gif
Открытка доброе утро 2810,https://otkrytki.top/wp-content/uploads/2025/04/otkrytka-2810.gif
Открытка с добрым утром женщине 2808,https://otkrytki.top/wp-content/uploads/2025/04/otkrytka-2808.gif
Открытка Доброе утро 2806,https://otkrytki.top/wp-content/uploads/2025/04/otkrytka-2806.gif
Открытка хорошего дня 2811,https://otkrytki.top/wp-content/uploads/2025/04/otkrytka-2811.gif
Открытка с днем рождения 2813,https://otkrytki.top/wp-content/uploads/2025/04/otkrytka-2813.jpg.webp
Открытка Утро доброе 2802,https://otkrytki.top/wp-content/uploads/2025/04/otkrytka-2802.gif
Открытка с днем рождения  2804,https://otkrytki.top/wp-content/uploads/2025/04/otkrytka-2804.gif
Ураза-байрам открытка 09,https://otkrytki.top/wp-content/uploads/2025/02/uraza-bajram-otkrytka-09.gif
Открытка Доброе утро 2688,https://otkrytki.top/wp-content/uploads/2025/03/otkrytka-2688.gif
Открытка доброе утро 2341,https://otkrytki.top/wp-content/uploads/2024/12/otkrytka-2341.gif
Открытка доброй ночи 2691,https://otkrytki.top/wp-content/uploads/2025/03/otkrytka-2691.gif
Открытка Доброй ночи  2689,https://otkrytki.top/wp-content/uploads/2025/03/otkrytka-2689.gif
Открытка доброе утро 2690,https://otkrytki.top/wp-content/uploads/2025/03/otkrytka-2690.gif
Открытка хорошего дня 2592,https://otkrytki.top/wp-content/uploads/2025/02/otkrytka-2592.gif
Хорошего дня 2627,https://otkrytki.top/wp-content/uploads/2025/02/otkrytka-2627.gif
Гиф-открытка 8 марта 34,https://otkrytki.top/wp-content/uploads/2025/02/otkrytka-8-marta-34.gif
Открытка 2347,https://otkrytki.top/wp-content/uploads/2024/12/otkrytka-2347.gif
гиф-открытка 2485,https://otkrytki.top/wp-content/uploads/2025/01/otkrytka-2485.gif
Открытка с добрым утром 2345,https://otkrytki.top/wp-content/uploads/2024/12/otkrytka-2345.gif
Открытка с днем рождения 2435,https://otkrytki.top/wp-content/uploads/2025/01/otkrytka-2435.gif
Гиф-ткрытка 2437,https://otkrytki.top/wp-content/uploads/2025/01/otkrytka-2437.gif
С Рождеством гиф-открытка 18,https://otkrytki.top/wp-content/uploads/2025/01/s-rozhdestvom-otkrytka-18.gif
С Рождеством открытка 17,https://otkrytki.top/wp-content/uploads/2025/01/s-rozhdestvom-otkrytka-17.gif
С Рождеством открытка 16,https://otkrytki.top/wp-content/uploads/2025/01/s-rozhdestvom-otkrytka-16.gif
C Рождественским сочельником открытка 8,https://otkrytki.top/wp-content/uploads/2025/01/c-rozhdestvenskim-sochelnikom-otkrytka-8.gif
Гиф-открытка доброе утро 2344,https://otkrytki.top/wp-content/uploads/2024/12/otkrytka-2344.gif
С Новым Годом открытка на 1 января 43,https://otkrytki.top/wp-content/uploads/2024/12/s-novym-godom-otkrytka-43.gif
С Новым Годом открытка 63,https://otkrytki.top/wp-content/uploads/2024/12/s-novym-godom-otkrytka-63.gif
С Новым Годом открытка 44,https://otkrytki.top/wp-content/uploads/2024/12/s-novym-godom-otkrytka-44.gif
Открытка доброе утро 2342,https://otkrytki.top/wp-content/uploads/2024/12/otkrytka-2342.gif
Прикольная гифка про вставать на работу 2338,https://otkrytki.top/wp-content/uploads/2024/12/otkrytka-2338.gif
Гиф-открытка с добрым утром 2350,https://otkrytki.top/wp-content/uploads/2024/12/otkrytka-2350.gif
Открытка хорошего зимнего вечера 2353,https://otkrytki.top/wp-content/uploads/2024/12/otkrytka-2353.gif
Открытка с днем рождения 2339,https://otkrytki.top/wp-content/uploads/2024/12/otkrytka-2339.gif
Гиф-картинка 2355,https://otkrytki.top/wp-content/uploads/2024/12/otkrytka-2355.gif
Гиф-открытка добрый вечер 2346,https://otkrytki.top/wp-content/uploads/2024/12/otkrytka-2346.gif
Открытка женщине 2328,https://otkrytki.top/wp-content/uploads/2024/12/otkrytka-2328.gif
Открытка доброе утро 2276,https://otkrytki.top/wp-content/uploads/2024/11/otkrytka-2276.gif
Красивая картинка про жизнь 2241,https://otkrytki.top/wp-content/uploads/2024/11/otkrytka-2241.gif
Открытка с днем рождения 2129,https://otkrytki.top/wp-content/uploads/2024/10/otkrytka-2129.gif
Открытка с днем рождения 2128,https://otkrytki.top/wp-content/uploads/2024/10/otkrytka-2128.gif
Открытка С Днем Рождения 2117,https://otkrytki.top/wp-content/uploads/2024/10/otkrytka-2117.gif
Добрые картинки 2136,https://otkrytki.top/wp-content/uploads/2024/10/otkrytka-2136.gif
Открытка с добрым утром 2107,https://otkrytki.top/wp-content/uploads/2024/10/otkrytka-2107.gif
Открытка хорошего дня 2133,https://otkrytki.top/wp-content/uploads/2024/10/otkrytka-2133.gif
Открытка доброе утро 2132,https://otkrytki.top/wp-content/uploads/2024/10/otkrytka-2132.gif
Открытка спокойной ночи 2130,https://otkrytki.top/wp-content/uploads/2024/10/otkrytka-2130.gif
Открытка доброй ночи 2127,https://otkrytki.top/wp-content/uploads/2024/10/otkrytka-2127.gif
Красивая открытка доброе утро 2080,https://otkrytki.top/wp-content/uploads/2024/10/otkrytka-2080.gif
Открытка с добрым утречком 2076,https://otkrytki.top/wp-content/uploads/2024/10/otkrytka-2076.gif
Открытка скучаю 2104,https://otkrytki.top/wp-content/uploads/2024/10/otkrytka-2104.jpg.webp
Открытка твой подарок 2074,https://otkrytki.top/wp-content/uploads/2024/10/otkrytka-2074.gif
Картинка про счастье 2081,https://otkrytki.top/wp-content/uploads/2024/10/otkrytka-2081.gif
Открытка 2118,https://otkrytki.top/wp-content/uploads/2024/10/otkrytka-2118.gif
Открытка доброе утро 2054,https://otkrytki.top/wp-content/uploads/2024/10/otkrytka-2054.gif
Открытка 2064,https://otkrytki.top/wp-content/uploads/2024/10/otkrytka-2064.gif
открытка 2036,https://otkrytki.top/wp-content/uploads/2024/09/otkrytka-2036.gif
Открытка 2051,https://otkrytki.top/wp-content/uploads/2024/09/otkrytka-2051.gif
Открытка спим 2034,https://otkrytki.top/wp-content/uploads/2024/09/otkrytka-2034.gif
Открытка доброе утро 2016,https://otkrytki.top/wp-content/uploads/2024/09/otkrytka-2016.gif
открытка С Днем Рождения 2003,https://otkrytki.top/wp-content/uploads/2024/09/otkrytka-2003.gif
Открытка доброго дня 2014,https://otkrytki.top/wp-content/uploads/2024/09/otkrytka-2014.gif
Прикольная гиф картинка про ворону 2030,https://otkrytki.top/wp-content/uploads/2024/09/otkrytka-2030.gif
Открытка приятных снов 2012,https://otkrytki.top/wp-content/uploads/2024/09/otkrytka-2012.gif
Открытка хорошего дня 2011,https://otkrytki.top/wp-content/uploads/2024/09/otkrytka-2011.gif
Открытка спокойной ночи 2009,https://otkrytki.top/wp-content/uploads/2024/09/otkrytka-2009.gif
открытка доброе утро 2004,https://otkrytki.top/wp-content/uploads/2024/09/otkrytka-2004.gif
Открытка привет 2023,https://otkrytki.top/wp-content/uploads/2024/09/otkrytka-2023.gif
Открытка доброй ночи 2021,https://otkrytki.top/wp-content/uploads/2024/09/otkrytka-2021.gif
Открытка приходите в гости 2019,https://otkrytki.top/wp-content/uploads/2024/09/otkrytka-2019.gif
Гифка про овец во сне 2007,https://otkrytki.top/wp-content/uploads/2024/09/otkrytka-2007.gif
Открытка 2005,https://otkrytki.top/wp-content/uploads/2024/09/otkrytka-2005.gif
открытка 1971,https://otkrytki.top/wp-content/uploads/2024/09/otkrytka-1971.gif
открытка 1969,https://otkrytki.top/wp-content/uploads/2024/09/otkrytka-1969.gif
открытка Я тебя жду 1970,https://otkrytki.top/wp-content/uploads/2024/09/otkrytka-1970.gif
Открытка доброе утро 1930,https://otkrytki.top/wp-content/uploads/2024/08/otkrytka-1930.gif
открытка доброй ночи 1975,https://otkrytki.top/wp-content/uploads/2024/09/otkrytka-1975.gif
Открытка чудесного утра 1908,https://otkrytki.top/wp-content/uploads/2024/08/otkrytka-1908.gif
Открытка доброе утро  1927,https://otkrytki.top/wp-content/uploads/2024/08/otkrytka-1927.gif
Открытка добрый вечер 1931,https://otkrytki.top/wp-content/uploads/2024/08/otkrytka-1931.gif
Открытка доброе утро 1892,https://otkrytki.top/wp-content/uploads/2024/08/otkrytka-1892.gif
Открытка 1929,https://otkrytki.top/wp-content/uploads/2024/08/otkrytka-1929.gif
Открытка спокойной ночи  1918,https://otkrytki.top/wp-content/uploads/2024/08/otkrytka-1918.gif
Открытка доброй ночи 1903,https://otkrytki.top/wp-content/uploads/2024/08/otkrytka-1903.gif
Открытка 1901,https://otkrytki.top/wp-content/uploads/2024/08/otkrytka-1901.gif
Открытка 1900,https://otkrytki.top/wp-content/uploads/2024/08/otkrytka-1900.gif
Прикольная картинка про попугая 1891,https://otkrytki.top/wp-content/uploads/2024/08/otkrytka-1891.gif
Открытка добрый день 1888,https://otkrytki.top/wp-content/uploads/2024/08/otkrytka-1888_3.gif
Открытка доброе утро 1857,https://otkrytki.top/wp-content/uploads/2024/08/otkrytka-1857.gif
Открытка с днем рождения 1856,https://otkrytki.top/wp-content/uploads/2024/08/otkrytka-1856.gif
Открытка доброе утро 1844,https://otkrytki.top/wp-content/uploads/2024/08/otkrytka-1844.gif
Открытка доброго утра 1842,https://otkrytki.top/wp-content/uploads/2024/08/otkrytka-1842.gif
Картинка я проснулся 1845,https://otkrytki.top/wp-content/uploads/2024/08/otkrytka-1845.gif
Открытка хорошего настроения 1847,https://otkrytki.top/wp-content/uploads/2024/08/otkrytka-1847.gif
Открытка хорошего дня женщинам 1846,https://otkrytki.top/wp-content/uploads/2024/08/otkrytka-1846.gif
Открытка хорошего дня 1841,https://otkrytki.top/wp-content/uploads/2024/08/otkrytka-1841.gif
Открытка утро доброе 1810,https://otkrytki.top/wp-content/uploads/2024/07/otkrytka-1810.gif
Открытка спокойной ночи 1855,https://otkrytki.top/wp-content/uploads/2024/08/otkrytka-1855.gif
Открытка хорошего дня 1838,https://otkrytki.top/wp-content/uploads/2024/08/otkrytka-1838.gif
Открытка хорошего дня 1837,https://otkrytki.top/wp-content/uploads/2024/08/otkrytka-1837.gif
Открытка доброе утро 1811,https://otkrytki.top/wp-content/uploads/2024/07/otkrytka-1811.gif
Открытка С добрым утром 1804,https://otkrytki.top/wp-content/uploads/2024/07/otkrytka-1804.gif
Открытка доброе утро 1809,https://otkrytki.top/wp-content/uploads/2024/07/otkrytka-1809.gif
Открытка с пожеланиями 1843,https://otkrytki.top/wp-content/uploads/2024/08/otkrytka-1843.gif
Открытка доброе утро 1805,https://otkrytki.top/wp-content/uploads/2024/07/otkrytka-1805.gif
Открытка хорошего вечера 1836,https://otkrytki.top/wp-content/uploads/2024/08/otkrytka-1836_1.gif
Открытка доброе утро 1803,https://otkrytki.top/wp-content/uploads/2024/07/otkrytka-1803.gif
Открытка 1801,https://otkrytki.top/wp-content/uploads/2024/07/otkrytka-1801.gif
Открытка спокойной ночи 1802,https://otkrytki.top/wp-content/uploads/2024/07/otkrytka-1802.gif
Открытка спокойной ночи 1797,https://otkrytki.top/wp-content/uploads/2024/07/otkrytka-1797.gif
Открытка хорошего дня 1788,https://otkrytki.top/wp-content/uploads/2024/07/otkrytka-1788.gif
Живая открытка с добрым утром 1736,https://otkrytki.top/wp-content/uploads/2024/07/otkrytka-1736.gif
Открытка доброе утро 1732,https://otkrytki.top/wp-content/uploads/2024/07/otkrytka-1732.gif
Видео открытка с хорошим вечером 1782,https://otkrytki.top/wp-content/uploads/2024/07/otkrytka-1782.gif
Открытка просыпаемся 1731,https://otkrytki.top/wp-content/uploads/2024/07/otkrytka-1731.gif
Открытка Доброе утро 1730,https://otkrytki.top/wp-content/uploads/2024/07/otkrytka-1730.gif
Открытка С Днем Рождения 1770,https://otkrytki.top/wp-content/uploads/2024/07/otkrytka-1770.gif
Открытка с выходными 1756,https://otkrytki.top/wp-content/uploads/2024/07/otkrytka-1756.gif
Открытка Спокойной ночи 1758,https://otkrytki.top/wp-content/uploads/2024/07/otkrytka-1758.gif
Открытка 1752,https://otkrytki.top/wp-content/uploads/2024/07/otkrytka-1752.gif
Открытка доброй ночи 1746,https://otkrytki.top/wp-content/uploads/2024/07/otkrytka-1746.gif
Открытка доброй ночи  1738,https://otkrytki.top/wp-content/uploads/2024/07/otkrytka-1738.gif
Открытка доброй ночи  1734,https://otkrytki.top/wp-content/uploads/2024/07/otkrytka-1734.gif
Открытка с пятницей 1646,https://otkrytki.top/wp-content/uploads/2024/06/otkrytka-1646.gif
Открытка с пожеланиями спокойного сна 1728,https://otkrytki.top/wp-content/uploads/2024/07/otkrytka-1728.gif
Открытка быстро спать 1722,https://otkrytki.top/wp-content/uploads/2024/07/otkrytka-1722.gif
Открытка с добрым утром 1666,https://otkrytki.top/wp-content/uploads/2024/06/otkrytka-1666.gif
Открытка с добрым утром 1664,https://otkrytki.top/wp-content/uploads/2024/06/otkrytka-1664.gif
Открытка Доброе утро 1640,https://otkrytki.top/wp-content/uploads/2024/06/otkrytka-1640.gif
Открытка привет 1710,https://otkrytki.top/wp-content/uploads/2024/07/otkrytka-1710.gif
Картинка с пятницей 1702,https://otkrytki.top/wp-content/uploads/2024/06/otkrytka-1702.gif
Открытка доброе утро 1633,https://otkrytki.top/wp-content/uploads/2024/06/otkrytka-1633.gif
Открытка на вечер 1690,https://otkrytki.top/wp-content/uploads/2024/06/otkrytka-1690.gif
Открытка доброе утро 1628,https://otkrytki.top/wp-content/uploads/2024/06/otkrytka-1628.gif
Открытка спокойной ночи 1682,https://otkrytki.top/wp-content/uploads/2024/06/otkrytka-1682.gif
Открытка c днем рождения 1650,https://otkrytki.top/wp-content/uploads/2024/06/otkrytka-1650.gif
Открытка с днем рождения 1623,https://otkrytki.top/wp-content/uploads/2024/06/otkrytka-1623.gif
Открытка с днем рождения 1608,https://otkrytki.top/wp-content/uploads/2024/06/otkrytka-1608.gif
Открытка спокойной ночи 1637,https://otkrytki.top/wp-content/uploads/2024/06/otkrytka-1637.gif
Открытка 1598,https://otkrytki.top/wp-content/uploads/2024/05/otkrytka-1598.gif
Открытка с днем рождения подруга 1593,https://otkrytki.top/wp-content/uploads/2024/05/otkrytka-1593.gif
Открытка добрых снов 1616,https://otkrytki.top/wp-content/uploads/2024/06/otkrytka-1616.gif
Открытка доброго вечера 1602,https://otkrytki.top/wp-content/uploads/2024/06/otkrytka-1602.gif
Открытка доброй ночи 1590,https://otkrytki.top/wp-content/uploads/2024/05/otkrytka-1590.gif
Открытка с днем рождения 1581,https://otkrytki.top/wp-content/uploads/2024/05/otkrytka-1581.gif
Открытка Привет тебе 1575,https://otkrytki.top/wp-content/uploads/2024/05/otkrytka-1575.gif
Открытка добрый день 1572,https://otkrytki.top/wp-content/uploads/2024/05/otkrytka-1572.gif
Открытка 1568,https://otkrytki.top/wp-content/uploads/2024/05/otkrytka-1568.gif
Открытка доброе утро 1544,https://otkrytki.top/wp-content/uploads/2024/05/otkrytka-1544.gif
Открытка хорошего вечера 1504,https://otkrytki.top/wp-content/uploads/2024/05/otkrytka-1504.gif
Открытка с добрым утром 1502,https://otkrytki.top/wp-content/uploads/2024/05/otkrytka-1502.gif
Открытка просыпайся 1500,https://otkrytki.top/wp-content/uploads/2024/05/otkrytka-1500.gif
Открытка про отдых 1499,https://otkrytki.top/wp-content/uploads/2024/05/otkrytka-1499.gif
Открытка доброго утра 1497,https://otkrytki.top/wp-content/uploads/2024/05/otkrytka-1497.gif
Открытка с добрым утром 1496,https://otkrytki.top/wp-content/uploads/2024/05/otkrytka-1496.gif
Gif открытка бодрого утра 1495,https://otkrytki.top/wp-content/uploads/2024/04/otkrytka-1495.gif
Открытка на международный день Семьи 5,https://otkrytki.top/wp-content/uploads/2024/05/otkrytka-s-dnem-semi-5.gif
Гиф открытка с добрым утром  1494,https://otkrytki.top/wp-content/uploads/2024/04/otkrytka-1494.gif
Открытка на перерыв 1498,https://otkrytki.top/wp-content/uploads/2024/05/otkrytka-1498.gif
Открытка с днем рождения 1501,https://otkrytki.top/wp-content/uploads/2024/05/otkrytka-1501.gif
Прикольная открытка с добрым утром 1491,https://otkrytki.top/wp-content/uploads/2024/04/otkrytka-1491.gif
Открытка доброй ночи 1492,https://otkrytki.top/wp-content/uploads/2024/04/otkrytka-1492.gif
Открытка 1315,https://otkrytki.top/wp-content/uploads/2024/03/otkrytka-1315.gif
Открытка 1058,https://otkrytki.top/wp-content/uploads/2024/01/otkrytka-1058.gif
Открытка 1017,https://otkrytki.top/wp-content/uploads/2024/01/otkrytka-1017.gif
Открытка 1016,https://otkrytki.top/wp-content/uploads/2024/01/otkrytka-1016.gif
Открытка 1013,https://otkrytki.top/wp-content/uploads/2024/01/otkrytka-1013.gif
Открытка 1011,https://otkrytki.top/wp-content/uploads/2024/01/otkrytka-1011.gif
Открытка 1010,https://otkrytki.top/wp-content/uploads/2024/01/otkrytka-1010.gif
Открытка 1009,https://otkrytki.top/wp-content/uploads/2024/01/otkrytka-1009.gif
Открытка 1008,https://otkrytki.top/wp-content/uploads/2024/01/otkrytka-1008.gif
С Новым Годом открытка 16,https://otkrytki.top/wp-content/uploads/2023/12/s-novym-godom-otkrytka-16.gif
Открытка 782,https://otkrytki.top/wp-content/uploads/2023/11/otkrytka-782.gif
Открытка 780,https://otkrytki.top/wp-content/uploads/2023/11/otkrytka-780.gif
Открытка 770,https://otkrytki.top/wp-content/uploads/2023/11/otkrytka-770.gif
Открытка 526,https://otkrytki.top/wp-content/uploads/2023/09/526_otkrytka_1.jpg.webp
Картинка Мысли утром в понедельник 4597,https://otkrytki.top/wp-content/uploads/2026/09/otkrytka-4597.jpg.webp
Открытка С добрым утром понедельник 4598,https://otkrytki.top/wp-content/uploads/2026/09/otkrytka-4598.jpg.webp
Открытка Понедельник 4515,https://otkrytki.top/wp-content/uploads/2026/08/otkrytka-4515.jpg.webp
Открытка понедельник 4510,https://otkrytki.top/wp-content/uploads/2026/08/otkrytka-4510.jpg.webp
Открытка Доброе утро 4474,https://otkrytki.top/wp-content/uploads/2026/08/otkrytka-4474.jpg.webp
Открытка доброе утро 4408,https://otkrytki.top/wp-content/uploads/2026/07/otkrytka-4408.jpg.webp
Открытка про понедельник 4337,https://otkrytki.top/wp-content/uploads/2026/07/otkrytka-4337.jpg.webp
Открытка с котом доброе утро 4318,https://otkrytki.top/wp-content/uploads/2026/06/otkrytka-4318.jpg.webp
Открытка на понедельник 4304,https://otkrytki.top/wp-content/uploads/2026/06/otkrytka-4304.jpg.webp
Открытка С Понедельником 4096,https://otkrytki.top/wp-content/uploads/2026/04/otkrytka-4096.jpg.webp
Открытка с добрым утром с котами 3782,https://otkrytki.top/wp-content/uploads/2026/01/otkrytka-3782.jpg.webp
Видео-открытка добра 3633,https://otkrytki.top/wp-content/uploads/2025/11/otkrytka-3633.jpg.webp
Открытка на рабочую неделю 3636,https://otkrytki.top/wp-content/uploads/2025/11/otkrytka-3636.jpg.webp
Видео-открытка про понедельник 3638,https://otkrytki.top/wp-content/uploads/2025/11/otkrytka-3638.jpg.webp
Открытка с котиком доброе утро 3608,https://otkrytki.top/wp-content/uploads/2025/11/otkrytka-3608.jpg.webp
Видео-открытка с утенком доброе утро в понедельник 3375,https://otkrytki.top/wp-content/uploads/2025/09/otkrytka-3375.jpg.webp
Открытка с будильником Успешной недели 3309,https://otkrytki.top/wp-content/uploads/2025/08/otkrytka-3309.jpg.webp
Открытка С понедельником тебя 3241,https://otkrytki.top/wp-content/uploads/2025/08/otkrytka-3241.jpg.webp
Видео-открытка Доброе утро понедельник 3170,https://otkrytki.top/wp-content/uploads/2025/07/otkrytka-3170.jpg.webp
"Открытка Наташа, вставай 3120",https://otkrytki.top/wp-content/uploads/2025/06/otkrytka-3120.jpg.webp
Открытка Наслаждайтесь жизнью с понедельника 3105,https://otkrytki.top/wp-content/uploads/2025/06/otkrytka-3105.jpg.webp
Открытка Доброе утро в летний понедельник 3174,https://otkrytki.top/wp-content/uploads/2025/07/otkrytka-3174.jpg.webp
Открытка с Понедельником -3073,https://otkrytki.top/wp-content/uploads/2025/06/otkrytka-3073.jpg.webp
Яркая открытка Доброе утро 3129,https://otkrytki.top/wp-content/uploads/2025/06/otkrytka-3129.jpg.webp
Открытка 3064,https://otkrytki.top/wp-content/uploads/2025/06/otkrytka-3064.jpg.webp
Открытка 3041,https://otkrytki.top/wp-content/uploads/2025/06/otkrytka-3041.jpg.webp
Открытка С добрым утром 3013,https://otkrytki.top/wp-content/uploads/2025/05/otkrytka-3013.jpg.webp
Открытка с понедельником 2716,https://otkrytki.top/wp-content/uploads/2025/03/otkrytka-2716.jpg.webp
С добрым утром понедельник 2562,https://otkrytki.top/wp-content/uploads/2025/02/otkrytka-2562.jpg.webp
Открытка понедельник утро 2522,https://otkrytki.top/wp-content/uploads/2025/02/otkrytka-2522.jpg.webp
Открытка доброе утро понедельника 2378,https://otkrytki.top/wp-content/uploads/2024/12/otkrytka-2378.jpg.webp
открытка здравствуй понедельник 2229,https://otkrytki.top/wp-content/uploads/2024/11/otkrytka-2229.jpg.webp
Смешная картинка 2231,https://otkrytki.top/wp-content/uploads/2024/11/otkrytka-2231.jpg.webp
Картинка про понедельник 2219,https://otkrytki.top/wp-content/uploads/2024/11/otkrytka-2219.jpg.webp
Открытка хорошего понедельника 2209,https://otkrytki.top/wp-content/uploads/2024/11/otkrytka-2209.jpg.webp
Открытка доброго понедельника 2154,https://otkrytki.top/wp-content/uploads/2024/10/otkrytka-2154.jpg.webp
Открытка легкого понедельника 2153,https://otkrytki.top/wp-content/uploads/2024/10/otkrytka-2153.jpg.webp
Открытка про понедельник 2138,https://otkrytki.top/wp-content/uploads/2024/10/otkrytka-2138.jpg.webp
Открытка 2089,https://otkrytki.top/wp-content/uploads/2024/10/otkrytka-2089.jpg.webp
Открытка понедельник  2069,https://otkrytki.top/wp-content/uploads/2024/10/otkrytka-2069.jpg.webp
Открытка доброе утро 2067,https://otkrytki.top/wp-content/uploads/2024/10/otkrytka-2067.jpg.webp
Открытка пятница с добрым утром 2027,https://otkrytki.top/wp-content/uploads/2024/09/otkrytka-2027.jpg.webp
открытка на понедельник 1995,https://otkrytki.top/wp-content/uploads/2024/09/otkrytka-1995.jpg.webp
Картинка про работу 1951,https://otkrytki.top/wp-content/uploads/2024/09/otkrytka-1951.jpg.webp
Открытка врываемся в понедельник 1933,https://otkrytki.top/wp-content/uploads/2024/09/otkrytka-1933.gif
Картинка про понедельник 1898,https://otkrytki.top/wp-content/uploads/2024/08/otkrytka-1898.jpg.webp
Открытка доброе утро 1584,https://otkrytki.top/wp-content/uploads/2024/05/otkrytka-1584.jpg.webp
Открытка доброе утро понедельника 1546,https://otkrytki.top/wp-content/uploads/2024/05/otkrytka-1546.jpg.webp
Картинка про понедельник 1509,https://otkrytki.top/wp-content/uploads/2024/05/otkrytka-1509.jpg.webp
Открытка Картинка про понедельник утром 1480,https://otkrytki.top/wp-content/uploads/2024/04/otkrytka-1480.jpg.webp
Открытка 1475,https://otkrytki.top/wp-content/uploads/2024/04/otkrytka-1475.jpg.webp
Открытка 1294,https://otkrytki.top/wp-content/uploads/2024/03/otkrytka-1294.jpg.webp
Открытка 1279,https://otkrytki.top/wp-content/uploads/2024/03/otkrytka-1279.jpg.webp
Открытка 1278,https://otkrytki.top/wp-content/uploads/2024/03/otkrytka-1278.jpg.webp
Открытка 1292,https://otkrytki.top/wp-content/uploads/2024/03/otkrytka-1292.jpg.webp
Открытка 1225,https://otkrytki.top/wp-content/uploads/2024/02/otkrytka-1225.jpg.webp
Открытка 1177,https://otkrytki.top/wp-content/uploads/2024/02/otkrytka-1177.jpg.webp
Открытка 1157,https://otkrytki.top/wp-content/uploads/2024/02/otkrytka-1157.jpg.webp
Открытка 906,https://otkrytki.top/wp-content/uploads/2023/12/otkrytka-906.jpg.webp
Открытка 839,https://otkrytki.top/wp-content/uploads/2023/12/otkrytka-839.jpg.webp
Открытка 766,https://otkrytki.top/wp-content/uploads/2023/11/otkrytka-766.jpg.webp
Открытка 765,https://otkrytki.top/wp-content/uploads/2023/11/otkrytka-765.jpg.webp
Открытка 533,https://otkrytki.top/wp-content/uploads/2023/09/533_otkrytka.jpg.webp
Открытка 427,https://otkrytki.top/wp-content/uploads/2023/09/427_otkrytka.jpg.webp
Открытка 367,https://otkrytki.top/wp-content/uploads/2023/08/367_otkrytka.jpg.webp
Открытка с добрым утром понедельника 288,https://otkrytki.top/wp-content/uploads/2023/08/288_otkrytka.jpg.webp
Открытка 220,https://otkrytki.top/wp-content/uploads/2023/07/220_otkrytka.jpg.webp
Открытка 160,https://otkrytki.top/wp-content/uploads/2023/07/160_otkrytka.jpg.webp
Открытка 105,https://otkrytki.top/wp-content/uploads/2023/06/105_otkrytka.jpg.webp
открытка 84,https://otkrytki.top/wp-content/uploads/2023/06/84_otkrytka.jpg.webp
Открытка с добрым утром вторника 3760,https://otkrytki.top/wp-content/uploads/2025/12/otkrytka-3760.jpg.webp
Открытка Здравствуй вторник 3077,https://otkrytki.top/wp-content/uploads/2025/06/otkrytka-3077.jpg.webp
Открытка доброе утро 2599,https://otkrytki.top/wp-content/uploads/2025/02/otkrytka-2599.jpg.webp
Открытка хорошего дня 2592,https://otkrytki.top/wp-content/uploads/2025/02/otkrytka-2592.gif
Картинка доброе утро вторник 1833,https://otkrytki.top/wp-content/uploads/2024/08/otkrytka-1833.jpg.webp
Открытка 1737,https://otkrytki.top/wp-content/uploads/2024/07/otkrytka-1737.jpg.webp
Картинка про вторник 1353,https://otkrytki.top/wp-content/uploads/2024/04/otkrytka-1353.jpg.webp
Открытка 1231,https://otkrytki.top/wp-content/uploads/2024/03/otkrytka-1231.jpg.webp
Открытка 839,https://otkrytki.top/wp-content/uploads/2023/12/otkrytka-839.jpg.webp
Открытка 764,https://otkrytki.top/wp-content/uploads/2023/11/otkrytka-764.jpg.webp
Открытка 447,https://otkrytki.top/wp-content/uploads/2023/09/447_otkrytka.jpg.webp
Открытка 444,https://otkrytki.top/wp-content/uploads/2023/09/444_otkrytka.jpg.webp
Открытка 360,https://otkrytki.top/wp-content/uploads/2023/08/360_otkrytka.jpg.webp
Открытка 286,https://otkrytki.top/wp-content/uploads/2023/08/286_otkrytka_1.jpg.webp
Открытка 251,https://otkrytki.top/wp-content/uploads/2023/07/251_otkrytka.jpg.webp
Открытка 197,https://otkrytki.top/wp-content/uploads/2023/07/197_otkrytka.jpg.webp
открытка 82,https://otkrytki.top/wp-content/uploads/2023/06/82_otkrytka.jpg.webp
Открытка Среда 4505,https://otkrytki.top/wp-content/uploads/2026/08/otkrytka-4505.jpg.webp
Открытка С добрым утром среда 4419,https://otkrytki.top/wp-content/uploads/2026/07/otkrytka-4419.jpg.webp
Открытка со средой 3952,https://otkrytki.top/wp-content/uploads/2026/03/otkrytka-3952.jpg.webp
Открытка Среда - это маленькая пятница 3362,https://otkrytki.top/wp-content/uploads/2025/09/otkrytka-3362.jpg.webp
Открытка привет среда 2676,https://otkrytki.top/wp-content/uploads/2025/03/otkrytka-2676.jpg.webp
Открытка доброе утро 2690,https://otkrytki.top/wp-content/uploads/2025/03/otkrytka-2690.gif
Картинка про среду 2149,https://otkrytki.top/wp-content/uploads/2024/10/otkrytka-2149.jpg.webp
Открытка со средой 1882,https://otkrytki.top/wp-content/uploads/2024/08/otkrytka-1882.jpg.webp
Картинка про пятницу 1850,https://otkrytki.top/wp-content/uploads/2024/08/otkrytka-1850.jpg.webp
Открытка доброе утро среды 1794,https://otkrytki.top/wp-content/uploads/2024/07/otkrytka-1794.jpg.webp
Открытка 1267,https://otkrytki.top/wp-content/uploads/2024/03/otkrytka-1267.jpg.webp
Открытка 1213,https://otkrytki.top/wp-content/uploads/2024/02/otkrytka-1213.gif
Открытка 1268,https://otkrytki.top/wp-content/uploads/2024/03/otkrytka-1268.jpg.webp
Открытка 800,https://otkrytki.top/wp-content/uploads/2024/01/otkrytka-800-2.jpg.webp
Открытка 903,https://otkrytki.top/wp-content/uploads/2023/12/otkrytka-903.jpg.webp
Открытка 511,https://otkrytki.top/wp-content/uploads/2023/09/511_otkrytka.jpg.webp
Открытка 457,https://otkrytki.top/wp-content/uploads/2023/09/457_otkrytka.jpg.webp
открытка 42,https://otkrytki.top/wp-content/uploads/2023/06/42_otkrytka.jpg.webp
Открытка на среду,https://otkrytki.top/wp-content/uploads/2023/05/6_otkrytka.jpg.webp
Открытка доброе утро четверг 4468,https://otkrytki.top/wp-content/uploads/2026/08/otkrytka-4468.jpg.webp
Открытка Доброго утра четверга 4221,https://otkrytki.top/wp-content/uploads/2026/05/otkrytka-4221.jpg.webp
Открытка с четвергом и ежиком 3943,https://otkrytki.top/wp-content/uploads/2026/03/otkrytka-3943.jpg.webp
Открытка С добрым утром Четверг 2778,https://otkrytki.top/wp-content/uploads/2025/03/otkrytka-2778.jpg.webp
Открытка с девочкой Четверг. Доброе утро 3371,https://otkrytki.top/wp-content/uploads/2025/09/otkrytka-3371.jpg.webp
Открытка Здравствуй новый день 3090,https://otkrytki.top/wp-content/uploads/2025/06/otkrytka-3090.jpg.webp
Картинка Утро четверга 3043,https://otkrytki.top/wp-content/uploads/2025/06/otkrytka-3043.jpg.webp
открытка доброе утро четверг 2226,https://otkrytki.top/wp-content/uploads/2024/11/otkrytka-2226.jpg.webp
Открытка доброе утро 2196,https://otkrytki.top/wp-content/uploads/2024/11/otkrytka-2196.jpg.webp
Открытка доброе утро четверга 2056,https://otkrytki.top/wp-content/uploads/2024/10/otkrytka-2056.jpg.webp
Открытка с четвергом2024,https://otkrytki.top/wp-content/uploads/2024/09/otkrytka-2024.jpg.webp
Открытка с четвергом 1883,https://otkrytki.top/wp-content/uploads/2024/08/otkrytka-1883.jpg.webp
Картинка про отпуск 1793,https://otkrytki.top/wp-content/uploads/2024/07/otkrytka-1793.jpg.webp
Открытка 508,https://otkrytki.top/wp-content/uploads/2023/09/508_otkrytka.jpg.webp
Открытка 225,https://otkrytki.top/wp-content/uploads/2023/07/225_otkrytka.jpg.webp
Открытка 214,https://otkrytki.top/wp-content/uploads/2023/07/214_otkrytka.jpg.webp
открытка 86,https://otkrytki.top/wp-content/uploads/2023/06/86_otkrytka.jpg.webp
Открытка Сегодня пятница 4615,https://otkrytki.top/wp-content/uploads/2026/09/otkrytka-4615_2.jpg.webp
Открытка пятницу видно? 4584,https://otkrytki.top/wp-content/uploads/2026/08/otkrytka-4584.jpg.webp
Открытка Если пятница уже в стакане 4535,https://otkrytki.top/wp-content/uploads/2026/08/otkrytka-4535.jpg.webp
Открытка пятница 4516,https://otkrytki.top/wp-content/uploads/2026/08/otkrytka-4516.jpg.webp
Открытка скоро суббота  4402,https://otkrytki.top/wp-content/uploads/2026/07/otkrytka-4402.jpg.webp
Открытка про пятницу 4386,https://otkrytki.top/wp-content/uploads/2026/07/otkrytka-4386.jpg.webp
Открытка с пятницей  4340,https://otkrytki.top/wp-content/uploads/2026/07/otkrytka-4340.jpg.webp
Открытка Доброе утро Пятница 4328,https://otkrytki.top/wp-content/uploads/2026/06/otkrytka-4328.jpg.webp
"Открытка Ура, Пятница 4316",https://otkrytki.top/wp-content/uploads/2026/06/otkrytka-4316.jpg.webp
Открытка с пятницей 4311,https://otkrytki.top/wp-content/uploads/2026/06/otkrytka-4311.jpg.webp
Открытка Доброй пятницы 4290,https://otkrytki.top/wp-content/uploads/2026/06/otkrytka-4290.jpg.webp
Видео-открытка с корги Доброе утро 4173,https://otkrytki.top/wp-content/uploads/2026/05/otkrytka-4173.jpg.webp
Открытка Доброй пятницы 4156,https://otkrytki.top/wp-content/uploads/2026/05/otkrytka-4156.jpg.webp
Открытка Доброе утро 4154,https://otkrytki.top/wp-content/uploads/2026/05/otkrytka-4154.jpg.webp
открытка с котом про пятницу 4064,https://otkrytki.top/wp-content/uploads/2026/04/otkrytka-4064.jpg.webp
открытка привет пятница с котом 4042,https://otkrytki.top/wp-content/uploads/2026/04/otkrytka-4042.jpg.webp
"Открытка Пятница, привет 3972",https://otkrytki.top/wp-content/uploads/2026/03/otkrytka-3972.jpg.webp
Видео открытка на пятницу 3853,https://otkrytki.top/wp-content/uploads/2026/02/otkrytka-3853.jpg.webp
Открытка Счастливой пятницы 3895,https://otkrytki.top/wp-content/uploads/2026/02/otkrytka-3895.jpg.webp
Открытка с пятницей Добрым утром 3888,https://otkrytki.top/wp-content/uploads/2026/02/otkrytka-3888.jpg.webp
Видео-открытка С добрым утром 3901,https://otkrytki.top/wp-content/uploads/2026/02/otkrytka-3901-15.jpg.webp
Открытка доброе утро с котом 3791,https://otkrytki.top/wp-content/uploads/2026/01/otkrytka-3791.jpg.webp
Открытка небось пятницу ждете? 3735,https://otkrytki.top/wp-content/uploads/2025/12/otkrytka-3735.jpg.webp
Открытка 3736,https://otkrytki.top/wp-content/uploads/2025/12/otkrytka-3736.jpg.webp
Открытка с пятницей 3699,https://otkrytki.top/wp-content/uploads/2025/12/otkrytka-3699.jpg.webp
Открытка Добрый вечер с котом 3694,https://otkrytki.top/wp-content/uploads/2025/12/otkrytka-3694.jpg.webp
Открытка с пятницей 3693,https://otkrytki.top/wp-content/uploads/2025/12/otkrytka-3693.jpg.webp
Видео-открытка про выходные 3634,https://otkrytki.top/wp-content/uploads/2025/11/otkrytka-3634.jpg.webp
Открытка на пятницу 3611,https://otkrytki.top/wp-content/uploads/2025/11/otkrytka-3611.jpg.webp
Видео-открытка с кошками Врываемся в пятницу 3509,https://otkrytki.top/wp-content/uploads/2025/10/otkrytka-3509.jpg.webp
Открытка с кошкой за рулем Доброе утро пятница 3481,https://otkrytki.top/wp-content/uploads/2025/09/otkrytka-3481.jpg.webp
Открытка с собакой с пятницей 3470,https://otkrytki.top/wp-content/uploads/2025/09/otkrytka-3470.jpg.webp
Видео-открытка с девушкой привет пятница 3405,https://otkrytki.top/wp-content/uploads/2025/09/otkrytka-3405.jpg.webp
Открытка 3334,https://otkrytki.top/wp-content/uploads/2025/08/otkrytka-3334.jpg.webp
"Открытка Пятница, доброе утро 3330",https://otkrytki.top/wp-content/uploads/2025/08/otkrytka-3330.jpg.webp
Открытка Доброе утро пятница с котом 3302,https://otkrytki.top/wp-content/uploads/2025/08/otkrytka-3302.jpg.webp
"Открытка с добрым утром, пятница 3261",https://otkrytki.top/wp-content/uploads/2025/08/otkrytka-3261.jpg.webp
Открытка с пятницей и волком 3268,https://otkrytki.top/wp-content/uploads/2025/08/otkrytka-3268.jpg.webp
Картинка про литросексуала 3230,https://otkrytki.top/wp-content/uploads/2025/07/otkrytka-3230.jpg.webp
"Открытка мужчине Привет, пятница 3099",https://otkrytki.top/wp-content/uploads/2025/07/otkrytka-3099.jpg.webp
Открытка с пятницей 3050,https://otkrytki.top/wp-content/uploads/2025/06/otkrytka-3050.jpg.webp
Открытка 2333,https://otkrytki.top/wp-content/uploads/2024/12/otkrytka-2333.jpg.webp
Открытка с пятницей 2765,https://otkrytki.top/wp-content/uploads/2025/03/otkrytka-2765.jpg.webp
Открытка с добрым утром пятницы 2763,https://otkrytki.top/wp-content/uploads/2025/03/otkrytka-2763.jpg.webp
Открытка Доброе утро 2745,https://otkrytki.top/wp-content/uploads/2025/03/otkrytka-2745.jpg.webp
Открытка доброе утро 2611,https://otkrytki.top/wp-content/uploads/2025/02/otkrytka-2611.jpg.webp
Открытка доброго утра 2623,https://otkrytki.top/wp-content/uploads/2025/02/otkrytka-2623.jpg.webp
Открытка с пятницей 2335,https://otkrytki.top/wp-content/uploads/2024/12/otkrytka-2335.jpg.webp
Смешная картинка 2231,https://otkrytki.top/wp-content/uploads/2024/11/otkrytka-2231.jpg.webp
открытка доброе утро 2239,https://otkrytki.top/wp-content/uploads/2024/11/otkrytka-2239.jpg.webp
Открытка с пятницей 2194,https://otkrytki.top/wp-content/uploads/2024/11/otkrytka-2194.jpg.webp
открытка доброе утро 1978,https://otkrytki.top/wp-content/uploads/2024/09/otkrytka-1978.jpg.webp
Открытка пятница доброе утро 1912,https://otkrytki.top/wp-content/uploads/2024/08/otkrytka-1912.jpg.webp
Открытка с добрым утром 1928,https://otkrytki.top/wp-content/uploads/2024/08/otkrytka-1928.jpg.webp
Картинка про понедельник 1898,https://otkrytki.top/wp-content/uploads/2024/08/otkrytka-1898.jpg.webp
Открытка 1917,https://otkrytki.top/wp-content/uploads/2024/08/otkrytka-1917.jpg.webp
Открытка на пятницу 1890,https://otkrytki.top/wp-content/uploads/2024/08/otkrytka-1890.jpg.webp
Картинка про пятницу 1850,https://otkrytki.top/wp-content/uploads/2024/08/otkrytka-1850.jpg.webp
Открытка доброе утро 1805,https://otkrytki.top/wp-content/uploads/2024/07/otkrytka-1805.gif
Картинка про пятницу 1791,https://otkrytki.top/wp-content/uploads/2024/07/otkrytka-1791.jpg.webp
Открытка с пятницей 1646,https://otkrytki.top/wp-content/uploads/2024/06/otkrytka-1646.gif
Картинка с пятницей 1702,https://otkrytki.top/wp-content/uploads/2024/06/otkrytka-1702.gif
Картинка про понедельник 1509,https://otkrytki.top/wp-content/uploads/2024/05/otkrytka-1509.jpg.webp
Открытка с пятницей 1548,https://otkrytki.top/wp-content/uploads/2024/05/otkrytka-1548.jpg.webp
Открытка 1329,https://otkrytki.top/wp-content/uploads/2024/04/otkrytka-1329.jpg.webp
Открытка 1285,https://otkrytki.top/wp-content/uploads/2024/03/otkrytka-1285.jpg.webp
Открытка 1224,https://otkrytki.top/wp-content/uploads/2024/02/otkrytka-1224.jpg.webp
Открытка 1218,https://otkrytki.top/wp-content/uploads/2024/02/otkrytka-1218.gif
Открытка 1238,https://otkrytki.top/wp-content/uploads/2024/03/otkrytka-1238.jpg.webp
Открытка 1202,https://otkrytki.top/wp-content/uploads/2024/02/otkrytka-1202.jpg.webp
Открытка 1157,https://otkrytki.top/wp-content/uploads/2024/02/otkrytka-1157.jpg.webp
Открытка 1013,https://otkrytki.top/wp-content/uploads/2024/01/otkrytka-1013.gif
Открытка 769,https://otkrytki.top/wp-content/uploads/2023/11/otkrytka-769.jpg.webp
Открытка 463,https://otkrytki.top/wp-content/uploads/2023/09/463_otkrytka.jpg.webp
Открытка 439,https://otkrytki.top/wp-content/uploads/2023/09/439_otkrytka.jpg.webp
Открытка 440,https://otkrytki.top/wp-content/uploads/2023/09/440_otkrytka.jpg.webp
Открытка 319,https://otkrytki.top/wp-content/uploads/2023/08/319_otkrytka.jpg.webp
Открытка 320,https://otkrytki.top/wp-content/uploads/2023/08/320_otkrytka.jpg.webp
Открытка 235,https://otkrytki.top/wp-content/uploads/2023/07/235_otkrytka.jpg.webp
Открытка 234,https://otkrytki.top/wp-content/uploads/2023/07/234_otkrytka.jpg.webp
Открытка 198,https://otkrytki.top/wp-content/uploads/2023/07/198_otkrytka.jpg.webp
Открытка 137,https://otkrytki.top/wp-content/uploads/2023/07/137_otkrytka.jpg.webp
Открытка 136,https://otkrytki.top/wp-content/uploads/2023/07/136_otkrytka.jpg.webp
открытка 63,https://otkrytki.top/wp-content/uploads/2023/06/63_otkrytka.jpg.webp
открытка 64,https://otkrytki.top/wp-content/uploads/2023/06/64_otkrytka.jpg.webp
Открытка 31,https://otkrytki.top/wp-content/uploads/2023/06/31_otkrytka.jpg.webp
"Открытка Доброе утро, суббота 4553",https://otkrytki.top/wp-content/uploads/2026/08/otkrytka-4553.jpg.webp
Открытка с планами на субботу 4466,https://otkrytki.top/wp-content/uploads/2026/08/otkrytka-4466.jpg.webp
Открытка скоро суббота  4402,https://otkrytki.top/wp-content/uploads/2026/07/otkrytka-4402.jpg.webp
Открытка с Субботой 4265,https://otkrytki.top/wp-content/uploads/2026/06/otkrytka-4265.jpg.webp
Открытка Доброе утро 4254,https://otkrytki.top/wp-content/uploads/2026/06/otkrytka-4254.jpg.webp
Открытка привет суббота 3870,https://otkrytki.top/wp-content/uploads/2026/02/otkrytka-3870.jpg.webp
Открытка Отличной субботы 3701,https://otkrytki.top/wp-content/uploads/2025/12/otkrytka-3701.jpg.webp
Открытка Добрейшее субботнее утро 3669,https://otkrytki.top/wp-content/uploads/2025/11/otkrytka-3669.jpg.webp
Открытка с субботкой 3269,https://otkrytki.top/wp-content/uploads/2025/08/otkrytka-3269.jpg.webp
Открытка с субботой 2933,https://otkrytki.top/wp-content/uploads/2025/05/otkrytka-2933.jpg.webp
Открытка с добрым субботним утром 2751,https://otkrytki.top/wp-content/uploads/2025/03/otkrytka-2751.jpg.webp
Открытка доброе нежное утро 2639,https://otkrytki.top/wp-content/uploads/2025/02/otkrytka-2639.jpg.webp
Открытка доброе утро 2547,https://otkrytki.top/wp-content/uploads/2025/02/otkrytka-2547.jpg.webp
Картинка про субботу 2169,https://otkrytki.top/wp-content/uploads/2024/10/otkrytka-2169.jpg.webp
Катинка про субботу 2075,https://otkrytki.top/wp-content/uploads/2024/10/otkrytka-2075.jpg.webp
Картинка про субботу 2006,https://otkrytki.top/wp-content/uploads/2024/09/otkrytka-2006.jpg.webp
Открытка доброе утро 1930,https://otkrytki.top/wp-content/uploads/2024/08/otkrytka-1930.gif
Открытка 1282,https://otkrytki.top/wp-content/uploads/2024/03/otkrytka-1282.jpg.webp
Открытка 1127,https://otkrytki.top/wp-content/uploads/2024/01/otkrytka-1127.jpg.webp
Открытка 1070,https://otkrytki.top/wp-content/uploads/2024/01/otkrytka-1070.jpg.webp
Открытка 539,https://otkrytki.top/wp-content/uploads/2023/09/539_otkrytka.jpg.webp
Открытка 405,https://otkrytki.top/wp-content/uploads/2023/08/405_otkrytka.jpg.webp
Открытка 404,https://otkrytki.top/wp-content/uploads/2023/08/404_otkrytka.jpg.webp
Открытка 388,https://otkrytki.top/wp-content/uploads/2023/08/388_otkrytka.jpg.webp
Открытка 337,https://otkrytki.top/wp-content/uploads/2023/08/337_otkrytka.jpg.webp
Открытка 113,https://otkrytki.top/wp-content/uploads/2023/07/113_otkrytka.jpg.webp
Картинка про воскресенье 4471,https://otkrytki.top/wp-content/uploads/2026/08/otkrytka-4471.jpg.webp
Открытка Отдыхай в Воскресенье 4256,https://otkrytki.top/wp-content/uploads/2026/06/otkrytka-4256.jpg.webp
Открытка на воскресенье 4225,https://otkrytki.top/wp-content/uploads/2026/05/otkrytka-4225.jpg.webp
Открытка Доброе утро в воскресенье 4165,https://otkrytki.top/wp-content/uploads/2026/05/otkrytka-4165.jpg.webp
Открытка Доброе утро воскресенья 4164,https://otkrytki.top/wp-content/uploads/2026/05/otkrytka-4164.jpg.webp
Картинка про воскресенье утром 4080,https://otkrytki.top/wp-content/uploads/2026/04/otkrytka-4080.jpg.webp
Открытка с собакой Доброе утро 3868,https://otkrytki.top/wp-content/uploads/2026/02/otkrytka-3868.jpg.webp
Открытка С добрым утром воскресенья 3665,https://otkrytki.top/wp-content/uploads/2025/11/otkrytka-3665.jpg.webp
Открытка с котом в гамаке в воскресенье 3401,https://otkrytki.top/wp-content/uploads/2025/09/otkrytka-3401.jpg.webp
Открытка доброе утро 2400,https://otkrytki.top/wp-content/uploads/2024/12/otkrytka-2400.jpg.webp
Открытка Доброго воскресного утра 3167,https://otkrytki.top/wp-content/uploads/2025/07/otkrytka-3167.jpg.webp
Открытка С добрым утром воскресенье 3015,https://otkrytki.top/wp-content/uploads/2025/05/otkrytka-3015.jpg.webp
Открытка доброе утро 2152,https://otkrytki.top/wp-content/uploads/2024/10/otkrytka-2152.jpg.webp
Открытка хорошего вечера 2151,https://otkrytki.top/wp-content/uploads/2024/10/otkrytka-2151.jpg.webp
Открытка воскресенье 2099,https://otkrytki.top/wp-content/uploads/2024/10/otkrytka-2099.jpg.webp
Картинка про воскреснье 2060,https://otkrytki.top/wp-content/uploads/2024/10/otkrytka-2060.jpg.webp
Открытка Воскресенье 1812,https://otkrytki.top/wp-content/uploads/2024/07/otkrytka-1812.jpg.webp
Картинка про воскресенье 1780,https://otkrytki.top/wp-content/uploads/2024/07/otkrytka-1780.jpg.webp
Гиф картинка про воскресенье 1493,https://otkrytki.top/wp-content/uploads/2024/04/otkrytka-1493.gif
Открытка 1418,https://otkrytki.top/wp-content/uploads/2024/04/otkrytka-1418.jpg.webp
Открытка 1371,https://otkrytki.top/wp-content/uploads/2024/04/otkrytka-1371.jpg.webp
Открытка 1292,https://otkrytki.top/wp-content/uploads/2024/03/otkrytka-1292.jpg.webp
Открытка 1225,https://otkrytki.top/wp-content/uploads/2024/02/otkrytka-1225.jpg.webp
Открытка 1102,https://otkrytki.top/wp-content/uploads/2024/01/otkrytka-1102.jpg.webp
Открытка 1070,https://otkrytki.top/wp-content/uploads/2024/01/otkrytka-1070.jpg.webp
Открытка 931,https://otkrytki.top/wp-content/uploads/2023/12/otkrytka-931.jpg.webp
Открытка 593,https://otkrytki.top/wp-content/uploads/2023/10/otkrytka-593.jpg.webp
Открытка 592,https://otkrytki.top/wp-content/uploads/2023/10/otkrytka-592.jpg.webp
Открытка 533,https://otkrytki.top/wp-content/uploads/2023/09/533_otkrytka.jpg.webp
Открытка 427,https://otkrytki.top/wp-content/uploads/2023/09/427_otkrytka.jpg.webp
Открытка 333,https://otkrytki.top/wp-content/uploads/2023/08/333_otkrytka.jpg.webp
(Открытка 24),https://otkrytki.top/wp-content/uploads/2023/05/24_otkrytka.jpg.webp
"Открытка Зай, ругаться будем? 4599",https://otkrytki.top/wp-content/uploads/2026/09/otkrytka-4599.jpg.webp
"Открытка Не знал, какие цветы ты любишь 4555",https://otkrytki.top/wp-content/uploads/2026/08/otkrytka-4555.jpg.webp
Открытка Ане 4560,https://otkrytki.top/wp-content/uploads/2026/08/otkrytka-4560.jpg.webp
Открытка Для Вас 4549,https://otkrytki.top/wp-content/uploads/2026/08/otkrytka-4549.jpg.webp
Открытка осеннее доброе утро 3774,https://otkrytki.top/wp-content/uploads/2026/01/otkrytka-3774.jpg.webp
Открытка женщине 4539,https://otkrytki.top/wp-content/uploads/2026/08/otkrytka-4539.jpg.webp
Открытка Для самой красивой женщины 4534,https://otkrytki.top/wp-content/uploads/2026/08/otkrytka-4534.jpg.webp
Открытка Ща всё разрулим 4530,https://otkrytki.top/wp-content/uploads/2026/08/otkrytka-4530.jpg.webp
Открытка Ты слаще персика 4484,https://otkrytki.top/wp-content/uploads/2026/08/otkrytka-4484.jpg.webp
Открытка ты моё всё  4483,https://otkrytki.top/wp-content/uploads/2026/08/otkrytka-4483.jpg.webp
Открытка Ты огонь 4441,https://otkrytki.top/wp-content/uploads/2026/07/otkrytka-4441.jpg.webp
Открытка Доброе утро дорогая  4449,https://otkrytki.top/wp-content/uploads/2026/08/otkrytka-4449.jpg.webp
Открытка любимому человеку 4444,https://otkrytki.top/wp-content/uploads/2026/07/otkrytka-4444.jpg.webp
Открытка неси полусладкое 4404,https://otkrytki.top/wp-content/uploads/2026/07/otkrytka-4404.jpg.webp
Открытка Привет 4413,https://otkrytki.top/wp-content/uploads/2026/07/otkrytka-4413.jpg.webp
Открытка женщине хороших снов 4362,https://otkrytki.top/wp-content/uploads/2026/07/otkrytka-4362.jpg.webp
Открытка спокойной ночи любимая  4365,https://otkrytki.top/wp-content/uploads/2026/07/otkrytka-4365.jpg.webp
Открытка Спокойной ночи женщине 4364,https://otkrytki.top/wp-content/uploads/2026/07/otkrytka-4364.jpg.webp
Открытка женщине спокойной ночи 4363,https://otkrytki.top/wp-content/uploads/2026/07/otkrytka-4363.jpg.webp
Открытка женщине дорой ночи 4360,https://otkrytki.top/wp-content/uploads/2026/07/otkrytka-4360.jpg.webp
Открытка спокойной ночи 4359,https://otkrytki.top/wp-content/uploads/2026/07/otkrytka-4359.jpg.webp
Открытка Спокойной ночи 4358,https://otkrytki.top/wp-content/uploads/2026/07/otkrytka-4358.jpg.webp
Открытка женщине 4314,https://otkrytki.top/wp-content/uploads/2026/06/otkrytka-4314.jpg.webp
Открытка Доброе утро 4287,https://otkrytki.top/wp-content/uploads/2026/06/otkrytka-4287.jpg.webp
Открытка Доброй ночи влюбленным 4259,https://otkrytki.top/wp-content/uploads/2026/06/otkrytka-4259.jpg.webp
Открытка Хорошего дня женщине 4269,https://otkrytki.top/wp-content/uploads/2026/06/otkrytka-4269.jpg.webp
Открытка женщине С добрым утром 4241,https://otkrytki.top/wp-content/uploads/2026/06/otkrytka-4241.jpg.webp
Открытка Отдыхай Спокойной ночи 4251,https://otkrytki.top/wp-content/uploads/2026/06/otkrytka-4251.jpg.webp
Открытка Доброе утро 4232,https://otkrytki.top/wp-content/uploads/2026/06/otkrytka-4232.jpg.webp
Открытка женщинам доброе утро 4231,https://otkrytki.top/wp-content/uploads/2026/06/otkrytka-4231.jpg.webp
Открытка С добрым летним утром 3756,https://otkrytki.top/wp-content/uploads/2025/12/otkrytka-3756.jpg.webp
Открытка Люблю тебя 4227,https://otkrytki.top/wp-content/uploads/2026/05/otkrytka-4227.jpg.webp
Открытка спасибо 4218,https://otkrytki.top/wp-content/uploads/2026/05/otkrytka-4218.jpg.webp
Открытка Ты моя вселенная 4152,https://otkrytki.top/wp-content/uploads/2026/05/otkrytka-4152.jpg.webp
Открытка Ты мой цветочек 4162,https://otkrytki.top/wp-content/uploads/2026/05/otkrytka-4162.jpg.webp
Открытка с добрым утром дорогие  4148,https://otkrytki.top/wp-content/uploads/2026/05/otkrytka-4148.jpg.webp
Открытка от мужчины Давай мириться 4160,https://otkrytki.top/wp-content/uploads/2026/05/otkrytka-4160.jpg.webp
Открытка Тане 4137,https://otkrytki.top/wp-content/uploads/2026/05/otkrytka-4137.jpg.webp
Открытка женщине 4138,https://otkrytki.top/wp-content/uploads/2026/05/otkrytka-4138.jpg.webp
Открытка женщине Доброе утро с цветами 4095,https://otkrytki.top/wp-content/uploads/2026/04/otkrytka-4095.jpg.webp
Открытка Цветы для женщины 4093,https://otkrytki.top/wp-content/uploads/2026/04/otkrytka-4093.jpg.webp
открытка любимому человеку 4061,https://otkrytki.top/wp-content/uploads/2026/04/otkrytka-4061.jpg.webp
открытка ты волнуешь меня  4058,https://otkrytki.top/wp-content/uploads/2026/04/otkrytka-4058.jpg.webp
открытка маме 4045,https://otkrytki.top/wp-content/uploads/2026/04/otkrytka-4045.jpg.webp
открытка женщине 4041,https://otkrytki.top/wp-content/uploads/2026/04/otkrytka-4041.jpg.webp
Картинка про подруг 4036,https://otkrytki.top/wp-content/uploads/2026/04/otkrytka-4036.jpg.webp
Открытка Люблю тебя 4026,https://otkrytki.top/wp-content/uploads/2026/03/otkrytka-4026.jpg.webp
Открытка маме от дочери 4009,https://otkrytki.top/wp-content/uploads/2026/03/otkrytka-4009.jpg.webp
открытка женщине 4000,https://otkrytki.top/wp-content/uploads/2026/03/otkrytka-4000.jpg.webp
открытка маме с признанием 4005,https://otkrytki.top/wp-content/uploads/2026/03/otkrytka-4005.jpg.webp
Открытка Хорошего дня 3987,https://otkrytki.top/wp-content/uploads/2026/03/otkrytka-3987.jpg.webp
Открытка женщине 3966,https://otkrytki.top/wp-content/uploads/2026/03/otkrytka-3966.jpg.webp
Открытка про любовь 3948,https://otkrytki.top/wp-content/uploads/2026/03/otkrytka-3948.jpg.webp
Открытка Люблю твою улыбку 3926,https://otkrytki.top/wp-content/uploads/2026/03/otkrytka-3926.jpg.webp
Открытка Хочу быть с тобой3933,https://otkrytki.top/wp-content/uploads/2026/03/otkrytka-3933.jpg.webp
Открытка Хорошего настроения 3949,https://otkrytki.top/wp-content/uploads/2026/03/otkrytka-3949.jpg.webp
Красивая открытка доброе утро с тюльпанами 3947,https://otkrytki.top/wp-content/uploads/2026/03/otkrytka-3947.jpg.webp
Открытка Не дай завять помидорам 3927,https://otkrytki.top/wp-content/uploads/2026/03/otkrytka-3927.jpg.webp
Открытка Каждая булочка заслуживает любви 3925,https://otkrytki.top/wp-content/uploads/2026/03/otkrytka-3925.jpg.webp
Открытка маме с 8 марта 40,https://otkrytki.top/wp-content/uploads/2025/03/otkrytka-8-marta-40.jpg.webp
Открытка с добрым утром и уткой 3599,https://otkrytki.top/wp-content/uploads/2025/11/otkrytka-3599.jpg.webp
Открытка доброе утро женщине 3919,https://otkrytki.top/wp-content/uploads/2026/02/otkrytka-3919.jpg.webp
Открытка с котиком доброе утро 3852,https://otkrytki.top/wp-content/uploads/2026/02/otkrytka-3852-1.jpg.webp
Современная открытка дочке от мамы 3897,https://otkrytki.top/wp-content/uploads/2026/02/otkrytka-3897.jpg.webp
Открытка Выздоравливай скорее 3865,https://otkrytki.top/wp-content/uploads/2026/02/otkrytka-3865.jpg.webp
Открытка Доброе утро женщинам 3835,https://otkrytki.top/wp-content/uploads/2026/01/otkrytka-3835.jpg.webp
Открытка доброе утро 3788,https://otkrytki.top/wp-content/uploads/2026/01/otkrytka-3788.jpg.webp
Видео-открытка для всех Татьян 3431,https://otkrytki.top/wp-content/uploads/2025/09/otkrytka-3431.jpg.webp
Открытка Доброе утро Мир прекрасен по есть ты 3805,https://otkrytki.top/wp-content/uploads/2026/01/otkrytka-3805.jpg.webp
Открытка 3729,https://otkrytki.top/wp-content/uploads/2025/12/otkrytka-3729.jpg.webp
Открытка желаю доброго утра 3771,https://otkrytki.top/wp-content/uploads/2026/01/otkrytka-3771.jpg.webp
Открытка 3749,https://otkrytki.top/wp-content/uploads/2025/12/otkrytka-3749.jpg.webp
Открытка С добрым утром с цветами и котом  3757,https://otkrytki.top/wp-content/uploads/2025/12/otkrytka-3757.jpg.webp
Открытка женщине доброе утро 3772,https://otkrytki.top/wp-content/uploads/2026/01/otkrytka-3772.jpg.webp
Открытка Доброе утро женщине 3767,https://otkrytki.top/wp-content/uploads/2026/01/otkrytka-3767.jpg.webp
Открытка С добрым утром... Люся 3750,https://otkrytki.top/wp-content/uploads/2025/12/otkrytka-3750.jpg.webp
Открытка Утра доброго с котом 3712,https://otkrytki.top/wp-content/uploads/2025/12/otkrytka-3712.jpg.webp
Открытка с розой для подруги 3724,https://otkrytki.top/wp-content/uploads/2025/12/otkrytka-3724.jpg.webp
Красивая открытка с пожеланием для женщины 3717,https://otkrytki.top/wp-content/uploads/2025/12/otkrytka-3717.jpg.webp
Открытка Доброе утро с кошечкой 3703,https://otkrytki.top/wp-content/uploads/2025/12/otkrytka-3703.jpg.webp
Открытка Я к тебе с цветами 3687,https://otkrytki.top/wp-content/uploads/2025/11/otkrytka-3687.jpg.webp
Открытка Ты супер 3688,https://otkrytki.top/wp-content/uploads/2025/11/otkrytka-3688.jpg.webp
Открытка жене про друга 3692,https://otkrytki.top/wp-content/uploads/2025/12/otkrytka-3692.jpg.webp
Открытка с цветами просто так 3682,https://otkrytki.top/wp-content/uploads/2025/11/otkrytka-3682.jpg.webp
Открытка Тебе надо отдохнуть 3671,https://otkrytki.top/wp-content/uploads/2025/11/otkrytka-3671.jpg.webp
Открытка с днем рождения 2357,https://otkrytki.top/wp-content/uploads/2024/12/otkrytka-2357.jpg.webp
Открытка с Днем матери 35,https://otkrytki.top/wp-content/uploads/2025/11/otkrytka-s-dnem-materi-35.jpg.webp
Открытка целую тебя далеко 3648,https://otkrytki.top/wp-content/uploads/2025/11/otkrytka-3648.jpg.webp
Открытка Привет с зайчиком 3630,https://otkrytki.top/wp-content/uploads/2025/11/otkrytka-3630.jpg.webp
Открытка с добрым утром любимой 3625,https://otkrytki.top/wp-content/uploads/2025/11/otkrytka-3625.jpg.webp
Открытка доброе утро с котом 3616,https://otkrytki.top/wp-content/uploads/2025/11/otkrytka-3616-2.jpg.webp
Открытка женщине с добрым утром 3613,https://otkrytki.top/wp-content/uploads/2025/11/otkrytka-3613.jpg.webp
Советская картинка про общепит 3602,https://otkrytki.top/wp-content/uploads/2025/11/otkrytka-3602.jpg.webp
Открытка Тому кого люблю 3579,https://otkrytki.top/wp-content/uploads/2025/11/otkrytka-3579.jpg.webp
Открытка с пожеланиями женщине 3564,https://otkrytki.top/wp-content/uploads/2025/10/otkrytka-3564.jpg.webp
Открытка тому кто дорог 3538,https://otkrytki.top/wp-content/uploads/2025/10/otkrytka-3538.jpg.webp
Открытка Самого доброго утра 3525,https://otkrytki.top/wp-content/uploads/2025/10/otkrytka-3525.jpg.webp
Открытка с цветами для женщины Доброе утро 3485,https://otkrytki.top/wp-content/uploads/2025/10/otkrytka-3485.jpg.webp
Видео-открытка девочкам хорошего дня 3514,https://otkrytki.top/wp-content/uploads/2025/10/otkrytka-3514.jpg.webp
Открытка с розами утро доброе 3494,https://otkrytki.top/wp-content/uploads/2025/10/otkrytka-3494.jpg.webp
Открытка с кошкой в розовых очках с добрым утром 3493,https://otkrytki.top/wp-content/uploads/2025/10/otkrytka-3493.jpg.webp
Видео-открытка с котами Мы или не мы 3507,https://otkrytki.top/wp-content/uploads/2025/10/otkrytka-3507.jpg.webp
Открытка жене с собакой доброе утро 3486,https://otkrytki.top/wp-content/uploads/2025/10/otkrytka-3486.jpg.webp
Открытка с волком Доброе утро 3484,https://otkrytki.top/wp-content/uploads/2025/09/otkrytka-3484.jpg.webp
Открытка с щенком доброе утро жене 3482,https://otkrytki.top/wp-content/uploads/2025/09/otkrytka-3482_2.jpg.webp
Открытка с черной собакой другу 3495,https://otkrytki.top/wp-content/uploads/2025/10/otkrytka-3495.jpg.webp
Открытка с розами доброе утро 3469,https://otkrytki.top/wp-content/uploads/2025/09/otkrytka-3469.jpg.webp
Открытка с обезьяной доброе утро 3466,https://otkrytki.top/wp-content/uploads/2025/09/otkrytka-3466.jpg.webp
Открытка чего молчишь 3506,https://otkrytki.top/wp-content/uploads/2025/10/otkrytka-3506.jpg.webp
Открытка с собакой и бигудями 3459,https://otkrytki.top/wp-content/uploads/2025/09/otkrytka-3459.jpg.webp
Открытка доброе утро с девушкой и цветами 3446,https://otkrytki.top/wp-content/uploads/2025/09/otkrytka-3446.jpg.webp
Открытка женщине доброе утро 3438,https://otkrytki.top/wp-content/uploads/2025/09/otkrytka-3438.jpg.webp
Открытка Доброе утро с красивой девушкой 3443,https://otkrytki.top/wp-content/uploads/2025/09/otkrytka-3443.jpg.webp
Открытка с кроликом и цветами выходи гулять 3464,https://otkrytki.top/wp-content/uploads/2025/09/otkrytka-3464.jpg.webp
Открытка с поцелуями от зайчика 3457,https://otkrytki.top/wp-content/uploads/2025/09/otkrytka-3457.jpg.webp
Видео-открытка дочери с мишкой 3456,https://otkrytki.top/wp-content/uploads/2025/09/otkrytka-3456.jpg.webp
Открытка с девочкой Доброе утро 3435,https://otkrytki.top/wp-content/uploads/2025/09/otkrytka-3435.jpg.webp
Открытка с котиком и розой  для любимой 3454,https://otkrytki.top/wp-content/uploads/2025/09/otkrytka-3454.jpg.webp
Открытка с милым зайчиком I love You 3425,https://otkrytki.top/wp-content/uploads/2025/09/otkrytka-3425.jpg.webp
Открытка с чертом для женщины 3424,https://otkrytki.top/wp-content/uploads/2025/09/otkrytka-3424.jpg.webp
Открытка с девушкой с цветами доброе утро 3421,https://otkrytki.top/wp-content/uploads/2025/09/otkrytka-3421.jpg.webp
Открытка с котиком и сердцами люблю тебя 3395,https://otkrytki.top/wp-content/uploads/2025/09/otkrytka-3395.jpg.webp
Открытка Хорошего отдыха 3389,https://otkrytki.top/wp-content/uploads/2025/09/otkrytka-3389.jpg.webp
Открытка с котиком Ты лучшая 3379,https://otkrytki.top/wp-content/uploads/2025/09/otkrytka-3379.jpg.webp
Видео-открытка с собакой По кофейку? 3368,https://otkrytki.top/wp-content/uploads/2025/09/otkrytka-3368.jpg.webp
Открытка женщине Прекрасного дня 3363,https://otkrytki.top/wp-content/uploads/2025/09/otkrytka-3363.jpg.webp
Женская открытка доброе утро 3323,https://otkrytki.top/wp-content/uploads/2025/08/otkrytka-3323.jpg.webp
"Картинка Девчонки, на зарядке 3325",https://otkrytki.top/wp-content/uploads/2025/08/otkrytka-3325.jpg.webp
Открытка за нас красавицы 3301,https://otkrytki.top/wp-content/uploads/2025/08/otkrytka-3301.jpg.webp
"Открытка с добрым утром, солнышка в душе 3238",https://otkrytki.top/wp-content/uploads/2025/08/otkrytka-3238.jpg.webp
Открытка Классного дня 3237,https://otkrytki.top/wp-content/uploads/2025/08/otkrytka-3237.jpg.webp
Открытка Чудесного дня женщине 3222,https://otkrytki.top/wp-content/uploads/2025/07/otkrytka-3222.jpg.webp
Открытка Отличного дня 3226,https://otkrytki.top/wp-content/uploads/2025/07/otkrytka-3226.jpg.webp
Открытка женщине Пусть утро будет красивым 3227,https://otkrytki.top/wp-content/uploads/2025/07/otkrytka-3227.jpg.webp
Открытка девушке Хорошего дня 3223,https://otkrytki.top/wp-content/uploads/2025/07/otkrytka-3223.jpg.webp
Открытка Как долго я тебя искала 3212,https://otkrytki.top/wp-content/uploads/2025/07/otkrytka-3212.jpg.webp
"Открытка Наташа, вставай 3120",https://otkrytki.top/wp-content/uploads/2025/06/otkrytka-3120.jpg.webp
Видео-открытка женщине 3187,https://otkrytki.top/wp-content/uploads/2025/07/otkrytka-3187.jpg.webp
Видео-открытка 3177,https://otkrytki.top/wp-content/uploads/2025/07/otkrytka-3177.jpg.webp
Открытка Привет красавица 3173,https://otkrytki.top/wp-content/uploads/2025/07/otkrytka-3173.jpg.webp
Открытка Доброе утро в летний понедельник 3174,https://otkrytki.top/wp-content/uploads/2025/07/otkrytka-3174.jpg.webp
Открытка С добрым утром женщине 3158,https://otkrytki.top/wp-content/uploads/2025/07/otkrytka-3158.jpg.webp
Открытка с цветочком для женщины 3154,https://otkrytki.top/wp-content/uploads/2025/07/otkrytka-3154.jpg.webp
Открытка с добрым утром женщинам 3132,https://otkrytki.top/wp-content/uploads/2025/07/otkrytka-3132.jpg.webp
Открытка женщине хорошего дня 3096,https://otkrytki.top/wp-content/uploads/2025/06/otkrytka-3096.gif
Открытка Отличного дня 3088,https://otkrytki.top/wp-content/uploads/2025/06/otkrytka-3088.jpg.webp
Открытка Это тебе 3102,https://otkrytki.top/wp-content/uploads/2025/06/otkrytka-3102.jpg.webp
Видео-открытка настоящей королеве 3093,https://otkrytki.top/wp-content/uploads/2025/06/otkrytka-3093.jpg.webp
Открытка не разрешайте себе плохое настроение 3062,https://otkrytki.top/wp-content/uploads/2025/06/otkrytka-3062.jpg.webp
Открытка Пусть вечно весна В твоём сердце живёт 3067,https://otkrytki.top/wp-content/uploads/2025/06/otkrytka-3067.jpg.webp
Открытка будь счастлива 3039,https://otkrytki.top/wp-content/uploads/2025/06/otkrytka-3039.jpg.webp
Открытка Доброе утро 3030,https://otkrytki.top/wp-content/uploads/2025/06/otkrytka-3030.jpg.webp
Открытка хорошего настроения 3069,https://otkrytki.top/wp-content/uploads/2025/06/otkrytka-3069.jpg.webp
Открытка с добрым утром 3024,https://otkrytki.top/wp-content/uploads/2025/05/otkrytka-3024.jpg.webp
Картинка 3018 - Правила мамы,https://otkrytki.top/wp-content/uploads/2025/05/otkrytka-3018.jpg.webp
Картинка 3022 - Правила счастливой женщины,https://otkrytki.top/wp-content/uploads/2025/05/otkrytka-3022.jpg.webp
Открытка Приветик 2959,https://otkrytki.top/wp-content/uploads/2025/05/otkrytka-2959.jpg.webp
Открытка доброе утро 2888,https://otkrytki.top/wp-content/uploads/2025/04/otkrytka-2888.jpg.webp
Открытка с пожеланиями 2835,https://otkrytki.top/wp-content/uploads/2025/04/otkrytka-2835.jpg.webp
Открытка Я тебя люблю 2841,https://otkrytki.top/wp-content/uploads/2025/04/otkrytka-2841.jpg.webp
Открытка с добрым утром женщине 2808,https://otkrytki.top/wp-content/uploads/2025/04/otkrytka-2808.gif
Открытка Доброе утро 2806,https://otkrytki.top/wp-content/uploads/2025/04/otkrytka-2806.gif
Открытка ты прекрасна 2788,https://otkrytki.top/wp-content/uploads/2025/03/otkrytka-2788.jpg.webp
Открытка Люблю тебя 2735,https://otkrytki.top/wp-content/uploads/2025/03/otkrytka-2735.jpg.webp
Открытка для тебя 2734,https://otkrytki.top/wp-content/uploads/2025/03/otkrytka-2734.jpg.webp
Открытка Спокойной ночи 2747,https://otkrytki.top/wp-content/uploads/2025/03/otkrytka-2747.jpg.webp
Открытка Отличного настроения 2768,https://otkrytki.top/wp-content/uploads/2025/03/otkrytka-2768.jpg.webp
Открытка Хорошего дня 2692,https://otkrytki.top/wp-content/uploads/2025/03/otkrytka-2692.gif
Открытка Я тебя люблю 2670,https://otkrytki.top/wp-content/uploads/2025/03/otkrytka-2670.jpg.webp
Открытка 2668,https://otkrytki.top/wp-content/uploads/2025/03/otkrytka-2668.jpg.webp
Открытка привет среда 2676,https://otkrytki.top/wp-content/uploads/2025/03/otkrytka-2676.jpg.webp
Открытка люблю тебя 2666,https://otkrytki.top/wp-content/uploads/2025/03/otkrytka-2666.jpg.webp
Открытка доброе утро с тюльпанами 2643,https://otkrytki.top/wp-content/uploads/2025/03/otkrytka-2643.jpg.webp
Открытка доброе утро 2611,https://otkrytki.top/wp-content/uploads/2025/02/otkrytka-2611.jpg.webp
Открытка люблю тебя 2648,https://otkrytki.top/wp-content/uploads/2025/03/otkrytka-2648.jpg.webp
Открытка 2609,https://otkrytki.top/wp-content/uploads/2025/02/otkrytka-2609.jpg.webp
Открытка 2576,https://otkrytki.top/wp-content/uploads/2025/02/otkrytka-2576.jpg.webp
Открытка про чувства 2476,https://otkrytki.top/wp-content/uploads/2025/01/otkrytka-2476.jpg.webp
Открытка люблю тебя 2494,https://otkrytki.top/wp-content/uploads/2025/01/otkrytka-2494.jpg.webp
Открытка мур-мур 2462,https://otkrytki.top/wp-content/uploads/2025/01/otkrytka-2462.jpg.webp
Открытка про любовь 2481,https://otkrytki.top/wp-content/uploads/2025/01/otkrytka-2481.jpg.webp
Открытка тебе 2467,https://otkrytki.top/wp-content/uploads/2025/01/otkrytka-2467.jpg.webp
Открытка про любовь 2460,https://otkrytki.top/wp-content/uploads/2025/01/otkrytka-2460.jpg.webp
Открытка девушке с днем рождения 2446,https://otkrytki.top/wp-content/uploads/2025/01/otkrytka-2446.jpg.webp
Открытка про любовь 2450,https://otkrytki.top/wp-content/uploads/2025/01/otkrytka-2450.jpg.webp
Открытка люблю тебя 2444,https://otkrytki.top/wp-content/uploads/2025/01/otkrytka-2444.jpg.webp
Прикольная картинка про друзей 2452,https://otkrytki.top/wp-content/uploads/2025/01/otkrytka-2452.jpg.webp
Открытка с днем рождения 2435,https://otkrytki.top/wp-content/uploads/2025/01/otkrytka-2435.gif
Открытка С Днем Рождения 2430,https://otkrytki.top/wp-content/uploads/2025/01/otkrytka-2430.jpg.webp
Открытка с днем рождения 2428,https://otkrytki.top/wp-content/uploads/2025/01/otkrytka-2428.jpg.webp
Открытка с днем рождения 2392,https://otkrytki.top/wp-content/uploads/2024/12/otkrytka-2392.jpg.webp
Открытка женщине 2391,https://otkrytki.top/wp-content/uploads/2024/12/otkrytka-2391.jpg.webp
С Новым Годом открытка 49,https://otkrytki.top/wp-content/uploads/2024/12/s-novym-godom-otkrytka-49.jpg.webp
открытка 2271,https://otkrytki.top/wp-content/uploads/2024/11/otkrytka-2271.jpg.webp
Открытка женщине 2328,https://otkrytki.top/wp-content/uploads/2024/12/otkrytka-2328.gif
открытка спокойной ночи 2281,https://otkrytki.top/wp-content/uploads/2024/11/otkrytka-2281.jpg.webp
открытка это тебе 2263,https://otkrytki.top/wp-content/uploads/2024/11/otkrytka-2263.jpg.webp
Открытка бабушке 2179,https://otkrytki.top/wp-content/uploads/2024/11/otkrytka-2179.jpg.webp
Открытка ты прекрасна 2178,https://otkrytki.top/wp-content/uploads/2024/11/otkrytka-2178.jpg.webp
Открытка с пожеланиями женщине 2123,https://otkrytki.top/wp-content/uploads/2024/10/otkrytka-2123.jpg.webp
Открытка улыбнись 2085,https://otkrytki.top/wp-content/uploads/2024/10/otkrytka-2085.jpg.webp
Открытка доброй ночи мужу 2062,https://otkrytki.top/wp-content/uploads/2024/10/otkrytka-2062.jpg.webp
Открытка с добрым утром 2013,https://otkrytki.top/wp-content/uploads/2024/09/otkrytka-2013.jpg.webp
открытка доброе утро 2004,https://otkrytki.top/wp-content/uploads/2024/09/otkrytka-2004.gif
Открытка привет 2023,https://otkrytki.top/wp-content/uploads/2024/09/otkrytka-2023.gif
Открытка женщине с юмором 2025,https://otkrytki.top/wp-content/uploads/2024/09/otkrytka-2025.gif
Открытка доброе утро 1943,https://otkrytki.top/wp-content/uploads/2024/09/otkrytka-1943.jpg.webp
открытка 1979,https://otkrytki.top/wp-content/uploads/2024/09/otkrytka-1979.jpg.webp
Открытка доброе утро 1930,https://otkrytki.top/wp-content/uploads/2024/08/otkrytka-1930.gif
Картинка про подруг 1967,https://otkrytki.top/wp-content/uploads/2024/09/otkrytka-1967.jpg.webp
Открытка 1917,https://otkrytki.top/wp-content/uploads/2024/08/otkrytka-1917.jpg.webp
Открытка доброго утра 1866,https://otkrytki.top/wp-content/uploads/2024/08/otkrytka-1866.jpg.webp
Открытка доброе утро 1858,https://otkrytki.top/wp-content/uploads/2024/08/otkrytka-1858.jpg.webp
Открытка добрый день 1888,https://otkrytki.top/wp-content/uploads/2024/08/otkrytka-1888_3.gif
Открытка доброе утро 1857,https://otkrytki.top/wp-content/uploads/2024/08/otkrytka-1857.gif
Открытка хорошего дня женщинам 1846,https://otkrytki.top/wp-content/uploads/2024/08/otkrytka-1846.gif
Открытка Доброе утро 1730,https://otkrytki.top/wp-content/uploads/2024/07/otkrytka-1730.gif
Открытка Привет детка 1739,https://otkrytki.top/wp-content/uploads/2024/07/otkrytka-1739.jpg.webp
Открытка подружкам 1699,https://otkrytki.top/wp-content/uploads/2024/06/otkrytka-1699.jpg.webp
Открытка маме 1698,https://otkrytki.top/wp-content/uploads/2024/06/otkrytka-1698.jpg.webp
Открытка Привет тебе 1575,https://otkrytki.top/wp-content/uploads/2024/05/otkrytka-1575.gif
Открытка сестре 1563,https://otkrytki.top/wp-content/uploads/2024/05/otkrytka-1563.jpg.webp
Картинка с добрым утром 1510,https://otkrytki.top/wp-content/uploads/2024/05/otkrytka-1510.jpg.webp
Открытка подруге 1459,https://otkrytki.top/wp-content/uploads/2024/04/otkrytka-1459.jpg.webp
Открытка с добрым утром женщине 1473,https://otkrytki.top/wp-content/uploads/2024/04/otkrytka-1473.jpg.webp
Открытка дочери 1458,https://otkrytki.top/wp-content/uploads/2024/04/otkrytka-1458.jpg.webp
Открытка 1443,https://otkrytki.top/wp-content/uploads/2024/04/otkrytka-1443.jpg.webp
Прикольная открытка женщине 1419,https://otkrytki.top/wp-content/uploads/2024/04/otkrytka-1419.jpg.webp
Открытка сестре 1368,https://otkrytki.top/wp-content/uploads/2024/04/otkrytka-1368.jpg.webp
Открытка бабушке 1356,https://otkrytki.top/wp-content/uploads/2024/04/otkrytka-1356.jpg.webp
Открытка наташке 1363,https://otkrytki.top/wp-content/uploads/2024/04/otkrytka-1363.jpg.webp
Открытка подруге 1357,https://otkrytki.top/wp-content/uploads/2024/04/otkrytka-1357.jpg.webp
Открытка 1344,https://otkrytki.top/wp-content/uploads/2024/04/otkrytka-1344.jpg.webp
Открытка 1336,https://otkrytki.top/wp-content/uploads/2024/04/otkrytka-1336.jpg.webp
Открытка сестре 1330,https://otkrytki.top/wp-content/uploads/2024/04/otkrytka-1330.jpg.webp
Открытка 1317,https://otkrytki.top/wp-content/uploads/2024/03/otkrytka-1317.jpg.webp
Открытка 1296,https://otkrytki.top/wp-content/uploads/2024/03/otkrytka-1296.jpg.webp
Открытка 1236,https://otkrytki.top/wp-content/uploads/2024/03/otkrytka-1236.jpg.webp
Открытка 1271,https://otkrytki.top/wp-content/uploads/2024/03/otkrytka-1271.jpg.webp
Открытка 1219,https://otkrytki.top/wp-content/uploads/2024/02/otkrytka-1219.jpg.webp
С 8 марта открытка 12,https://otkrytki.top/wp-content/uploads/2024/03/s-8-marta-otkrytka-12.jpg.webp
С 8 марта открытка 9,https://otkrytki.top/wp-content/uploads/2024/03/s-8-marta-otkrytka-9.jpg.webp
С 8 марта открытка 8,https://otkrytki.top/wp-content/uploads/2024/03/s-8-marta-otkrytka-8.jpg.webp
С 8 марта открытка 1,https://otkrytki.top/wp-content/uploads/2023/07/176_otkrytka.jpg.webp
С 8 марта открытка 23,https://otkrytki.top/wp-content/uploads/2024/03/s-8-marta-otkrytka-23.jpg.webp
Открытка 1217,https://otkrytki.top/wp-content/uploads/2024/02/otkrytka-1217.jpg.webp
Открытка с Днем бабушки 3,https://otkrytki.top/wp-content/uploads/2024/03/otkrytka-s-dnem-babushki-3.jpg.webp
Открытка 1121,https://otkrytki.top/wp-content/uploads/2024/01/otkrytka-1121.jpg.webp
Открытка 1116,https://otkrytki.top/wp-content/uploads/2024/01/otkrytka-1116.jpg.webp
С Днем Влюбленных открытка 16,https://otkrytki.top/wp-content/uploads/2024/02/s-dnem-vlyublennyh-otkrytka-16.jpg.webp
С Днем Влюбленных открытка 11,https://otkrytki.top/wp-content/uploads/2024/02/s-dnem-vlyublennyh-otkrytka-11.gif
Открытка 1011,https://otkrytki.top/wp-content/uploads/2024/01/otkrytka-1011.gif
Открытка 968,https://otkrytki.top/wp-content/uploads/2023/12/otkrytka-968.jpg.webp
Открытка 972,https://otkrytki.top/wp-content/uploads/2023/12/otkrytka-972.jpg.webp
Открытка 947,https://otkrytki.top/wp-content/uploads/2023/12/otkrytka-947.jpg.webp
Открытка 928,https://otkrytki.top/wp-content/uploads/2023/12/otkrytka-928.jpg.webp
Открытка 926,https://otkrytki.top/wp-content/uploads/2023/12/otkrytka-926.jpg.webp
Открытка 776,https://otkrytki.top/wp-content/uploads/2023/11/otkrytka-776.jpg.webp
Открытка 902,https://otkrytki.top/wp-content/uploads/2023/12/otkrytka-902.jpg.webp
Открытка 840,https://otkrytki.top/wp-content/uploads/2023/12/otkrytka-840.jpg.webp
Открытка с Днем матери 17,https://otkrytki.top/wp-content/uploads/2023/11/otkrytka-s-dnem-materi-17.jpg.webp
Открытка 826,https://otkrytki.top/wp-content/uploads/2023/12/otkrytka-826.jpg.webp
Открытка 804,https://otkrytki.top/wp-content/uploads/2023/11/otkrytka-804.jpg.webp
Открытка 774,https://otkrytki.top/wp-content/uploads/2023/11/otkrytka-774.jpg.webp
Открытка маме 11,https://otkrytki.top/wp-content/uploads/2023/11/otkrytka-mame-11.jpg.webp
Открытка 730,https://otkrytki.top/wp-content/uploads/2023/11/otkrytka-730.jpg.webp
Открытка маме 9,https://otkrytki.top/wp-content/uploads/2023/11/otkrytka-mame-9.jpg.webp
Открытка маме 8,https://otkrytki.top/wp-content/uploads/2023/11/otkrytka-mame-8.jpg.webp
Открытка маме 6,https://otkrytki.top/wp-content/uploads/2023/11/otkrytka-mame-6.jpg.webp
Открытка маме 4,https://otkrytki.top/wp-content/uploads/2023/11/otkrytka-mame-4.jpeg.webp
Открытка маме 3,https://otkrytki.top/wp-content/uploads/2023/11/otkrytka-mame-3.jpg.webp
Открытка маме 7,https://otkrytki.top/wp-content/uploads/2023/11/otkrytka-mame-7.jpg.webp
Открытка маме 10,https://otkrytki.top/wp-content/uploads/2023/11/otkrytka-mame-10.jpg.webp
Открытка маме 5,https://otkrytki.top/wp-content/uploads/2023/11/otkrytka-mame-5.jpg.webp
Открытка с Днем матери 10,https://otkrytki.top/wp-content/uploads/2023/11/otkrytka-s-dnem-materi-10.jpg.webp
Открытка маме 2,https://otkrytki.top/wp-content/uploads/2023/11/otkrytka-mame-2.jpg.webp
Открытка маме 1,https://otkrytki.top/wp-content/uploads/2023/11/otkrytka-mame-1.gif
Открытка 772,https://otkrytki.top/wp-content/uploads/2023/11/otkrytka-772.jpg.webp
Открытка 736,https://otkrytki.top/wp-content/uploads/2023/11/otkrytka-736.jpg.webp
Открытка 763,https://otkrytki.top/wp-content/uploads/2023/11/otkrytka-763.jpg.webp
Открытка 762,https://otkrytki.top/wp-content/uploads/2023/11/otkrytka-762.jpg.webp
Открытка 702,https://otkrytki.top/wp-content/uploads/2023/11/otkrytka-702.jpg.webp
Открытка 761,https://otkrytki.top/wp-content/uploads/2023/11/otkrytka-761.jpg.webp
Открытка 760,https://otkrytki.top/wp-content/uploads/2023/11/otkrytka-760.jpg.webp
Открытка 758,https://otkrytki.top/wp-content/uploads/2023/11/otkrytka-758.jpg.webp
Открытка 757,https://otkrytki.top/wp-content/uploads/2023/11/otkrytka-757.jpg.webp
Открытка 754,https://otkrytki.top/wp-content/uploads/2023/11/otkrytka-754.jpg.webp
Открытка 753,https://otkrytki.top/wp-content/uploads/2023/11/otkrytka-753.jpg.webp
Открытка 756,https://otkrytki.top/wp-content/uploads/2023/11/otkrytka-756.jpg.webp
Открытка 636,https://otkrytki.top/wp-content/uploads/2023/10/otkrytka-636.jpg.webp
Открытка 631,https://otkrytki.top/wp-content/uploads/2023/10/otkrytka-631.jpg.webp
Открытка 582,https://otkrytki.top/wp-content/uploads/2023/10/otkrytka-582.jpg.webp
Открытка 578,https://otkrytki.top/wp-content/uploads/2023/10/otkrytka-578.jpg.webp
Открытка 504,https://otkrytki.top/wp-content/uploads/2023/09/504_otkrytka.jpg.webp
Открытка 406,https://otkrytki.top/wp-content/uploads/2023/08/406_otkrytka.jpg.webp
Открытка 403,https://otkrytki.top/wp-content/uploads/2023/08/403_otkrytka.gif
Открытка 401,https://otkrytki.top/wp-content/uploads/2023/08/401_otkrytka.gif
Открытка 400,https://otkrytki.top/wp-content/uploads/2023/08/400_otkrytka.gif
Открытка 409,https://otkrytki.top/wp-content/uploads/2023/08/409_otkrytka.jpg.webp
Открытка 332,https://otkrytki.top/wp-content/uploads/2023/08/332_otkrytka.jpg.webp
Открытка 336,https://otkrytki.top/wp-content/uploads/2023/08/336_otkrytka.jpg.webp
Открытка 330,https://otkrytki.top/wp-content/uploads/2023/08/330_otkrytka.jpg.webp
Открытка 219,https://otkrytki.top/wp-content/uploads/2023/07/219_otkrytka.jpg.webp
Открытка 208,https://otkrytki.top/wp-content/uploads/2023/07/208_otkrytka.jpg.webp
Открытка 182,https://otkrytki.top/wp-content/uploads/2023/07/182_otkrytka.jpg.webp
Открытка 191,https://otkrytki.top/wp-content/uploads/2023/07/191_otkrytka.jpg.webp
Открытка 162,https://otkrytki.top/wp-content/uploads/2023/07/162_otkrytka.jpg.webp
Открытка 161,https://otkrytki.top/wp-content/uploads/2023/07/161_otkrytka.jpg.webp
Открытка 177,https://otkrytki.top/wp-content/uploads/2023/07/177_otkrytka.jpg.webp
Открытка 155,https://otkrytki.top/wp-content/uploads/2023/07/155_otkrytka.jpg.webp
Открытка 158,https://otkrytki.top/wp-content/uploads/2023/07/158_otkrytka.jpg.webp
Открытка 142,https://otkrytki.top/wp-content/uploads/2023/07/142_otkrytka.jpg.webp
Открытка 138,https://otkrytki.top/wp-content/uploads/2023/07/138_otkrytka.jpg.webp
Открытка 133,https://otkrytki.top/wp-content/uploads/2023/07/133_otkrytka.jpg.webp
Открытка 104,https://otkrytki.top/wp-content/uploads/2023/06/104_otkrytka.jpg.webp
Открытка 100,https://otkrytki.top/wp-content/uploads/2023/06/100_otkrytka.jpg.webp
Открытка 103,https://otkrytki.top/wp-content/uploads/2023/06/103_otkrytka.jpg.webp
Открытка Твой торт с каждым годом горит всё ярче,https://otkrytki.top/wp-content/uploads/2023/06/95_otkrytka.jpg.webp
Открытка 97,https://otkrytki.top/wp-content/uploads/2023/06/97_otkrytka_01.jpg.webp
(открытка 91),https://otkrytki.top/wp-content/uploads/2023/06/91_otkrytka.jpg.webp
Открытка 98,https://otkrytki.top/wp-content/uploads/2023/06/98_otkrytka.jpg.webp
Открытка 94,https://otkrytki.top/wp-content/uploads/2023/06/94_otkrytka.jpg.webp
Открытка 61,https://otkrytki.top/wp-content/uploads/2023/06/61_otkrytka.jpg.webp
Открытка 53,https://otkrytki.top/wp-content/uploads/2023/06/53_otkrytka.jpg.webp
Открытка 52,https://otkrytki.top/wp-content/uploads/2023/06/52_otkrytka.jpg.webp
Открытка 58,https://otkrytki.top/wp-content/uploads/2023/06/58_otkrytka.jpg.webp
Открытка 22,https://otkrytki.top/wp-content/uploads/2023/05/22_otkrytka.jpg.webp
Открытка 23,https://otkrytki.top/wp-content/uploads/2023/05/23_otkrytka.jpg.webp
Открытка с кроликом и цветами выходи гулять 3464,https://otkrytki.top/wp-content/uploads/2025/09/otkrytka-3464.jpg.webp
Открытка с котиком и розой  для любимой 3454,https://otkrytki.top/wp-content/uploads/2025/09/otkrytka-3454.jpg.webp
Открытка Привет тебе 1575,https://otkrytki.top/wp-content/uploads/2024/05/otkrytka-1575.gif
Прикольная открытка женщине 1419,https://otkrytki.top/wp-content/uploads/2024/04/otkrytka-1419.jpg.webp
Открытка 1236,https://otkrytki.top/wp-content/uploads/2024/03/otkrytka-1236.jpg.webp
Открытка 1217,https://otkrytki.top/wp-content/uploads/2024/02/otkrytka-1217.jpg.webp
Открытка 1121,https://otkrytki.top/wp-content/uploads/2024/01/otkrytka-1121.jpg.webp
Открытка 972,https://otkrytki.top/wp-content/uploads/2023/12/otkrytka-972.jpg.webp
Открытка 926,https://otkrytki.top/wp-content/uploads/2023/12/otkrytka-926.jpg.webp
Открытка 826,https://otkrytki.top/wp-content/uploads/2023/12/otkrytka-826.jpg.webp
Открытка 804,https://otkrytki.top/wp-content/uploads/2023/11/otkrytka-804.jpg.webp
Открытка 774,https://otkrytki.top/wp-content/uploads/2023/11/otkrytka-774.jpg.webp
Открытка 736,https://otkrytki.top/wp-content/uploads/2023/11/otkrytka-736.jpg.webp
Открытка 763,https://otkrytki.top/wp-content/uploads/2023/11/otkrytka-763.jpg.webp
Открытка 702,https://otkrytki.top/wp-content/uploads/2023/11/otkrytka-702.jpg.webp
Открытка 758,https://otkrytki.top/wp-content/uploads/2023/11/otkrytka-758.jpg.webp
Открытка 757,https://otkrytki.top/wp-content/uploads/2023/11/otkrytka-757.jpg.webp
Открытка 753,https://otkrytki.top/wp-content/uploads/2023/11/otkrytka-753.jpg.webp
Открытка 756,https://otkrytki.top/wp-content/uploads/2023/11/otkrytka-756.jpg.webp
Открытка 636,https://otkrytki.top/wp-content/uploads/2023/10/otkrytka-636.jpg.webp
Открытка 631,https://otkrytki.top/wp-content/uploads/2023/10/otkrytka-631.jpg.webp
Открытка 582,https://otkrytki.top/wp-content/uploads/2023/10/otkrytka-582.jpg.webp
Открытка 578,https://otkrytki.top/wp-content/uploads/2023/10/otkrytka-578.jpg.webp
Открытка 401,https://otkrytki.top/wp-content/uploads/2023/08/401_otkrytka.gif
Открытка 400,https://otkrytki.top/wp-content/uploads/2023/08/400_otkrytka.gif
Открытка 409,https://otkrytki.top/wp-content/uploads/2023/08/409_otkrytka.jpg.webp
Открытка 332,https://otkrytki.top/wp-content/uploads/2023/08/332_otkrytka.jpg.webp
Открытка 336,https://otkrytki.top/wp-content/uploads/2023/08/336_otkrytka.jpg.webp
Открытка 330,https://otkrytki.top/wp-content/uploads/2023/08/330_otkrytka.jpg.webp
"Открытка Зай, ругаться будем? 4599",https://otkrytki.top/wp-content/uploads/2026/09/otkrytka-4599.jpg.webp
Открытка женщине хороших снов 4362,https://otkrytki.top/wp-content/uploads/2026/07/otkrytka-4362.jpg.webp
Открытка спокойной ночи любимая  4365,https://otkrytki.top/wp-content/uploads/2026/07/otkrytka-4365.jpg.webp
Открытка Спокойной ночи женщине 4364,https://otkrytki.top/wp-content/uploads/2026/07/otkrytka-4364.jpg.webp
Открытка женщине спокойной ночи 4363,https://otkrytki.top/wp-content/uploads/2026/07/otkrytka-4363.jpg.webp
Открытка женщине дорой ночи 4360,https://otkrytki.top/wp-content/uploads/2026/07/otkrytka-4360.jpg.webp
Открытка спокойной ночи 4359,https://otkrytki.top/wp-content/uploads/2026/07/otkrytka-4359.jpg.webp
Открытка Спокойной ночи 4358,https://otkrytki.top/wp-content/uploads/2026/07/otkrytka-4358.jpg.webp
Открытка жене про друга 3692,https://otkrytki.top/wp-content/uploads/2025/12/otkrytka-3692.jpg.webp
Открытка с добрым утром любимой 3625,https://otkrytki.top/wp-content/uploads/2025/11/otkrytka-3625.jpg.webp
Открытка женщине с добрым утром 3613,https://otkrytki.top/wp-content/uploads/2025/11/otkrytka-3613.jpg.webp
Видео-открытка с котами Мы или не мы 3507,https://otkrytki.top/wp-content/uploads/2025/10/otkrytka-3507.jpg.webp
Открытка жене с собакой доброе утро 3486,https://otkrytki.top/wp-content/uploads/2025/10/otkrytka-3486.jpg.webp
Открытка с щенком доброе утро жене 3482,https://otkrytki.top/wp-content/uploads/2025/09/otkrytka-3482_2.jpg.webp
Открытка с котиком и розой  для любимой 3454,https://otkrytki.top/wp-content/uploads/2025/09/otkrytka-3454.jpg.webp
Открытка Как долго я тебя искала 3212,https://otkrytki.top/wp-content/uploads/2025/07/otkrytka-3212.jpg.webp
Открытка Люблю тебя 2735,https://otkrytki.top/wp-content/uploads/2025/03/otkrytka-2735.jpg.webp
Открытка для тебя 2734,https://otkrytki.top/wp-content/uploads/2025/03/otkrytka-2734.jpg.webp
Открытка Я тебя люблю 2670,https://otkrytki.top/wp-content/uploads/2025/03/otkrytka-2670.jpg.webp
Открытка люблю тебя 2648,https://otkrytki.top/wp-content/uploads/2025/03/otkrytka-2648.jpg.webp
Открытка 2576,https://otkrytki.top/wp-content/uploads/2025/02/otkrytka-2576.jpg.webp
Открытка с пожеланиями женщине 2123,https://otkrytki.top/wp-content/uploads/2024/10/otkrytka-2123.jpg.webp
Открытка доброй ночи мужу 2062,https://otkrytki.top/wp-content/uploads/2024/10/otkrytka-2062.jpg.webp
Открытка Привет тебе 1575,https://otkrytki.top/wp-content/uploads/2024/05/otkrytka-1575.gif
Открытка 1236,https://otkrytki.top/wp-content/uploads/2024/03/otkrytka-1236.jpg.webp
Открытка 1217,https://otkrytki.top/wp-content/uploads/2024/02/otkrytka-1217.jpg.webp
Открытка 1121,https://otkrytki.top/wp-content/uploads/2024/01/otkrytka-1121.jpg.webp
С Днем Влюбленных открытка 11,https://otkrytki.top/wp-content/uploads/2024/02/s-dnem-vlyublennyh-otkrytka-11.gif
Открытка 972,https://otkrytki.top/wp-content/uploads/2023/12/otkrytka-972.jpg.webp
Открытка 926,https://otkrytki.top/wp-content/uploads/2023/12/otkrytka-926.jpg.webp
Открытка 826,https://otkrytki.top/wp-content/uploads/2023/12/otkrytka-826.jpg.webp
Открытка 774,https://otkrytki.top/wp-content/uploads/2023/11/otkrytka-774.jpg.webp
Открытка 730,https://otkrytki.top/wp-content/uploads/2023/11/otkrytka-730.jpg.webp
Открытка 736,https://otkrytki.top/wp-content/uploads/2023/11/otkrytka-736.jpg.webp
Открытка 763,https://otkrytki.top/wp-content/uploads/2023/11/otkrytka-763.jpg.webp
Открытка 702,https://otkrytki.top/wp-content/uploads/2023/11/otkrytka-702.jpg.webp
Открытка 761,https://otkrytki.top/wp-content/uploads/2023/11/otkrytka-761.jpg.webp
Открытка 758,https://otkrytki.top/wp-content/uploads/2023/11/otkrytka-758.jpg.webp
Открытка 757,https://otkrytki.top/wp-content/uploads/2023/11/otkrytka-757.jpg.webp
Открытка 753,https://otkrytki.top/wp-content/uploads/2023/11/otkrytka-753.jpg.webp
Открытка 756,https://otkrytki.top/wp-content/uploads/2023/11/otkrytka-756.jpg.webp
Открытка 636,https://otkrytki.top/wp-content/uploads/2023/10/otkrytka-636.jpg.webp
Открытка женщине 4138,https://otkrytki.top/wp-content/uploads/2026/05/otkrytka-4138.jpg.webp
открытка маме 4045,https://otkrytki.top/wp-content/uploads/2026/04/otkrytka-4045.jpg.webp
Открытка маме от дочери 4009,https://otkrytki.top/wp-content/uploads/2026/03/otkrytka-4009.jpg.webp
открытка маме с признанием 4005,https://otkrytki.top/wp-content/uploads/2026/03/otkrytka-4005.jpg.webp
Открытка маме с 8 марта 40,https://otkrytki.top/wp-content/uploads/2025/03/otkrytka-8-marta-40.jpg.webp
Открытка с Днем матери 35,https://otkrytki.top/wp-content/uploads/2025/11/otkrytka-s-dnem-materi-35.jpg.webp
Картинка 3018 - Правила мамы,https://otkrytki.top/wp-content/uploads/2025/05/otkrytka-3018.jpg.webp
Открытка маме 1698,https://otkrytki.top/wp-content/uploads/2024/06/otkrytka-1698.jpg.webp
Открытка 1344,https://otkrytki.top/wp-content/uploads/2024/04/otkrytka-1344.jpg.webp
С 8 марта открытка 12,https://otkrytki.top/wp-content/uploads/2024/03/s-8-marta-otkrytka-12.jpg.webp
С 8 марта открытка 9,https://otkrytki.top/wp-content/uploads/2024/03/s-8-marta-otkrytka-9.jpg.webp
С 8 марта открытка 8,https://otkrytki.top/wp-content/uploads/2024/03/s-8-marta-otkrytka-8.jpg.webp
С 8 марта открытка 23,https://otkrytki.top/wp-content/uploads/2024/03/s-8-marta-otkrytka-23.jpg.webp
Открытка 1116,https://otkrytki.top/wp-content/uploads/2024/01/otkrytka-1116.jpg.webp
Открытка с Днем матери 17,https://otkrytki.top/wp-content/uploads/2023/11/otkrytka-s-dnem-materi-17.jpg.webp
Открытка 826,https://otkrytki.top/wp-content/uploads/2023/12/otkrytka-826.jpg.webp
Открытка маме 11,https://otkrytki.top/wp-content/uploads/2023/11/otkrytka-mame-11.jpg.webp
Открытка маме 9,https://otkrytki.top/wp-content/uploads/2023/11/otkrytka-mame-9.jpg.webp
Открытка маме 8,https://otkrytki.top/wp-content/uploads/2023/11/otkrytka-mame-8.jpg.webp
Открытка маме 6,https://otkrytki.top/wp-content/uploads/2023/11/otkrytka-mame-6.jpg.webp
Открытка маме 4,https://otkrytki.top/wp-content/uploads/2023/11/otkrytka-mame-4.jpeg.webp
Открытка маме 3,https://otkrytki.top/wp-content/uploads/2023/11/otkrytka-mame-3.jpg.webp
Открытка маме 7,https://otkrytki.top/wp-content/uploads/2023/11/otkrytka-mame-7.jpg.webp
Открытка маме 10,https://otkrytki.top/wp-content/uploads/2023/11/otkrytka-mame-10.jpg.webp
Открытка маме 5,https://otkrytki.top/wp-content/uploads/2023/11/otkrytka-mame-5.jpg.webp
Открытка с Днем матери 10,https://otkrytki.top/wp-content/uploads/2023/11/otkrytka-s-dnem-materi-10.jpg.webp
Открытка маме 2,https://otkrytki.top/wp-content/uploads/2023/11/otkrytka-mame-2.jpg.webp
Открытка маме 1,https://otkrytki.top/wp-content/uploads/2023/11/otkrytka-mame-1.gif
Открытка неси полусладкое 4404,https://otkrytki.top/wp-content/uploads/2026/07/otkrytka-4404.jpg.webp
Открытка женщине 4138,https://otkrytki.top/wp-content/uploads/2026/05/otkrytka-4138.jpg.webp
Картинка про подруг 4036,https://otkrytki.top/wp-content/uploads/2026/04/otkrytka-4036.jpg.webp
Открытка 3729,https://otkrytki.top/wp-content/uploads/2025/12/otkrytka-3729.jpg.webp
Открытка с розой для подруги 3724,https://otkrytki.top/wp-content/uploads/2025/12/otkrytka-3724.jpg.webp
Открытка женщине с добрым утром 3613,https://otkrytki.top/wp-content/uploads/2025/11/otkrytka-3613.jpg.webp
Открытка с черной собакой другу 3495,https://otkrytki.top/wp-content/uploads/2025/10/otkrytka-3495.jpg.webp
Открытка чего молчишь 3506,https://otkrytki.top/wp-content/uploads/2025/10/otkrytka-3506.jpg.webp
Открытка за нас красавицы 3301,https://otkrytki.top/wp-content/uploads/2025/08/otkrytka-3301.jpg.webp
Прикольная картинка про друзей 2452,https://otkrytki.top/wp-content/uploads/2025/01/otkrytka-2452.jpg.webp
Картинка про подруг 1967,https://otkrytki.top/wp-content/uploads/2024/09/otkrytka-1967.jpg.webp
Открытка подружкам 1699,https://otkrytki.top/wp-content/uploads/2024/06/otkrytka-1699.jpg.webp
Открытка подруге 1459,https://otkrytki.top/wp-content/uploads/2024/04/otkrytka-1459.jpg.webp
Открытка подруге 1357,https://otkrytki.top/wp-content/uploads/2024/04/otkrytka-1357.jpg.webp
Открытка 1336,https://otkrytki.top/wp-content/uploads/2024/04/otkrytka-1336.jpg.webp
Открытка 1236,https://otkrytki.top/wp-content/uploads/2024/03/otkrytka-1236.jpg.webp
Открытка 1219,https://otkrytki.top/wp-content/uploads/2024/02/otkrytka-1219.jpg.webp
Открытка 1217,https://otkrytki.top/wp-content/uploads/2024/02/otkrytka-1217.jpg.webp
Открытка 968,https://otkrytki.top/wp-content/uploads/2023/12/otkrytka-968.jpg.webp
Открытка 972,https://otkrytki.top/wp-content/uploads/2023/12/otkrytka-972.jpg.webp
Открытка 947,https://otkrytki.top/wp-content/uploads/2023/12/otkrytka-947.jpg.webp
Открытка 776,https://otkrytki.top/wp-content/uploads/2023/11/otkrytka-776.jpg.webp
Открытка 902,https://otkrytki.top/wp-content/uploads/2023/12/otkrytka-902.jpg.webp
Открытка 840,https://otkrytki.top/wp-content/uploads/2023/12/otkrytka-840.jpg.webp
Открытка 772,https://otkrytki.top/wp-content/uploads/2023/11/otkrytka-772.jpg.webp
Открытка 762,https://otkrytki.top/wp-content/uploads/2023/11/otkrytka-762.jpg.webp
Открытка 760,https://otkrytki.top/wp-content/uploads/2023/11/otkrytka-760.jpg.webp
Открытка 631,https://otkrytki.top/wp-content/uploads/2023/10/otkrytka-631.jpg.webp
Открытка 504,https://otkrytki.top/wp-content/uploads/2023/09/504_otkrytka.jpg.webp
Открытка 406,https://otkrytki.top/wp-content/uploads/2023/08/406_otkrytka.jpg.webp
Открытка 403,https://otkrytki.top/wp-content/uploads/2023/08/403_otkrytka.gif
Открытка 336,https://otkrytki.top/wp-content/uploads/2023/08/336_otkrytka.jpg.webp
Открытка 208,https://otkrytki.top/wp-content/uploads/2023/07/208_otkrytka.jpg.webp
Открытка 182,https://otkrytki.top/wp-content/uploads/2023/07/182_otkrytka.jpg.webp
Открытка 191,https://otkrytki.top/wp-content/uploads/2023/07/191_otkrytka.jpg.webp
Открытка 162,https://otkrytki.top/wp-content/uploads/2023/07/162_otkrytka.jpg.webp
Открытка 177,https://otkrytki.top/wp-content/uploads/2023/07/177_otkrytka.jpg.webp
Открытка 155,https://otkrytki.top/wp-content/uploads/2023/07/155_otkrytka.jpg.webp
Открытка 142,https://otkrytki.top/wp-content/uploads/2023/07/142_otkrytka.jpg.webp
Открытка 138,https://otkrytki.top/wp-content/uploads/2023/07/138_otkrytka.jpg.webp
Открытка 133,https://otkrytki.top/wp-content/uploads/2023/07/133_otkrytka.jpg.webp
Открытка 104,https://otkrytki.top/wp-content/uploads/2023/06/104_otkrytka.jpg.webp
Открытка 103,https://otkrytki.top/wp-content/uploads/2023/06/103_otkrytka.jpg.webp
Открытка 97,https://otkrytki.top/wp-content/uploads/2023/06/97_otkrytka_01.jpg.webp
(открытка 91),https://otkrytki.top/wp-content/uploads/2023/06/91_otkrytka.jpg.webp
Открытка 22,https://otkrytki.top/wp-content/uploads/2023/05/22_otkrytka.jpg.webp
Открытка 23,https://otkrytki.top/wp-content/uploads/2023/05/23_otkrytka.jpg.webp
"Открытка Зай, ругаться будем? 4599",https://otkrytki.top/wp-content/uploads/2026/09/otkrytka-4599.jpg.webp
Открытка мужчине от женщины 4551,https://otkrytki.top/wp-content/uploads/2026/08/otkrytka-4551.jpg.webp
Открытка мужу 4509,https://otkrytki.top/wp-content/uploads/2026/08/otkrytka-4509.jpg.webp
Открытка Ты слаще персика 4484,https://otkrytki.top/wp-content/uploads/2026/08/otkrytka-4484.jpg.webp
Открытка мужчине 4429,https://otkrytki.top/wp-content/uploads/2026/07/otkrytka-4429.jpg.webp
Открытка ты моё всё  4483,https://otkrytki.top/wp-content/uploads/2026/08/otkrytka-4483.jpg.webp
Открытка с планами на субботу 4466,https://otkrytki.top/wp-content/uploads/2026/08/otkrytka-4466.jpg.webp
Открытка мужчине 4428,https://otkrytki.top/wp-content/uploads/2026/07/otkrytka-4428.jpg.webp
Открытка любимому человеку 4444,https://otkrytki.top/wp-content/uploads/2026/07/otkrytka-4444.jpg.webp
Открытка Доброе утро 4397,https://otkrytki.top/wp-content/uploads/2026/07/otkrytka-4397.jpg.webp
Открытка неси полусладкое 4404,https://otkrytki.top/wp-content/uploads/2026/07/otkrytka-4404.jpg.webp
"Открытка Спокойной ночи, любимый 4367",https://otkrytki.top/wp-content/uploads/2026/07/otkrytka-4367.jpg.webp
Открытка спокойной ночи мужчине 4366,https://otkrytki.top/wp-content/uploads/2026/07/otkrytka-4366.jpg.webp
Открытка спокойной ночи любимому 4361,https://otkrytki.top/wp-content/uploads/2026/07/otkrytka-4361.jpg.webp
Открытка Спокойной ночи 4357,https://otkrytki.top/wp-content/uploads/2026/07/otkrytka-4357.jpg.webp
Открытка спокойной ночи 4356,https://otkrytki.top/wp-content/uploads/2026/07/otkrytka-4356.jpg.webp
Открытка Доброй ночи влюбленным 4259,https://otkrytki.top/wp-content/uploads/2026/06/otkrytka-4259.jpg.webp
Открытка мужу 4292,https://otkrytki.top/wp-content/uploads/2026/06/otkrytka-4292.jpg.webp
Открытка Люблю тебя 4227,https://otkrytki.top/wp-content/uploads/2026/05/otkrytka-4227.jpg.webp
Открытка с котом доброе утро 4222,https://otkrytki.top/wp-content/uploads/2026/05/otkrytka-4222.jpg.webp
Открытка Ты моя вселенная 4152,https://otkrytki.top/wp-content/uploads/2026/05/otkrytka-4152.jpg.webp
открытка любимому человеку 4061,https://otkrytki.top/wp-content/uploads/2026/04/otkrytka-4061.jpg.webp
открытка ты волнуешь меня  4058,https://otkrytki.top/wp-content/uploads/2026/04/otkrytka-4058.jpg.webp
открытка мужчине с признанием и мишками 4025,https://otkrytki.top/wp-content/uploads/2026/03/otkrytka-4025.jpg.webp
открытка Как прошло свидание 4019,https://otkrytki.top/wp-content/uploads/2026/03/otkrytka-4019.jpg.webp
Открытка Люблю тебя 4026,https://otkrytki.top/wp-content/uploads/2026/03/otkrytka-4026.jpg.webp
Видео-открытка люблю тебя с котиками 3960,https://otkrytki.top/wp-content/uploads/2026/03/otkrytka-3960.png.webp
Открытка про любовь 3948,https://otkrytki.top/wp-content/uploads/2026/03/otkrytka-3948.jpg.webp
Открытка Люблю твою улыбку 3926,https://otkrytki.top/wp-content/uploads/2026/03/otkrytka-3926.jpg.webp
Открытка Хочу быть с тобой3933,https://otkrytki.top/wp-content/uploads/2026/03/otkrytka-3933.jpg.webp
Открытка Не дай завять помидорам 3927,https://otkrytki.top/wp-content/uploads/2026/03/otkrytka-3927.jpg.webp
Открытка Каждая булочка заслуживает любви 3925,https://otkrytki.top/wp-content/uploads/2026/03/otkrytka-3925.jpg.webp
Открытка Доброе утро Мир прекрасен по есть ты 3805,https://otkrytki.top/wp-content/uploads/2026/01/otkrytka-3805.jpg.webp
Открытка 3729,https://otkrytki.top/wp-content/uploads/2025/12/otkrytka-3729.jpg.webp
Открытка 3749,https://otkrytki.top/wp-content/uploads/2025/12/otkrytka-3749.jpg.webp
Открытка с Добрым зимним утром 3754,https://otkrytki.top/wp-content/uploads/2025/12/otkrytka-3754.jpg.webp
"Открытка С Добрым утром, мой тёплый 3751",https://otkrytki.top/wp-content/uploads/2025/12/otkrytka-3751.jpg.webp
Открытка 3731,https://otkrytki.top/wp-content/uploads/2025/12/otkrytka-3731.jpg.webp
Прикольная открытка спокойной ночи 3732,https://otkrytki.top/wp-content/uploads/2025/12/otkrytka-3732.jpg.webp
Открытка жене про друга 3692,https://otkrytki.top/wp-content/uploads/2025/12/otkrytka-3692.jpg.webp
Открытка для мужчины удачного дня 3647,https://otkrytki.top/wp-content/uploads/2025/11/otkrytka-3647.jpg.webp
Милая открытка мужчине 3650,https://otkrytki.top/wp-content/uploads/2025/11/otkrytka-3650.jpg.webp
Открытка целую тебя далеко 3648,https://otkrytki.top/wp-content/uploads/2025/11/otkrytka-3648.jpg.webp
Открытка Привет с зайчиком 3630,https://otkrytki.top/wp-content/uploads/2025/11/otkrytka-3630.jpg.webp
Открытка утро начинается с меня 3612,https://otkrytki.top/wp-content/uploads/2025/11/otkrytka-3612.jpg.webp
Открытка Тому кого люблю 3579,https://otkrytki.top/wp-content/uploads/2025/11/otkrytka-3579.jpg.webp
Открытка удачного дня 3577,https://otkrytki.top/wp-content/uploads/2025/11/otkrytka-3577.jpg.webp
Открытка доброе утро мужчине 3581,https://otkrytki.top/wp-content/uploads/2025/11/otkrytka-3581.jpg.webp
Открытка с лягушкой доброе утро 3547,https://otkrytki.top/wp-content/uploads/2025/10/otkrytka-3547.jpg.webp
Картинка про тренировку 3556,https://otkrytki.top/wp-content/uploads/2025/10/otkrytka-3556.jpg.webp
Открытка тому кто дорог 3538,https://otkrytki.top/wp-content/uploads/2025/10/otkrytka-3538.jpg.webp
Видео-открытка Доброе утро любимый 3508,https://otkrytki.top/wp-content/uploads/2025/10/otkrytka-3508.jpg.webp
Открытка любимому мужу 3527,https://otkrytki.top/wp-content/uploads/2025/10/otkrytka-3527.jpg.webp
Открытка с девушкой Спасибо 3529,https://otkrytki.top/wp-content/uploads/2025/10/otkrytka-3529.jpg.webp
Видео-открытка с котами Мы или не мы 3507,https://otkrytki.top/wp-content/uploads/2025/10/otkrytka-3507.jpg.webp
Открытка с черной собакой другу 3495,https://otkrytki.top/wp-content/uploads/2025/10/otkrytka-3495.jpg.webp
Открытка чего молчишь 3506,https://otkrytki.top/wp-content/uploads/2025/10/otkrytka-3506.jpg.webp
Открытка не зли меня 3498,https://otkrytki.top/wp-content/uploads/2025/10/otkrytka-3498.jpg.webp
Открытка с поцелуями от зайчика 3457,https://otkrytki.top/wp-content/uploads/2025/09/otkrytka-3457.jpg.webp
Прикольная открытка спасибо 3445,https://otkrytki.top/wp-content/uploads/2025/09/otkrytka-3445.jpg.webp
Открытка с милым зайчиком I love You 3425,https://otkrytki.top/wp-content/uploads/2025/09/otkrytka-3425.jpg.webp
Открытка с котиком и сердцами люблю тебя 3395,https://otkrytki.top/wp-content/uploads/2025/09/otkrytka-3395.jpg.webp
Открытка Выпей кофе или чай 3316,https://otkrytki.top/wp-content/uploads/2025/08/otkrytka-3316.jpg.webp
Открытка Как долго я тебя искала 3212,https://otkrytki.top/wp-content/uploads/2025/07/otkrytka-3212.jpg.webp
Открытка мужчине с пожеланием 3221,https://otkrytki.top/wp-content/uploads/2025/07/otkrytka-3221.jpg.webp
Открытка моему зайке,https://otkrytki.top/wp-content/uploads/2025/07/otkrytka-3131.jpg.webp
Открытка Хороших выходных 3086,https://otkrytki.top/wp-content/uploads/2025/06/otkrytka-3086.jpg.webp
Картинка 3020 - Правила гаража,https://otkrytki.top/wp-content/uploads/2025/05/otkrytka-3020.jpg.webp
Открытка 3016 - Папа ты мой №1 настоящий мужчина,https://otkrytki.top/wp-content/uploads/2025/05/otkrytka-3016.jpg.webp
"Открытка Папа, ты самый лучший мужчина в этом мире 3014",https://otkrytki.top/wp-content/uploads/2025/05/otkrytka-3014.jpg.webp
Открытка мужчине с вопросом 2914,https://otkrytki.top/wp-content/uploads/2025/05/otkrytka-2914.jpg.webp
Открытка где ты? 2913,https://otkrytki.top/wp-content/uploads/2025/05/otkrytka-2913.jpg.webp
Открытка Дай поцелую 2935,https://otkrytki.top/wp-content/uploads/2025/05/otkrytka-2935.jpg.webp
Открытка Я тебя люблю 2841,https://otkrytki.top/wp-content/uploads/2025/04/otkrytka-2841.jpg.webp
Открытка люблю тебя 2805,https://otkrytki.top/wp-content/uploads/2025/04/otkrytka-2805.gif
Открытка Я тебя люблю 2738,https://otkrytki.top/wp-content/uploads/2025/03/otkrytka-2738.jpg.webp
Открытка Люблю тебя 2735,https://otkrytki.top/wp-content/uploads/2025/03/otkrytka-2735.jpg.webp
Открытка для тебя 2734,https://otkrytki.top/wp-content/uploads/2025/03/otkrytka-2734.jpg.webp
Открытка Я тебя люблю 2670,https://otkrytki.top/wp-content/uploads/2025/03/otkrytka-2670.jpg.webp
Открытка 2668,https://otkrytki.top/wp-content/uploads/2025/03/otkrytka-2668.jpg.webp
Открытка 2684,https://otkrytki.top/wp-content/uploads/2025/03/otkrytka-2684.jpg.webp
Открытка Скучаю 2683,https://otkrytki.top/wp-content/uploads/2025/03/otkrytka-2683.jpg.webp
Открытка люблю тебя 2666,https://otkrytki.top/wp-content/uploads/2025/03/otkrytka-2666.jpg.webp
Смешная картинка про женщину 2665,https://otkrytki.top/wp-content/uploads/2025/03/otkrytka-2665.jpg.webp
Открытка люблю тебя 2648,https://otkrytki.top/wp-content/uploads/2025/03/otkrytka-2648.jpg.webp
Открытка люблю тебя  2671,https://otkrytki.top/wp-content/uploads/2025/03/otkrytka-2671.jpg.webp
Открытка 2609,https://otkrytki.top/wp-content/uploads/2025/02/otkrytka-2609.jpg.webp
Открытка 2576,https://otkrytki.top/wp-content/uploads/2025/02/otkrytka-2576.jpg.webp
Открытка 2565,https://otkrytki.top/wp-content/uploads/2025/02/otkrytka-2565.jpg.webp
Открытка королю 2527,https://otkrytki.top/wp-content/uploads/2025/02/otkrytka-2527.jpg.webp
Открытка сыну 2519,https://otkrytki.top/wp-content/uploads/2025/02/otkrytka-2519.jpg.webp
Открытка 2516,https://otkrytki.top/wp-content/uploads/2025/02/otkrytka-2516.jpg.webp
С Днем Влюбленных открытка 23,https://otkrytki.top/wp-content/uploads/2025/01/s-dnem-vlyublennyh-otkrytka-23.jpg.webp
С Днем Влюбленных открытка 22,https://otkrytki.top/wp-content/uploads/2025/01/s-dnem-vlyublennyh-otkrytka-22.jpg.webp
Открытка мур-мур 2462,https://otkrytki.top/wp-content/uploads/2025/01/otkrytka-2462.jpg.webp
Открытка про любовь 2481,https://otkrytki.top/wp-content/uploads/2025/01/otkrytka-2481.jpg.webp
Открытка тебе 2467,https://otkrytki.top/wp-content/uploads/2025/01/otkrytka-2467.jpg.webp
Открытка про любовь 2450,https://otkrytki.top/wp-content/uploads/2025/01/otkrytka-2450.jpg.webp
Открытка люблю тебя 2444,https://otkrytki.top/wp-content/uploads/2025/01/otkrytka-2444.jpg.webp
Прикольная картинка про друзей 2452,https://otkrytki.top/wp-content/uploads/2025/01/otkrytka-2452.jpg.webp
Открытка скучаю 2393,https://otkrytki.top/wp-content/uploads/2024/12/otkrytka-2393.jpg.webp
Открытка целую 2398,https://otkrytki.top/wp-content/uploads/2024/12/otkrytka-2398.jpg.webp
С Новым Годом открытка 52,https://otkrytki.top/wp-content/uploads/2024/12/s-novym-godom-otkrytka-52.jpg.webp
Открытка нескучной ночи 1410,https://otkrytki.top/wp-content/uploads/2024/04/otkrytka-1410.jpg.webp
Открытка люблю 2356,https://otkrytki.top/wp-content/uploads/2024/12/otkrytka-2356.jpg.webp
открытка 2273,https://otkrytki.top/wp-content/uploads/2024/11/otkrytka-2273.jpg.webp
открытка спокойных снов 2284,https://otkrytki.top/wp-content/uploads/2024/11/otkrytka-2284.jpg.webp
открытка 2261,https://otkrytki.top/wp-content/uploads/2024/11/otkrytka-2261.jpg.webp
Открытка с днем рождения 2188,https://otkrytki.top/wp-content/uploads/2024/11/otkrytka-2188.jpg.webp
Открытка здравия желаю 2108,https://otkrytki.top/wp-content/uploads/2024/10/otkrytka-2108.jpg.webp
Открытка улыбнись 2085,https://otkrytki.top/wp-content/uploads/2024/10/otkrytka-2085.jpg.webp
Открытка доброй ночи мужу 2062,https://otkrytki.top/wp-content/uploads/2024/10/otkrytka-2062.jpg.webp
открытка мужу с днем свадьбы 1962,https://otkrytki.top/wp-content/uploads/2024/09/otkrytka-1962.jpg.webp
Открытка начальнику 1950,https://otkrytki.top/wp-content/uploads/2024/09/otkrytka-1950.jpg.webp
Открытка 1861_1,https://otkrytki.top/wp-content/uploads/2024/08/otkrytka-1861_1.jpg.webp
Открытка доброе утро любимому 1696,https://otkrytki.top/wp-content/uploads/2024/06/otkrytka-1696.jpg.webp
Смешная картинка про женщин 1490,https://otkrytki.top/wp-content/uploads/2024/04/otkrytka-1490.jpg.webp
День братьев и сестер открытка 3,https://otkrytki.top/wp-content/uploads/2024/04/den-bratev-i-sester-otkrytka-3.jpg.webp
Открытка мужу 1322,https://otkrytki.top/wp-content/uploads/2024/03/otkrytka-1322.jpg.webp
Открытка 1219,https://otkrytki.top/wp-content/uploads/2024/02/otkrytka-1219.jpg.webp
Открытка 1229,https://otkrytki.top/wp-content/uploads/2024/02/otkrytka-1229.jpg.webp
Открытка 1149,https://otkrytki.top/wp-content/uploads/2024/02/otkrytka-1149.jpg.webp
Открытка 1189,https://otkrytki.top/wp-content/uploads/2024/02/otkrytka-1189.gif
Открытка 1121,https://otkrytki.top/wp-content/uploads/2024/01/otkrytka-1121.jpg.webp
С Днем Влюбленных открытка 16,https://otkrytki.top/wp-content/uploads/2024/02/s-dnem-vlyublennyh-otkrytka-16.jpg.webp
Открытка 1184,https://otkrytki.top/wp-content/uploads/2024/02/otkrytka-1184.gif
С Днем Влюбленных открытка 11,https://otkrytki.top/wp-content/uploads/2024/02/s-dnem-vlyublennyh-otkrytka-11.gif
Открытка 928,https://otkrytki.top/wp-content/uploads/2023/12/otkrytka-928.jpg.webp
Открытка 926,https://otkrytki.top/wp-content/uploads/2023/12/otkrytka-926.jpg.webp
Открытка 776,https://otkrytki.top/wp-content/uploads/2023/11/otkrytka-776.jpg.webp
Открытка 883,https://otkrytki.top/wp-content/uploads/2023/12/otkrytka-883.jpg.webp
Открытка 840,https://otkrytki.top/wp-content/uploads/2023/12/otkrytka-840.jpg.webp
Открытка 826,https://otkrytki.top/wp-content/uploads/2023/12/otkrytka-826.jpg.webp
Открытка 774,https://otkrytki.top/wp-content/uploads/2023/11/otkrytka-774.jpg.webp
Открытка 772,https://otkrytki.top/wp-content/uploads/2023/11/otkrytka-772.jpg.webp
Открытка 736,https://otkrytki.top/wp-content/uploads/2023/11/otkrytka-736.jpg.webp
Открытка 763,https://otkrytki.top/wp-content/uploads/2023/11/otkrytka-763.jpg.webp
Открытка 762,https://otkrytki.top/wp-content/uploads/2023/11/otkrytka-762.jpg.webp
Открытка 702,https://otkrytki.top/wp-content/uploads/2023/11/otkrytka-702.jpg.webp
Открытка 760,https://otkrytki.top/wp-content/uploads/2023/11/otkrytka-760.jpg.webp
Открытка 758,https://otkrytki.top/wp-content/uploads/2023/11/otkrytka-758.jpg.webp
Открытка 757,https://otkrytki.top/wp-content/uploads/2023/11/otkrytka-757.jpg.webp
Открытка 754,https://otkrytki.top/wp-content/uploads/2023/11/otkrytka-754.jpg.webp
Открытка 753,https://otkrytki.top/wp-content/uploads/2023/11/otkrytka-753.jpg.webp
Открытка 756,https://otkrytki.top/wp-content/uploads/2023/11/otkrytka-756.jpg.webp
Открытка 578,https://otkrytki.top/wp-content/uploads/2023/10/otkrytka-578.jpg.webp
Открытка 532,https://otkrytki.top/wp-content/uploads/2023/09/532_otkrytka.jpg.webp
Открытка 504,https://otkrytki.top/wp-content/uploads/2023/09/504_otkrytka.jpg.webp
Открытка 453,https://otkrytki.top/wp-content/uploads/2023/09/453_otkrytka.jpg.webp
Открытка 406,https://otkrytki.top/wp-content/uploads/2023/08/406_otkrytka.jpg.webp
Открытка 403,https://otkrytki.top/wp-content/uploads/2023/08/403_otkrytka.gif
Открытка 402,https://otkrytki.top/wp-content/uploads/2023/08/402_otkrytka.gif
Открытка 401,https://otkrytki.top/wp-content/uploads/2023/08/401_otkrytka.gif
Открытка 400,https://otkrytki.top/wp-content/uploads/2023/08/400_otkrytka.gif
Открытка 409,https://otkrytki.top/wp-content/uploads/2023/08/409_otkrytka.jpg.webp
Открытка 299,https://otkrytki.top/wp-content/uploads/2023/08/299_otkrytka.jpg.webp
Открытка 219,https://otkrytki.top/wp-content/uploads/2023/07/219_otkrytka.jpg.webp
Открытка 218,https://otkrytki.top/wp-content/uploads/2023/07/218_otkrytka.jpg.webp
Открытка 208,https://otkrytki.top/wp-content/uploads/2023/07/208_otkrytka.jpg.webp
Открытка 191,https://otkrytki.top/wp-content/uploads/2023/07/191_otkrytka.jpg.webp
Открытка 161,https://otkrytki.top/wp-content/uploads/2023/07/161_otkrytka.jpg.webp
Открытка 178,https://otkrytki.top/wp-content/uploads/2023/07/178_otkrytka.jpg.webp
Открытка 158,https://otkrytki.top/wp-content/uploads/2023/07/158_otkrytka.jpg.webp
Открытка 144,https://otkrytki.top/wp-content/uploads/2023/07/144_otkrytka.jpg.webp
Открытка 133,https://otkrytki.top/wp-content/uploads/2023/07/133_otkrytka.jpg.webp
Открытка 104,https://otkrytki.top/wp-content/uploads/2023/06/104_otkrytka.jpg.webp
Открытка 99,https://otkrytki.top/wp-content/uploads/2023/06/99_otkrytka.jpg.webp
Открытка 103,https://otkrytki.top/wp-content/uploads/2023/06/103_otkrytka.jpg.webp
Открытка 97,https://otkrytki.top/wp-content/uploads/2023/06/97_otkrytka_01.jpg.webp
(открытка 91),https://otkrytki.top/wp-content/uploads/2023/06/91_otkrytka.jpg.webp
Открытка 98,https://otkrytki.top/wp-content/uploads/2023/06/98_otkrytka.jpg.webp
Открытка 61,https://otkrytki.top/wp-content/uploads/2023/06/61_otkrytka.jpg.webp
Открытка 48,https://otkrytki.top/wp-content/uploads/2023/06/48_otkrytka.jpg.webp
Открытка 46,https://otkrytki.top/wp-content/uploads/2023/06/46_otkrytka.jpg.webp
Открытка 22,https://otkrytki.top/wp-content/uploads/2023/05/22_otkrytka.jpg.webp
Открытка 17,https://otkrytki.top/wp-content/uploads/2023/05/17_otkrytka.jpg.webp
"Открытка Зай, ругаться будем? 4599",https://otkrytki.top/wp-content/uploads/2026/09/otkrytka-4599.jpg.webp
Открытка мужу 4509,https://otkrytki.top/wp-content/uploads/2026/08/otkrytka-4509.jpg.webp
"Открытка Спокойной ночи, любимый 4367",https://otkrytki.top/wp-content/uploads/2026/07/otkrytka-4367.jpg.webp
Открытка спокойной ночи мужчине 4366,https://otkrytki.top/wp-content/uploads/2026/07/otkrytka-4366.jpg.webp
Открытка спокойной ночи любимому 4361,https://otkrytki.top/wp-content/uploads/2026/07/otkrytka-4361.jpg.webp
Открытка Спокойной ночи 4357,https://otkrytki.top/wp-content/uploads/2026/07/otkrytka-4357.jpg.webp
Открытка спокойной ночи 4356,https://otkrytki.top/wp-content/uploads/2026/07/otkrytka-4356.jpg.webp
Открытка мужу 4292,https://otkrytki.top/wp-content/uploads/2026/06/otkrytka-4292.jpg.webp
открытка мужчине с признанием и мишками 4025,https://otkrytki.top/wp-content/uploads/2026/03/otkrytka-4025.jpg.webp
Видео-открытка люблю тебя с котиками 3960,https://otkrytki.top/wp-content/uploads/2026/03/otkrytka-3960.png.webp
Открытка 3731,https://otkrytki.top/wp-content/uploads/2025/12/otkrytka-3731.jpg.webp
Открытка для мужчины удачного дня 3647,https://otkrytki.top/wp-content/uploads/2025/11/otkrytka-3647.jpg.webp
Открытка утро начинается с меня 3612,https://otkrytki.top/wp-content/uploads/2025/11/otkrytka-3612.jpg.webp
Видео-открытка Доброе утро любимый 3508,https://otkrytki.top/wp-content/uploads/2025/10/otkrytka-3508.jpg.webp
Открытка любимому мужу 3527,https://otkrytki.top/wp-content/uploads/2025/10/otkrytka-3527.jpg.webp
Видео-открытка с котами Мы или не мы 3507,https://otkrytki.top/wp-content/uploads/2025/10/otkrytka-3507.jpg.webp
Открытка чего молчишь 3506,https://otkrytki.top/wp-content/uploads/2025/10/otkrytka-3506.jpg.webp
Открытка не зли меня 3498,https://otkrytki.top/wp-content/uploads/2025/10/otkrytka-3498.jpg.webp
Открытка Как долго я тебя искала 3212,https://otkrytki.top/wp-content/uploads/2025/07/otkrytka-3212.jpg.webp
Открытка моему зайке,https://otkrytki.top/wp-content/uploads/2025/07/otkrytka-3131.jpg.webp
Открытка мужчине с вопросом 2914,https://otkrytki.top/wp-content/uploads/2025/05/otkrytka-2914.jpg.webp
Открытка где ты? 2913,https://otkrytki.top/wp-content/uploads/2025/05/otkrytka-2913.jpg.webp
Открытка люблю тебя 2805,https://otkrytki.top/wp-content/uploads/2025/04/otkrytka-2805.gif
Открытка Я тебя люблю 2738,https://otkrytki.top/wp-content/uploads/2025/03/otkrytka-2738.jpg.webp
Открытка Люблю тебя 2735,https://otkrytki.top/wp-content/uploads/2025/03/otkrytka-2735.jpg.webp
Открытка для тебя 2734,https://otkrytki.top/wp-content/uploads/2025/03/otkrytka-2734.jpg.webp
Открытка Я тебя люблю 2670,https://otkrytki.top/wp-content/uploads/2025/03/otkrytka-2670.jpg.webp
Открытка 2684,https://otkrytki.top/wp-content/uploads/2025/03/otkrytka-2684.jpg.webp
Открытка Скучаю 2683,https://otkrytki.top/wp-content/uploads/2025/03/otkrytka-2683.jpg.webp
Смешная картинка про женщину 2665,https://otkrytki.top/wp-content/uploads/2025/03/otkrytka-2665.jpg.webp
Открытка люблю тебя 2648,https://otkrytki.top/wp-content/uploads/2025/03/otkrytka-2648.jpg.webp
Открытка люблю тебя  2671,https://otkrytki.top/wp-content/uploads/2025/03/otkrytka-2671.jpg.webp
Открытка 2576,https://otkrytki.top/wp-content/uploads/2025/02/otkrytka-2576.jpg.webp
Открытка 2565,https://otkrytki.top/wp-content/uploads/2025/02/otkrytka-2565.jpg.webp
Открытка 2516,https://otkrytki.top/wp-content/uploads/2025/02/otkrytka-2516.jpg.webp
С Днем Влюбленных открытка 23,https://otkrytki.top/wp-content/uploads/2025/01/s-dnem-vlyublennyh-otkrytka-23.jpg.webp
С Днем Влюбленных открытка 22,https://otkrytki.top/wp-content/uploads/2025/01/s-dnem-vlyublennyh-otkrytka-22.jpg.webp
Открытка целую 2398,https://otkrytki.top/wp-content/uploads/2024/12/otkrytka-2398.jpg.webp
открытка 2273,https://otkrytki.top/wp-content/uploads/2024/11/otkrytka-2273.jpg.webp
открытка мужу с днем свадьбы 1962,https://otkrytki.top/wp-content/uploads/2024/09/otkrytka-1962.jpg.webp
Открытка 1861_1,https://otkrytki.top/wp-content/uploads/2024/08/otkrytka-1861_1.jpg.webp
Смешная картинка про женщин 1490,https://otkrytki.top/wp-content/uploads/2024/04/otkrytka-1490.jpg.webp
Открытка 1229,https://otkrytki.top/wp-content/uploads/2024/02/otkrytka-1229.jpg.webp
Открытка 1189,https://otkrytki.top/wp-content/uploads/2024/02/otkrytka-1189.gif
Открытка 1121,https://otkrytki.top/wp-content/uploads/2024/01/otkrytka-1121.jpg.webp
Открытка 1184,https://otkrytki.top/wp-content/uploads/2024/02/otkrytka-1184.gif
С Днем Влюбленных открытка 11,https://otkrytki.top/wp-content/uploads/2024/02/s-dnem-vlyublennyh-otkrytka-11.gif
Открытка 926,https://otkrytki.top/wp-content/uploads/2023/12/otkrytka-926.jpg.webp
Открытка 826,https://otkrytki.top/wp-content/uploads/2023/12/otkrytka-826.jpg.webp
Открытка 774,https://otkrytki.top/wp-content/uploads/2023/11/otkrytka-774.jpg.webp
Открытка 736,https://otkrytki.top/wp-content/uploads/2023/11/otkrytka-736.jpg.webp
Открытка 763,https://otkrytki.top/wp-content/uploads/2023/11/otkrytka-763.jpg.webp
Открытка 702,https://otkrytki.top/wp-content/uploads/2023/11/otkrytka-702.jpg.webp
Открытка 760,https://otkrytki.top/wp-content/uploads/2023/11/otkrytka-760.jpg.webp
Открытка 758,https://otkrytki.top/wp-content/uploads/2023/11/otkrytka-758.jpg.webp
Открытка 757,https://otkrytki.top/wp-content/uploads/2023/11/otkrytka-757.jpg.webp
Открытка 753,https://otkrytki.top/wp-content/uploads/2023/11/otkrytka-753.jpg.webp
Открытка 756,https://otkrytki.top/wp-content/uploads/2023/11/otkrytka-756.jpg.webp
Открытка 578,https://otkrytki.top/wp-content/uploads/2023/10/otkrytka-578.jpg.webp
Открытка 532,https://otkrytki.top/wp-content/uploads/2023/09/532_otkrytka.jpg.webp
Открытка 453,https://otkrytki.top/wp-content/uploads/2023/09/453_otkrytka.jpg.webp
Открытка 402,https://otkrytki.top/wp-content/uploads/2023/08/402_otkrytka.gif
Открытка 401,https://otkrytki.top/wp-content/uploads/2023/08/401_otkrytka.gif
Открытка 400,https://otkrytki.top/wp-content/uploads/2023/08/400_otkrytka.gif
Открытка 409,https://otkrytki.top/wp-content/uploads/2023/08/409_otkrytka.jpg.webp
Открытка 299,https://otkrytki.top/wp-content/uploads/2023/08/299_otkrytka.jpg.webp
Открытка 219,https://otkrytki.top/wp-content/uploads/2023/07/219_otkrytka.jpg.webp
Открытка 161,https://otkrytki.top/wp-content/uploads/2023/07/161_otkrytka.jpg.webp
Открытка 178,https://otkrytki.top/wp-content/uploads/2023/07/178_otkrytka.jpg.webp
Открытка 104,https://otkrytki.top/wp-content/uploads/2023/06/104_otkrytka.jpg.webp
Открытка 99,https://otkrytki.top/wp-content/uploads/2023/06/99_otkrytka.jpg.webp
Открытка 97,https://otkrytki.top/wp-content/uploads/2023/06/97_otkrytka_01.jpg.webp
Открытка 98,https://otkrytki.top/wp-content/uploads/2023/06/98_otkrytka.jpg.webp
Открытка 48,https://otkrytki.top/wp-content/uploads/2023/06/48_otkrytka.jpg.webp
Открытка 46,https://otkrytki.top/wp-content/uploads/2023/06/46_otkrytka.jpg.webp
Открытка 3729,https://otkrytki.top/wp-content/uploads/2025/12/otkrytka-3729.jpg.webp
Открытка с черной собакой другу 3495,https://otkrytki.top/wp-content/uploads/2025/10/otkrytka-3495.jpg.webp
Открытка Выпей кофе или чай 3316,https://otkrytki.top/wp-content/uploads/2025/08/otkrytka-3316.jpg.webp
Прикольная картинка про друзей 2452,https://otkrytki.top/wp-content/uploads/2025/01/otkrytka-2452.jpg.webp
Открытка 1219,https://otkrytki.top/wp-content/uploads/2024/02/otkrytka-1219.jpg.webp
Открытка 776,https://otkrytki.top/wp-content/uploads/2023/11/otkrytka-776.jpg.webp
Открытка 840,https://otkrytki.top/wp-content/uploads/2023/12/otkrytka-840.jpg.webp
Открытка 772,https://otkrytki.top/wp-content/uploads/2023/11/otkrytka-772.jpg.webp
Открытка 762,https://otkrytki.top/wp-content/uploads/2023/11/otkrytka-762.jpg.webp
Открытка 760,https://otkrytki.top/wp-content/uploads/2023/11/otkrytka-760.jpg.webp
Открытка 504,https://otkrytki.top/wp-content/uploads/2023/09/504_otkrytka.jpg.webp
Открытка 406,https://otkrytki.top/wp-content/uploads/2023/08/406_otkrytka.jpg.webp
Открытка 403,https://otkrytki.top/wp-content/uploads/2023/08/403_otkrytka.gif
Открытка 218,https://otkrytki.top/wp-content/uploads/2023/07/218_otkrytka.jpg.webp
Открытка 208,https://otkrytki.top/wp-content/uploads/2023/07/208_otkrytka.jpg.webp
Открытка 191,https://otkrytki.top/wp-content/uploads/2023/07/191_otkrytka.jpg.webp
Открытка 133,https://otkrytki.top/wp-content/uploads/2023/07/133_otkrytka.jpg.webp
(открытка 91),https://otkrytki.top/wp-content/uploads/2023/06/91_otkrytka.jpg.webp
Открытка 22,https://otkrytki.top/wp-content/uploads/2023/05/22_otkrytka.jpg.webp
Открытка 17,https://otkrytki.top/wp-content/uploads/2023/05/17_otkrytka.jpg.webp
Открытка ты моё всё  4483,https://otkrytki.top/wp-content/uploads/2026/08/otkrytka-4483.jpg.webp
Открытка любимому человеку 4444,https://otkrytki.top/wp-content/uploads/2026/07/otkrytka-4444.jpg.webp
Открытка Ты моя вселенная 4152,https://otkrytki.top/wp-content/uploads/2026/05/otkrytka-4152.jpg.webp
Открытка Ты мой цветочек 4162,https://otkrytki.top/wp-content/uploads/2026/05/otkrytka-4162.jpg.webp
открытка мужчине с признанием и мишками 4025,https://otkrytki.top/wp-content/uploads/2026/03/otkrytka-4025.jpg.webp
Открытка про любовь 3948,https://otkrytki.top/wp-content/uploads/2026/03/otkrytka-3948.jpg.webp
Картинка про лишний вес 3874,https://otkrytki.top/wp-content/uploads/2026/02/otkrytka-3874.jpg.webp
Открытка Тому кого люблю 3579,https://otkrytki.top/wp-content/uploads/2025/11/otkrytka-3579.jpg.webp
Открытка любимому мужу 3527,https://otkrytki.top/wp-content/uploads/2025/10/otkrytka-3527.jpg.webp
Открытка с милым зайчиком I love You 3425,https://otkrytki.top/wp-content/uploads/2025/09/otkrytka-3425.jpg.webp
Открытка с котиком и сердцами люблю тебя 3395,https://otkrytki.top/wp-content/uploads/2025/09/otkrytka-3395.jpg.webp
Открытка самый дорогой человек 2900,https://otkrytki.top/wp-content/uploads/2025/04/otkrytka-2900.jpg.webp
Открытка Я тебя люблю 2841,https://otkrytki.top/wp-content/uploads/2025/04/otkrytka-2841.jpg.webp
Открытка люблю тебя 2805,https://otkrytki.top/wp-content/uploads/2025/04/otkrytka-2805.gif
Открытка ты прекрасна 2788,https://otkrytki.top/wp-content/uploads/2025/03/otkrytka-2788.jpg.webp
Открытка Я тебя люблю 2670,https://otkrytki.top/wp-content/uploads/2025/03/otkrytka-2670.jpg.webp
Открытка 2629,https://otkrytki.top/wp-content/uploads/2025/02/otkrytka-2629.jpg.webp
Открытка люблю тебя 2666,https://otkrytki.top/wp-content/uploads/2025/03/otkrytka-2666.jpg.webp
Открытка люблю тебя 2648,https://otkrytki.top/wp-content/uploads/2025/03/otkrytka-2648.jpg.webp
Открытка люблю тебя  2671,https://otkrytki.top/wp-content/uploads/2025/03/otkrytka-2671.jpg.webp
Открытка люблю тебя 2444,https://otkrytki.top/wp-content/uploads/2025/01/otkrytka-2444.jpg.webp
Открытка люблю 2356,https://otkrytki.top/wp-content/uploads/2024/12/otkrytka-2356.jpg.webp
Открытка женщине 2328,https://otkrytki.top/wp-content/uploads/2024/12/otkrytka-2328.gif
Открытка я тебя люблю 2145,https://otkrytki.top/wp-content/uploads/2024/10/otkrytka-2145.jpg.webp
открытка обнимашки 1999,https://otkrytki.top/wp-content/uploads/2024/09/otkrytka-1999.jpg.webp
Открытка 1700,https://otkrytki.top/wp-content/uploads/2024/06/otkrytka-1700.jpg.webp
Открытка 1364,https://otkrytki.top/wp-content/uploads/2024/04/otkrytka-1364.jpg.webp
Открытка любимому 1354,https://otkrytki.top/wp-content/uploads/2024/04/otkrytka-1354.jpg.webp
Открытка ты чудо 1337,https://otkrytki.top/wp-content/uploads/2024/04/otkrytka-1337.jpg.webp
Открытка люблю тебя 1332,https://otkrytki.top/wp-content/uploads/2024/04/otkrytka-1332.jpg.webp
Открытка с признанием 1328,https://otkrytki.top/wp-content/uploads/2024/04/otkrytka-1328.jpg.webp
Открытка 1334,https://otkrytki.top/wp-content/uploads/2024/04/otkrytka-1334.jpg.webp
Открытка мужу 1322,https://otkrytki.top/wp-content/uploads/2024/03/otkrytka-1322.jpg.webp
Картинка про любовь 1319,https://otkrytki.top/wp-content/uploads/2024/03/otkrytka-1319.jpg.webp
Открытка 1189,https://otkrytki.top/wp-content/uploads/2024/02/otkrytka-1189.gif
Открытка 1143,https://otkrytki.top/wp-content/uploads/2024/02/otkrytka-1143.jpg.webp
Открытка 1121,https://otkrytki.top/wp-content/uploads/2024/01/otkrytka-1121.jpg.webp
С Днем Влюбленных открытка 16,https://otkrytki.top/wp-content/uploads/2024/02/s-dnem-vlyublennyh-otkrytka-16.jpg.webp
Открытка 1184,https://otkrytki.top/wp-content/uploads/2024/02/otkrytka-1184.gif
Открытка 1036,https://otkrytki.top/wp-content/uploads/2024/01/otkrytka-1036.jpg.webp
Открытка 928,https://otkrytki.top/wp-content/uploads/2023/12/otkrytka-928.jpg.webp
Открытка 926,https://otkrytki.top/wp-content/uploads/2023/12/otkrytka-926.jpg.webp
Открытка 774,https://otkrytki.top/wp-content/uploads/2023/11/otkrytka-774.jpg.webp
Открытка 736,https://otkrytki.top/wp-content/uploads/2023/11/otkrytka-736.jpg.webp
Открытка 763,https://otkrytki.top/wp-content/uploads/2023/11/otkrytka-763.jpg.webp
Открытка 758,https://otkrytki.top/wp-content/uploads/2023/11/otkrytka-758.jpg.webp
Открытка 757,https://otkrytki.top/wp-content/uploads/2023/11/otkrytka-757.jpg.webp
Открытка 753,https://otkrytki.top/wp-content/uploads/2023/11/otkrytka-753.jpg.webp
Открытка 756,https://otkrytki.top/wp-content/uploads/2023/11/otkrytka-756.jpg.webp
Открытка 578,https://otkrytki.top/wp-content/uploads/2023/10/otkrytka-578.jpg.webp
Открытка 453,https://otkrytki.top/wp-content/uploads/2023/09/453_otkrytka.jpg.webp
Открытка 402,https://otkrytki.top/wp-content/uploads/2023/08/402_otkrytka.gif
Открытка 401,https://otkrytki.top/wp-content/uploads/2023/08/401_otkrytka.gif
Открытка 409,https://otkrytki.top/wp-content/uploads/2023/08/409_otkrytka.jpg.webp
Открытка 332,https://otkrytki.top/wp-content/uploads/2023/08/332_otkrytka.jpg.webp
Открытка 330,https://otkrytki.top/wp-content/uploads/2023/08/330_otkrytka.jpg.webp
Открытка 219,https://otkrytki.top/wp-content/uploads/2023/07/219_otkrytka.jpg.webp
Открытка 161,https://otkrytki.top/wp-content/uploads/2023/07/161_otkrytka.jpg.webp
Открытка 158,https://otkrytki.top/wp-content/uploads/2023/07/158_otkrytka.jpg.webp
Открытка 126,https://otkrytki.top/wp-content/uploads/2023/07/126_otkrytka.jpg.webp
Открытка 107,https://otkrytki.top/wp-content/uploads/2023/07/107_otkrytka.jpg.webp
Открытка 104,https://otkrytki.top/wp-content/uploads/2023/06/104_otkrytka.jpg.webp
Открытка 100,https://otkrytki.top/wp-content/uploads/2023/06/100_otkrytka.jpg.webp
Открытка 99,https://otkrytki.top/wp-content/uploads/2023/06/99_otkrytka.jpg.webp
Открытка 101,https://otkrytki.top/wp-content/uploads/2023/06/101_otkrytka.jpg.webp
Открытка 103,https://otkrytki.top/wp-content/uploads/2023/06/103_otkrytka.jpg.webp
Открытка 97,https://otkrytki.top/wp-content/uploads/2023/06/97_otkrytka_01.jpg.webp
Открытка 98,https://otkrytki.top/wp-content/uploads/2023/06/98_otkrytka.jpg.webp
Открытка 61,https://otkrytki.top/wp-content/uploads/2023/06/61_otkrytka.jpg.webp
Открытка с котиком Скучаю 3892,https://otkrytki.top/wp-content/uploads/2026/02/otkrytka-3892.jpg.webp
Открытка Спокойной ночи 3863,https://otkrytki.top/wp-content/uploads/2026/02/otkrytka-3863.jpg.webp
Открытка доброе утро мужчине 3581,https://otkrytki.top/wp-content/uploads/2025/11/otkrytka-3581.jpg.webp
"Открытка Так, скучаю по тебе 3171",https://otkrytki.top/wp-content/uploads/2025/07/otkrytka-3171.jpg.webp
Открытка привет 2919,https://otkrytki.top/wp-content/uploads/2025/05/otkrytka-2919.jpg.webp
Открытка 2684,https://otkrytki.top/wp-content/uploads/2025/03/otkrytka-2684.jpg.webp
Открытка Скучаю 2683,https://otkrytki.top/wp-content/uploads/2025/03/otkrytka-2683.jpg.webp
Открытка скучаю 2393,https://otkrytki.top/wp-content/uploads/2024/12/otkrytka-2393.jpg.webp
Открытка скучаю 2104,https://otkrytki.top/wp-content/uploads/2024/10/otkrytka-2104.jpg.webp
Открытка 2083,https://otkrytki.top/wp-content/uploads/2024/10/otkrytka-2083.jpg.webp
Открытка сладких снов 1684,https://otkrytki.top/wp-content/uploads/2024/06/otkrytka-1684.jpg.webp
Открытка скучаю 1331,https://otkrytki.top/wp-content/uploads/2024/04/otkrytka-1331.jpg.webp
Открытка 774,https://otkrytki.top/wp-content/uploads/2023/11/otkrytka-774.jpg.webp
Открытка 763,https://otkrytki.top/wp-content/uploads/2023/11/otkrytka-763.jpg.webp
Открытка 762,https://otkrytki.top/wp-content/uploads/2023/11/otkrytka-762.jpg.webp
Открытка 758,https://otkrytki.top/wp-content/uploads/2023/11/otkrytka-758.jpg.webp
Открытка 753,https://otkrytki.top/wp-content/uploads/2023/11/otkrytka-753.jpg.webp
Открытка 402,https://otkrytki.top/wp-content/uploads/2023/08/402_otkrytka.gif
Открытка 400,https://otkrytki.top/wp-content/uploads/2023/08/400_otkrytka.gif
Открытка 161,https://otkrytki.top/wp-content/uploads/2023/07/161_otkrytka.jpg.webp
Открытка 104,https://otkrytki.top/wp-content/uploads/2023/06/104_otkrytka.jpg.webp
Открытка 97,https://otkrytki.top/wp-content/uploads/2023/06/97_otkrytka_01.jpg.webp
Открытка С 15-летием свадьбы 4635,https://otkrytki.top/wp-content/uploads/2026/09/otkrytka-4635.jpg.webp
Открытка Молодым 4300,https://otkrytki.top/wp-content/uploads/2026/06/otkrytka-4300.jpg.webp
Открытка С Днем Свадьбы 4273,https://otkrytki.top/wp-content/uploads/2026/06/otkrytka-4273.jpg.webp
Открытка родителям на свадьбу дочери 4267,https://otkrytki.top/wp-content/uploads/2026/06/otkrytka-4267.jpg.webp
Открытка дочке на свадьбу 4270,https://otkrytki.top/wp-content/uploads/2026/06/otkrytka-4270.jpg.webp
Открытка с Днем свадьбы 4268,https://otkrytki.top/wp-content/uploads/2026/06/otkrytka-4268.jpg.webp
Детская открытка на свадьбу 3627,https://otkrytki.top/wp-content/uploads/2025/11/otkrytka-3627.jpg.webp
Красивая открытка с Днем Свадьбы 3586,https://otkrytki.top/wp-content/uploads/2025/11/otkrytka-3586.jpg.webp
Открытка С Днем Бракосочетания 3587,https://otkrytki.top/wp-content/uploads/2025/11/otkrytka-3587.jpg.webp
Открытка на свадьбу 3582,https://otkrytki.top/wp-content/uploads/2025/11/otkrytka-3582.jpg.webp
Красивая нежная открытка на свадьбу 3580,https://otkrytki.top/wp-content/uploads/2025/11/otkrytka-3580.jpg.webp
Открытка на свадьбу 3574,https://otkrytki.top/wp-content/uploads/2025/11/otkrytka-3574.jpg.webp
Открытка родителям на свадьбу сына 3571,https://otkrytki.top/wp-content/uploads/2025/11/otkrytka-3571.jpg.webp
Открытка в стихах на свадьбу  3578,https://otkrytki.top/wp-content/uploads/2025/11/otkrytka-3578.jpg.webp
Открытка с днем свадьбы 3576,https://otkrytki.top/wp-content/uploads/2025/11/otkrytka-3576.jpg.webp
Мои поздравления открытка с котом 3568,https://otkrytki.top/wp-content/uploads/2025/11/otkrytka-3568.jpg.webp
Открытка на свадьбу 3570,https://otkrytki.top/wp-content/uploads/2025/11/otkrytka-3570.jpg.webp
Открытка с годовщиной 2167,https://otkrytki.top/wp-content/uploads/2024/10/otkrytka-2167.jpg.webp
открытка 1981,https://otkrytki.top/wp-content/uploads/2024/09/otkrytka-1981.jpg.webp
открытка на свадьбу 1968,https://otkrytki.top/wp-content/uploads/2024/09/otkrytka-1968.jpg.webp
открытка 1964,https://otkrytki.top/wp-content/uploads/2024/09/otkrytka-1964.jpg.webp
открытка с днем свадьбы 1966,https://otkrytki.top/wp-content/uploads/2024/09/otkrytka-1966.jpg.webp
открытка мужу с днем свадьбы 1962,https://otkrytki.top/wp-content/uploads/2024/09/otkrytka-1962.jpg.webp
открытка со свадьбой 1961,https://otkrytki.top/wp-content/uploads/2024/09/otkrytka-1961.jpg.webp
Открытка с годовщиной 1952,https://otkrytki.top/wp-content/uploads/2024/09/otkrytka-1952.jpg.webp
Открытка 283,https://otkrytki.top/wp-content/uploads/2023/08/283_otkrytka.jpg.webp
Открытка 282,https://otkrytki.top/wp-content/uploads/2023/08/282_otkrytka.jpg.webp
Открытка 277,https://otkrytki.top/wp-content/uploads/2023/08/277_otkrytka.jpg.webp
Открытка 284,https://otkrytki.top/wp-content/uploads/2023/08/284_otkrytka.jpg.webp
Картинка как жить 4373,https://otkrytki.top/wp-content/uploads/2026/07/otkrytka-4373.jpg.webp
Открытка Кто рано встаёт 4335,https://otkrytki.top/wp-content/uploads/2026/07/otkrytka-4335-1.jpg.webp
Картинка с енотом 4332,https://otkrytki.top/wp-content/uploads/2026/07/otkrytka-4332-1.jpg.webp
Открытка За жемчугом нужно нырять 4330,https://otkrytki.top/wp-content/uploads/2026/06/otkrytka-4330.jpg.webp
Позитивная открытка 4129,https://otkrytki.top/wp-content/uploads/2026/05/otkrytka-4129.jpg.webp
открытка хорошего дня с цветами 4055,https://otkrytki.top/wp-content/uploads/2026/04/otkrytka-4055.jpg.webp
открытка привет пятница с котом 4042,https://otkrytki.top/wp-content/uploads/2026/04/otkrytka-4042.jpg.webp
Картинка с юмором 3977,https://otkrytki.top/wp-content/uploads/2026/03/otkrytka-3977.jpg.webp
Картинка про радость жизни 3937,https://otkrytki.top/wp-content/uploads/2026/03/otkrytka-3937.jpg.webp
Открытка не считайте годы 3877,https://otkrytki.top/wp-content/uploads/2026/02/otkrytka-3877.jpg.webp
Открытка Хорошего дня 3859,https://otkrytki.top/wp-content/uploads/2026/02/otkrytka-3859.jpg.webp
Картинка про счастье 3691,https://otkrytki.top/wp-content/uploads/2025/12/otkrytka-3691.jpg.webp
Открытка жене про друга 3692,https://otkrytki.top/wp-content/uploads/2025/12/otkrytka-3692.jpg.webp
Картинка про то что имеешь 3645,https://otkrytki.top/wp-content/uploads/2025/11/otkrytka-3645.jpg.webp
Картинка с улиткой 3618,https://otkrytki.top/wp-content/uploads/2025/11/otkrytka-3618.jpg.webp
Открытка 3604,https://otkrytki.top/wp-content/uploads/2025/11/otkrytka-3604.jpg.webp
Каринка про детей богатство 3592,https://otkrytki.top/wp-content/uploads/2025/11/otkrytka-3592.jpg.webp
С новым прекрасным днем 3544,https://otkrytki.top/wp-content/uploads/2025/10/otkrytka-3544.jpg.webp
Видео-открытка с морем и чайкой хорошего дня 3476,https://otkrytki.top/wp-content/uploads/2025/10/otkrytka-3476.jpg.webp
Мудрая картинка от папы 3442,https://otkrytki.top/wp-content/uploads/2025/09/otkrytka-3442.jpg.webp
Умение получать удовольствие от пустяков картинка 3429,https://otkrytki.top/wp-content/uploads/2025/09/otkrytka-3429.jpg.webp
Открытка доброе утро 2331,https://otkrytki.top/wp-content/uploads/2024/12/otkrytka-2331.jpg.webp
Открытка Доброе утро с кроликом,https://otkrytki.top/wp-content/uploads/2025/08/otkrytka-3243.jpg.webp
Картинка Даже если ты двигаешься медленно,https://otkrytki.top/wp-content/uploads/2025/08/otkrytka-3244.jpg.webp
Открытка 3203,https://otkrytki.top/wp-content/uploads/2025/07/otkrytka-3203.jpg.webp
Позитивные мысли картинка 3137,https://otkrytki.top/wp-content/uploads/2025/07/otkrytka-3137.jpg.webp
Всегда держите в тайне - картинка 3118,https://otkrytki.top/wp-content/uploads/2025/06/otkrytka-3118.jpg.webp
Желайте людям добра - картинка 3104,https://otkrytki.top/wp-content/uploads/2025/06/otkrytka-3104.jpg.webp
Открытка Мечтай 3092,https://otkrytki.top/wp-content/uploads/2025/06/otkrytka-3092.gif
"Открытка ходите господа, это полезно 3056",https://otkrytki.top/wp-content/uploads/2025/06/otkrytka-3056.jpg.webp
Картинка Живем так мало 3037,https://otkrytki.top/wp-content/uploads/2025/06/otkrytka-3037.jpg.webp
Картинка 3019 - Научился говорить - значит повзрослел,https://otkrytki.top/wp-content/uploads/2025/05/otkrytka-3019.jpg.webp
Картинка 3009 - Правила успешного мужчины,https://otkrytki.top/wp-content/uploads/2025/05/otkrytka-3009.jpg.webp
Картинка про людей 2970,https://otkrytki.top/wp-content/uploads/2025/05/otkrytka-2970.jpg.webp
Картинка с полезным советом 2907,https://otkrytki.top/wp-content/uploads/2025/04/otkrytka-2907.jpg.webp
"Картинка Жизнь, как велосипед 2905",https://otkrytki.top/wp-content/uploads/2025/04/otkrytka-2905.jpg.webp
Картинка мудрость дня 2897,https://otkrytki.top/wp-content/uploads/2025/04/otkrytka-2897.jpg.webp
Картинка 2872,https://otkrytki.top/wp-content/uploads/2025/04/otkrytka-2872.jpg.webp
Картинка про весну 2828,https://otkrytki.top/wp-content/uploads/2025/04/otkrytka-2828.jpg.webp
Открытка с добрым утром 2797,https://otkrytki.top/wp-content/uploads/2025/04/otkrytka-2797.jpg.webp
Открытка Спокойной ночи 2769,https://otkrytki.top/wp-content/uploads/2025/03/otkrytka-2769.jpg.webp
Открытка С добрым утром 2730,https://otkrytki.top/wp-content/uploads/2025/03/otkrytka-2730.jpg.webp
Картинка про жизнь 2726,https://otkrytki.top/wp-content/uploads/2025/03/otkrytka-2726.jpg.webp
Открытка Доброе утро 2703,https://otkrytki.top/wp-content/uploads/2025/03/otkrytka-2703.jpg.webp
Открытка 2663,https://otkrytki.top/wp-content/uploads/2025/03/otkrytka-2663.jpg.webp
Картинка про позитив 2673,https://otkrytki.top/wp-content/uploads/2025/03/otkrytka-2673.jpg.webp
Картинка про работу 2654,https://otkrytki.top/wp-content/uploads/2025/03/otkrytka-2654.jpg.webp
Открытка с добрым утром 2642,https://otkrytki.top/wp-content/uploads/2025/02/otkrytka-2642.jpg.webp
Открытка доброе утро 2641,https://otkrytki.top/wp-content/uploads/2025/02/otkrytka-2641.jpg.webp
Открытка 2617,https://otkrytki.top/wp-content/uploads/2025/02/otkrytka-2617.jpg.webp
Открытка 2614,https://otkrytki.top/wp-content/uploads/2025/02/otkrytka-2614.jpg.webp
Картинка 2613,https://otkrytki.top/wp-content/uploads/2025/02/otkrytka-2613.jpg.webp
Открытка доброе утро 2582,https://otkrytki.top/wp-content/uploads/2025/02/otkrytka-2582.jpg.webp
Картинка про свободу слова 2573,https://otkrytki.top/wp-content/uploads/2025/02/otkrytka-2573.jpg.webp
Картинка Самое лучшее успокоительное  2571,https://otkrytki.top/wp-content/uploads/2025/02/otkrytka-2571.jpg.webp
Картинка про жизнь 2542,https://otkrytki.top/wp-content/uploads/2025/02/otkrytka-2542.jpg.webp
Открытка 2496,https://otkrytki.top/wp-content/uploads/2025/01/otkrytka-2496.jpg.webp
Картинка 2499,https://otkrytki.top/wp-content/uploads/2025/01/otkrytka-2499.jpg.webp
Открытка 2498,https://otkrytki.top/wp-content/uploads/2025/01/otkrytka-2498.jpg.webp
Картинка про оптимиста и пессимиста 2364,https://otkrytki.top/wp-content/uploads/2024/12/otkrytka-2364.jpg.webp
Гиф-картинка 2355,https://otkrytki.top/wp-content/uploads/2024/12/otkrytka-2355.gif
Картинка про мечты 2348,https://otkrytki.top/wp-content/uploads/2024/12/otkrytka-2348.jpg.webp
Открытка 2336,https://otkrytki.top/wp-content/uploads/2024/12/otkrytka-2336.jpg.webp
Картинка 2332,https://otkrytki.top/wp-content/uploads/2024/12/otkrytka-2332.jpg.webp
Добрая картинка 2322,https://otkrytki.top/wp-content/uploads/2024/12/otkrytka-2322.jpg.webp
Картинка с советом 2361,https://otkrytki.top/wp-content/uploads/2024/12/otkrytka-2361.jpg.webp
Добрая картинка 2317,https://otkrytki.top/wp-content/uploads/2024/12/otkrytka-2317.jpg.webp
открытка 2287,https://otkrytki.top/wp-content/uploads/2024/11/otkrytka-2287.jpg.webp
открытка 2274,https://otkrytki.top/wp-content/uploads/2024/11/otkrytka-2274.jpg.webp
открытка 2272,https://otkrytki.top/wp-content/uploads/2024/11/otkrytka-2272.jpg.webp
открытка 2267,https://otkrytki.top/wp-content/uploads/2024/11/otkrytka-2267.jpg.webp
Мудрая картинка 2245,https://otkrytki.top/wp-content/uploads/2024/11/otkrytka-2245.jpg.webp
Картинка со смыслом 2237,https://otkrytki.top/wp-content/uploads/2024/11/otkrytka-2237.jpg.webp
Добрая картинка 2257,https://otkrytki.top/wp-content/uploads/2024/11/otkrytka-2257.jpg.webp
Открытка 2176,https://otkrytki.top/wp-content/uploads/2024/11/otkrytka-2176.jpg.webp
Картинка про проблемы 2174,https://otkrytki.top/wp-content/uploads/2024/11/otkrytka-2174.jpg.webp
Картинка с мудрыми словами 2161,https://otkrytki.top/wp-content/uploads/2024/10/otkrytka-2161.jpg.webp
Добрые картинки 2136,https://otkrytki.top/wp-content/uploads/2024/10/otkrytka-2136.gif
Открытка 2155,https://otkrytki.top/wp-content/uploads/2024/10/otkrytka-2155.jpg.webp
Открытка завтра будет новый день 2146,https://otkrytki.top/wp-content/uploads/2024/10/otkrytka-2146.jpg.webp
Открытка 2093,https://otkrytki.top/wp-content/uploads/2024/10/otkrytka-2093.jpg.webp
открытка 1959,https://otkrytki.top/wp-content/uploads/2024/09/otkrytka-1959.jpg.webp
Открытка доброго утра 1940,https://otkrytki.top/wp-content/uploads/2024/09/otkrytka-1940.jpg.webp
Каринка пр голову 1925,https://otkrytki.top/wp-content/uploads/2024/08/otkrytka-1925.jpg.webp
Картинка 1909,https://otkrytki.top/wp-content/uploads/2024/08/otkrytka-1909.jpg.webp
Картинка про оптимистов 1905,https://otkrytki.top/wp-content/uploads/2024/08/otkrytka-1905.jpg.webp
Хорошая картинка 1904,https://otkrytki.top/wp-content/uploads/2024/08/otkrytka-1904.jpg.webp
Картинка про любовь 1884,https://otkrytki.top/wp-content/uploads/2024/08/otkrytka-1884.jpg.webp
Открытка хорошего дня 1877,https://otkrytki.top/wp-content/uploads/2024/08/otkrytka-1877.jpg.webp
Картинка про ожидания 1881,https://otkrytki.top/wp-content/uploads/2024/08/otkrytka-1881.jpg.webp
Мудрые цитаты Юрия Татаркина 1878,https://otkrytki.top/wp-content/uploads/2024/08/otkrytka-1878.jpg.webp
Открытка 1868,https://otkrytki.top/wp-content/uploads/2024/08/otkrytka-1868.jpg.webp
Картинка 1822 с мудростью,https://otkrytki.top/wp-content/uploads/2024/07/otkrytka-1822.jpg.webp
Картинка с мудростями 1798,https://otkrytki.top/wp-content/uploads/2024/07/otkrytka-1798.jpg.webp
Картинка про жизнь 1792,https://otkrytki.top/wp-content/uploads/2024/07/otkrytka-1792.jpg.webp
Добрая картинка 1820,https://otkrytki.top/wp-content/uploads/2024/07/otkrytka-1820.jpg.webp
Открытка 1806,https://otkrytki.top/wp-content/uploads/2024/07/otkrytka-1806.jpg.webp
Мудрая картинка 1772,https://otkrytki.top/wp-content/uploads/2024/07/otkrytka-1772.jpg.webp
Открытка 1776,https://otkrytki.top/wp-content/uploads/2024/07/otkrytka-1776.jpg.webp
Открытка 1749,https://otkrytki.top/wp-content/uploads/2024/07/otkrytka-1749.jpg.webp
Мудрая картинка 1715,https://otkrytki.top/wp-content/uploads/2024/07/otkrytka-1715.jpg.webp
Добрая картинка 1714,https://otkrytki.top/wp-content/uploads/2024/07/otkrytka-1714.jpg.webp
Добрая открытка 1713,https://otkrytki.top/wp-content/uploads/2024/07/otkrytka-1713.jpg.webp
Добрая картинка 1708,https://otkrytki.top/wp-content/uploads/2024/07/otkrytka-1708.jpg.webp
Картинка с мудрыми мыслями 1707,https://otkrytki.top/wp-content/uploads/2024/07/otkrytka-1707.jpg.webp
Картинка с цитатой Эйнштейна 1695,https://otkrytki.top/wp-content/uploads/2024/06/otkrytka-1695.jpg.webp
Картинка про жизнь 1774,https://otkrytki.top/wp-content/uploads/2024/07/otkrytka-1774.jpg.webp
Картинка хорошего дня 1658,https://otkrytki.top/wp-content/uploads/2024/06/otkrytka-1658.jpg.webp
Картинка с мудрым советом 1578,https://otkrytki.top/wp-content/uploads/2024/05/otkrytka-1578.jpg.webp
Картинка мудрости 1565,https://otkrytki.top/wp-content/uploads/2024/05/otkrytka-1565.jpg.webp
Открытка с пожеланиями 1466,https://otkrytki.top/wp-content/uploads/2024/04/otkrytka-1466.jpg.webp
Прикольная открытка 1461,https://otkrytki.top/wp-content/uploads/2024/04/otkrytka-1461.jpg.webp
Мудрая Открытка 1438,https://otkrytki.top/wp-content/uploads/2024/04/otkrytka-1438.jpg.webp
Открытка 1435,https://otkrytki.top/wp-content/uploads/2024/04/otkrytka-1435.jpg.webp
Открытка 1416,https://otkrytki.top/wp-content/uploads/2024/04/otkrytka-1416.jpg.webp
Открытка 1394,https://otkrytki.top/wp-content/uploads/2024/04/otkrytka-1394.jpg.webp
Открытка с советом 1389,https://otkrytki.top/wp-content/uploads/2024/04/otkrytka-1389.jpg.webp
Прикольная картинка 1362,https://otkrytki.top/wp-content/uploads/2024/04/otkrytka-1362.jpg.webp
Мудрая картинка 1352,https://otkrytki.top/wp-content/uploads/2024/04/otkrytka-1352.jpg.webp
Открытка 1338,https://otkrytki.top/wp-content/uploads/2024/04/otkrytka-1338.jpg.webp
Открытка 1336,https://otkrytki.top/wp-content/uploads/2024/04/otkrytka-1336.jpg.webp
Открытка 1312,https://otkrytki.top/wp-content/uploads/2024/03/otkrytka-1312.jpg.webp
Открытка 1245,https://otkrytki.top/wp-content/uploads/2024/03/otkrytka-1245.jpg.webp
Открытка 1311,https://otkrytki.top/wp-content/uploads/2024/03/otkrytka-1311.jpg.webp
Открытка 1275,https://otkrytki.top/wp-content/uploads/2024/03/otkrytka-1275.jpg.webp
Открытка 1274,https://otkrytki.top/wp-content/uploads/2024/03/otkrytka-1274.jpg.webp
Открытка 1261,https://otkrytki.top/wp-content/uploads/2024/03/otkrytka-1261.jpg.webp
Открытка 1289,https://otkrytki.top/wp-content/uploads/2024/03/otkrytka-1289.jpg.webp
Открытка 1244,https://otkrytki.top/wp-content/uploads/2024/03/otkrytka-1244.jpg.webp
Открытка 1251,https://otkrytki.top/wp-content/uploads/2024/03/otkrytka-1251.jpg.webp
Открытка 1243,https://otkrytki.top/wp-content/uploads/2024/03/otkrytka-1243.jpg.webp
Открытка 1242,https://otkrytki.top/wp-content/uploads/2024/03/otkrytka-1242.jpg.webp
Открытка 1280,https://otkrytki.top/wp-content/uploads/2024/03/otkrytka-1280.jpg.webp
Открытка 1234,https://otkrytki.top/wp-content/uploads/2024/03/otkrytka-1234.jpg.webp
Открытка 1228,https://otkrytki.top/wp-content/uploads/2024/02/otkrytka-1228.jpg.webp
Прикольная картинка про женщину 1264,https://otkrytki.top/wp-content/uploads/2024/03/otkrytka-1264.jpg.webp
Открытка 1226,https://otkrytki.top/wp-content/uploads/2024/02/otkrytka-1226.jpg.webp
Открытка 1222,https://otkrytki.top/wp-content/uploads/2024/02/otkrytka-1222.jpg.webp
Открытка 1259,https://otkrytki.top/wp-content/uploads/2024/03/otkrytka-1259.jpg.webp
Открытка 1200,https://otkrytki.top/wp-content/uploads/2024/02/otkrytka-1200.jpg.webp
Открытка 1196,https://otkrytki.top/wp-content/uploads/2024/02/otkrytka-1196.jpg.webp
Открытка 1193,https://otkrytki.top/wp-content/uploads/2024/02/otkrytka-1193.jpg.webp
Открытка 1191,https://otkrytki.top/wp-content/uploads/2024/02/otkrytka-1191.jpg.webp
Открытка 1168,https://otkrytki.top/wp-content/uploads/2024/02/otkrytka-1168.jpg.webp
Открытка 1158,https://otkrytki.top/wp-content/uploads/2024/02/otkrytka-1158.jpg.webp
Открытка 1140,https://otkrytki.top/wp-content/uploads/2024/02/otkrytka-1140.jpg.webp
Открытка 1116,https://otkrytki.top/wp-content/uploads/2024/01/otkrytka-1116.jpg.webp
Открытка 1111,https://otkrytki.top/wp-content/uploads/2024/01/otkrytka-1111.jpg.webp
Открытка 1133,https://otkrytki.top/wp-content/uploads/2024/02/otkrytka-1133.jpg.webp
Открытка 1093,https://otkrytki.top/wp-content/uploads/2024/01/otkrytka-1093.jpg.webp
Открытка 1068,https://otkrytki.top/wp-content/uploads/2024/01/otkrytka-1068.jpg.webp
Открытка 1072,https://otkrytki.top/wp-content/uploads/2024/01/otkrytka-1072.jpg.webp
Открытка 1061,https://otkrytki.top/wp-content/uploads/2024/01/otkrytka-1061.jpg.webp
Открытка 1053,https://otkrytki.top/wp-content/uploads/2024/01/otkrytka-1053.jpg.webp
Открытка 1025,https://otkrytki.top/wp-content/uploads/2024/01/otkrytka-1025.jpg.webp
Открытка 1019,https://otkrytki.top/wp-content/uploads/2024/01/otkrytka-1019.jpg.webp
Открытка 1003,https://otkrytki.top/wp-content/uploads/2024/01/otkrytka-1003.jpg.webp
Открытка 989,https://otkrytki.top/wp-content/uploads/2024/01/otkrytka-989.jpg.webp
Открытка 987,https://otkrytki.top/wp-content/uploads/2023/12/otkrytka-987.jpg.webp
Открытка 985,https://otkrytki.top/wp-content/uploads/2023/12/otkrytka-985.jpg.webp
Открытка 948,https://otkrytki.top/wp-content/uploads/2023/12/otkrytka-948.jpg.webp
Открытка 944,https://otkrytki.top/wp-content/uploads/2023/12/otkrytka-944.jpg.webp
Открытка 937,https://otkrytki.top/wp-content/uploads/2023/12/otkrytka-937.jpg.webp
Открытка 891,https://otkrytki.top/wp-content/uploads/2023/12/otkrytka-891.jpg.webp
Открытка 901,https://otkrytki.top/wp-content/uploads/2023/12/otkrytka-901.jpg.webp
Открытка 852,https://otkrytki.top/wp-content/uploads/2023/12/otkrytka-852.jpg.webp
Открытка 848,https://otkrytki.top/wp-content/uploads/2023/12/otkrytka-848.jpg.webp
Открытка 832,https://otkrytki.top/wp-content/uploads/2023/12/otkrytka-832.jpg.webp
Открытка 831,https://otkrytki.top/wp-content/uploads/2023/12/otkrytka-831.jpg.webp
Открытка 842,https://otkrytki.top/wp-content/uploads/2023/12/otkrytka-842.jpg.webp
Открытка 824,https://otkrytki.top/wp-content/uploads/2023/12/otkrytka-824.jpg.webp
Открытка 861,https://otkrytki.top/wp-content/uploads/2023/12/otkrytka-861.jpg.webp
Открытка 812,https://otkrytki.top/wp-content/uploads/2023/11/otkrytka-812.jpg.webp
Открытка 802,https://otkrytki.top/wp-content/uploads/2023/11/otkrytka-802.jpg.webp
Открытка 791,https://otkrytki.top/wp-content/uploads/2023/11/otkrytka-791.jpg.webp
Открытка 771,https://otkrytki.top/wp-content/uploads/2023/11/otkrytka-771.jpg.webp
Открытка 789,https://otkrytki.top/wp-content/uploads/2023/11/otkrytka-789.jpg.webp
Открытка 747,https://otkrytki.top/wp-content/uploads/2023/11/otkrytka-747.jpg.webp
Открытка 746,https://otkrytki.top/wp-content/uploads/2023/11/otkrytka-746.jpg.webp
Открытка 720,https://otkrytki.top/wp-content/uploads/2023/11/otkrytka-720.jpg.webp
Открытка 694,https://otkrytki.top/wp-content/uploads/2023/11/otkrytka-694.jpg.webp
Открытка 652,https://otkrytki.top/wp-content/uploads/2023/10/otkrytka-652.jpg.webp
Открытка 655,https://otkrytki.top/wp-content/uploads/2023/10/otkrytka-655.jpg.webp
Открытка 628,https://otkrytki.top/wp-content/uploads/2023/10/otkrytka-628.jpg.webp
Открытка 625,https://otkrytki.top/wp-content/uploads/2023/10/otkrytka-625.jpg.webp
Открытка 622,https://otkrytki.top/wp-content/uploads/2023/10/otkrytka-622.jpg.webp
Открытка 614,https://otkrytki.top/wp-content/uploads/2023/10/otkrytka-614.jpg.webp
Открытка 607,https://otkrytki.top/wp-content/uploads/2023/10/otkrytka-607.jpg.webp
Открытка 603,https://otkrytki.top/wp-content/uploads/2023/10/otkrytka-603.jpg.webp
Открытка 572,https://otkrytki.top/wp-content/uploads/2023/10/otkrytka-572.jpg.webp
Открытка 564,https://otkrytki.top/wp-content/uploads/2023/10/564_otkrytka.jpg.webp
Открытка 568,https://otkrytki.top/wp-content/uploads/2023/10/568_otkrytka.jpg.webp
Открытка 563,https://otkrytki.top/wp-content/uploads/2023/10/563_otkrytka.jpg.webp
Открытка 561,https://otkrytki.top/wp-content/uploads/2023/10/561_otkrytka.jpg.webp
Открытка 554,https://otkrytki.top/wp-content/uploads/2023/10/554_otkrytka.jpg.webp
Открытка 551,https://otkrytki.top/wp-content/uploads/2023/10/551_otkrytka.jpg.webp
Открытка 536,https://otkrytki.top/wp-content/uploads/2023/09/536_otkrytka.jpg.webp
Открытка 520,https://otkrytki.top/wp-content/uploads/2023/09/520_otkrytka.jpg.webp
Открытка 510,https://otkrytki.top/wp-content/uploads/2023/09/510_otkrytka.jpg.webp
Открытка 527,https://otkrytki.top/wp-content/uploads/2023/09/527_otkrytka.jpg.webp
Открытка 505,https://otkrytki.top/wp-content/uploads/2023/09/505_otkrytka.jpg.webp
Открытка 498,https://otkrytki.top/wp-content/uploads/2023/09/498_otkrytka.jpg.webp
Открытка 494,https://otkrytki.top/wp-content/uploads/2023/09/494_otkrytka.jpg.webp
Открытка 480,https://otkrytki.top/wp-content/uploads/2023/09/480_otkrytka.jpg.webp
Открытка 475,https://otkrytki.top/wp-content/uploads/2023/09/475_otkrytka.jpg.webp
Открытка 456,https://otkrytki.top/wp-content/uploads/2023/09/456_otkrytka.jpg.webp
Открытка 466,https://otkrytki.top/wp-content/uploads/2023/09/466_otkrytka.jpg.webp
Открытка 451,https://otkrytki.top/wp-content/uploads/2023/09/451_otkrytka.jpg.webp
Открытка 462,https://otkrytki.top/wp-content/uploads/2023/09/462_otkrytka.jpg.webp
Открытка 448,https://otkrytki.top/wp-content/uploads/2023/09/448_otkrytka.jpg.webp
Открытка 436,https://otkrytki.top/wp-content/uploads/2023/09/436_otkrytka.jpg.webp
Открытка 442,https://otkrytki.top/wp-content/uploads/2023/09/442_otkrytka.jpg.webp
Открытка 424,https://otkrytki.top/wp-content/uploads/2023/09/424_otkrytka.jpg.webp
Открытка 430,https://otkrytki.top/wp-content/uploads/2023/09/430_otkrytka.jpg.webp
Открытка 418,https://otkrytki.top/wp-content/uploads/2023/08/418_otkrytka.jpg.webp
Открытка 417,https://otkrytki.top/wp-content/uploads/2023/08/417_otkrytka.jpg.webp
Открытка 414,https://otkrytki.top/wp-content/uploads/2023/08/414_otkrytka.jpg.webp
Открытка 384,https://otkrytki.top/wp-content/uploads/2023/08/384_otkrytka.jpg.webp
Открытка 370,https://otkrytki.top/wp-content/uploads/2023/08/370_otkrytka.jpg.webp
Открытка 356,https://otkrytki.top/wp-content/uploads/2023/08/356_otkrytka.jpg.webp
Открытка 363,https://otkrytki.top/wp-content/uploads/2023/08/363_otkrytka.jpg.webp
Открытка 358,https://otkrytki.top/wp-content/uploads/2023/08/358_otkrytka.jpg.webp
Открытка 354,https://otkrytki.top/wp-content/uploads/2023/08/354_otkrytka.jpg.webp
Открытка 323,https://otkrytki.top/wp-content/uploads/2023/08/323_otkrytka.jpg.webp
Открытка 316,https://otkrytki.top/wp-content/uploads/2023/08/316_otkrytka-1.jpg.webp
Открытка 324,https://otkrytki.top/wp-content/uploads/2023/08/324_otkrytka.jpg.webp
Открытка с добрым утром 248,https://otkrytki.top/wp-content/uploads/2023/07/248_otkrytka.jpg.webp
Открытка 246,https://otkrytki.top/wp-content/uploads/2023/07/246_otkrytka.jpg.webp
Открытка всё будет хорошо 244,https://otkrytki.top/wp-content/uploads/2023/07/244_otkrytka.jpg.webp
Открытка 232,https://otkrytki.top/wp-content/uploads/2023/07/232_otkrytka.jpg.webp
Открытка 223,https://otkrytki.top/wp-content/uploads/2023/07/223_otkrytka.jpg.webp
Открытка 213,https://otkrytki.top/wp-content/uploads/2023/07/213_otkrytka.jpg.webp
Открытка 196,https://otkrytki.top/wp-content/uploads/2023/07/196_otkrytka.jpg.webp
Открытка 174,https://otkrytki.top/wp-content/uploads/2023/07/174_otkrytka.jpg.webp
Открытка 195,https://otkrytki.top/wp-content/uploads/2023/07/195_otkrytka.jpg.webp
Открытка 180,https://otkrytki.top/wp-content/uploads/2023/07/180_otkrytka.jpg.webp
Открытка 191,https://otkrytki.top/wp-content/uploads/2023/07/191_otkrytka.jpg.webp
Открытка 166,https://otkrytki.top/wp-content/uploads/2023/07/166_otkrytka.jpg.webp
Открытка 140,https://otkrytki.top/wp-content/uploads/2023/07/140_otkrytka.jpg.webp
Открытка 146,https://otkrytki.top/wp-content/uploads/2023/07/146_otkrytka.jpg.webp
Открытка 145,https://otkrytki.top/wp-content/uploads/2023/07/145_otkrytka.jpg.webp
Открытка 135,https://otkrytki.top/wp-content/uploads/2023/07/135_otkrytka.jpg.webp
Открытка 132,https://otkrytki.top/wp-content/uploads/2023/07/132_otkrytka.jpg.webp
Открытка 133,https://otkrytki.top/wp-content/uploads/2023/07/133_otkrytka.jpg.webp
Открытка 130,https://otkrytki.top/wp-content/uploads/2023/07/130_otkrytka.jpg.webp
Открытка 129,https://otkrytki.top/wp-content/uploads/2023/07/129_otkrytka.jpg.webp
Открытка 128,https://otkrytki.top/wp-content/uploads/2023/07/128_otkrytka.jpg.webp
Открытка 127,https://otkrytki.top/wp-content/uploads/2023/07/127_otkrytka.jpg.webp
Открытка 92,https://otkrytki.top/wp-content/uploads/2023/06/92_otkrytka.jpg.webp
открытка 79,https://otkrytki.top/wp-content/uploads/2023/06/79_otkrytka.jpg.webp
открытка 71,https://otkrytki.top/wp-content/uploads/2023/06/71_otkrytka.jpg.webp
открытка 72,https://otkrytki.top/wp-content/uploads/2023/06/72_otkrytka.jpg.webp
Открытка 45,https://otkrytki.top/wp-content/uploads/2023/06/45_otkrytka.jpg.webp
Открытка 33,https://otkrytki.top/wp-content/uploads/2023/06/33_otkrytka.jpg.webp
Открытка 5,https://otkrytki.top/wp-content/uploads/2023/06/25_otkrytka.jpg.webp
Открытка 20,https://otkrytki.top/wp-content/uploads/2023/05/20_otkrytka.jpg.webp
Открытка 17,https://otkrytki.top/wp-content/uploads/2023/05/17_otkrytka.jpg.webp
Открытка 12,https://otkrytki.top/wp-content/uploads/2023/05/12_otkrytka.jpg.webp
Открытка 10,https://otkrytki.top/wp-content/uploads/2023/05/10_otkrytka.jpg.webp
Открытка 08,https://otkrytki.top/wp-content/uploads/2023/05/8_otkrytka.jpg.webp
5_otkrytka,https://otkrytki.top/wp-content/uploads/2023/05/5_otkrytka.jpg.webp
Открытка Доброе утро с крокодилом 3329,https://otkrytki.top/wp-content/uploads/2025/08/otkrytka-3329.jpg.webp
Открытка 2663,https://otkrytki.top/wp-content/uploads/2025/03/otkrytka-2663.jpg.webp
Открытка 2498,https://otkrytki.top/wp-content/uploads/2025/01/otkrytka-2498.jpg.webp
Открытка 2501,https://otkrytki.top/wp-content/uploads/2025/01/otkrytka-2501.jpg.webp
Открытка 2336,https://otkrytki.top/wp-content/uploads/2024/12/otkrytka-2336.jpg.webp
Открытка 2191,https://otkrytki.top/wp-content/uploads/2024/11/otkrytka-2191.jpg.webp
Открытка 2093,https://otkrytki.top/wp-content/uploads/2024/10/otkrytka-2093.jpg.webp
открытка 1972,https://otkrytki.top/wp-content/uploads/2024/09/otkrytka-1972.jpg.webp
картинка с цитатой Эйнштейна 1921,https://otkrytki.top/wp-content/uploads/2024/08/otkrytka-1921.jpg.webp
Мудрые цитаты Юрия Татаркина 1878,https://otkrytki.top/wp-content/uploads/2024/08/otkrytka-1878.jpg.webp
Картинка с цитатой Эйнштейна 1695,https://otkrytki.top/wp-content/uploads/2024/06/otkrytka-1695.jpg.webp
Картинка хорошего дня 1658,https://otkrytki.top/wp-content/uploads/2024/06/otkrytka-1658.jpg.webp
Открытка 1242,https://otkrytki.top/wp-content/uploads/2024/03/otkrytka-1242.jpg.webp
Открытка 1146,https://otkrytki.top/wp-content/uploads/2024/02/otkrytka-1146.jpg.webp
Открытка 1153,https://otkrytki.top/wp-content/uploads/2024/02/otkrytka-1153.jpg.webp
Открытка 935,https://otkrytki.top/wp-content/uploads/2023/12/otkrytka-935.jpg.webp
Открытка 832,https://otkrytki.top/wp-content/uploads/2023/12/otkrytka-832.jpg.webp
Открытка 817,https://otkrytki.top/wp-content/uploads/2023/11/otkrytka-817.jpg.webp
Открытка 816,https://otkrytki.top/wp-content/uploads/2023/11/otkrytka-816.jpg.webp
Открытка 815,https://otkrytki.top/wp-content/uploads/2023/11/otkrytka-815.jpg.webp
Открытка 802,https://otkrytki.top/wp-content/uploads/2023/11/otkrytka-802.jpg.webp
Открытка 649,https://otkrytki.top/wp-content/uploads/2023/10/otkrytka-649.jpg.webp
Открытка 650,https://otkrytki.top/wp-content/uploads/2023/10/otkrytka-650.jpg.webp
Открытка 637,https://otkrytki.top/wp-content/uploads/2023/10/otkrytka-637.jpg.webp
Открытка 628,https://otkrytki.top/wp-content/uploads/2023/10/otkrytka-628.jpg.webp
Открытка 607,https://otkrytki.top/wp-content/uploads/2023/10/otkrytka-607.jpg.webp
Открытка 573,https://otkrytki.top/wp-content/uploads/2023/10/otkrytka-573.jpg.webp
Открытка 576,https://otkrytki.top/wp-content/uploads/2023/10/otkrytka-576.jpg.webp
Открытка 56,https://otkrytki.top/wp-content/uploads/2023/10/566_otkrytka.jpg.webp
Открытка 527,https://otkrytki.top/wp-content/uploads/2023/09/527_otkrytka.jpg.webp
Открытка 480,https://otkrytki.top/wp-content/uploads/2023/09/480_otkrytka.jpg.webp
Открытка 436,https://otkrytki.top/wp-content/uploads/2023/09/436_otkrytka.jpg.webp
Открытка 414,https://otkrytki.top/wp-content/uploads/2023/08/414_otkrytka.jpg.webp
Открытка 370,https://otkrytki.top/wp-content/uploads/2023/08/370_otkrytka.jpg.webp
Открытка 363,https://otkrytki.top/wp-content/uploads/2023/08/363_otkrytka.jpg.webp
Открытка с добрым утром 248,https://otkrytki.top/wp-content/uploads/2023/07/248_otkrytka.jpg.webp
Открытка 246,https://otkrytki.top/wp-content/uploads/2023/07/246_otkrytka.jpg.webp
Открытка 213,https://otkrytki.top/wp-content/uploads/2023/07/213_otkrytka.jpg.webp
Открытка 180,https://otkrytki.top/wp-content/uploads/2023/07/180_otkrytka.jpg.webp
Открытка 166,https://otkrytki.top/wp-content/uploads/2023/07/166_otkrytka.jpg.webp
Открытка 129,https://otkrytki.top/wp-content/uploads/2023/07/129_otkrytka.jpg.webp
Открытка 17,https://otkrytki.top/wp-content/uploads/2023/05/17_otkrytka.jpg.webp
Открытка Доброе утро с кошечкой 3914,https://otkrytki.top/wp-content/uploads/2026/02/otkrytka-3914.jpg.webp
Открытка с котом Доброе утро 3912,https://otkrytki.top/wp-content/uploads/2026/02/otkrytka-3912.jpg.webp
Открытка Пусть утро будет добрым 3911,https://otkrytki.top/wp-content/uploads/2026/02/otkrytka-3911.jpg.webp
Открытка Хороших выходных 3886,https://otkrytki.top/wp-content/uploads/2026/02/otkrytka-3886.jpg.webp
Видео-открытка С добрым утром 3901,https://otkrytki.top/wp-content/uploads/2026/02/otkrytka-3901-15.jpg.webp
Открытка Доброй зимней ночи 3893,https://otkrytki.top/wp-content/uploads/2026/02/otkrytka-3893.jpg.webp
Открытка не считайте годы 3877,https://otkrytki.top/wp-content/uploads/2026/02/otkrytka-3877.jpg.webp
"Открытка Привет, счастливого дня 3899",https://otkrytki.top/wp-content/uploads/2026/02/otkrytka-3899.jpg.webp
Видео открытка Доброе зимнее утро 3900,https://otkrytki.top/wp-content/uploads/2026/02/otkrytka-3900.jpg.webp
Открытка привет суббота 3870,https://otkrytki.top/wp-content/uploads/2026/02/otkrytka-3870.jpg.webp
Открытка Доброго утра 3867,https://otkrytki.top/wp-content/uploads/2026/02/otkrytka-3867.jpg.webp
Открытка доброго дня 3869,https://otkrytki.top/wp-content/uploads/2026/02/otkrytka-3869.jpg.webp
Открытка С добрым утром 2793,https://otkrytki.top/wp-content/uploads/2025/03/otkrytka-2793.jpg.webp
Открытка с теплым зимним вечером 3823,https://otkrytki.top/wp-content/uploads/2026/01/otkrytka-3823.jpg.webp
Открытка 2646,https://otkrytki.top/wp-content/uploads/2025/03/otkrytka-2646.jpg.webp
Открытка Добрый вечер 3812,https://otkrytki.top/wp-content/uploads/2026/01/otkrytka-3812.jpg.webp
Открытка Доброе утро 3777,https://otkrytki.top/wp-content/uploads/2026/01/otkrytka-3777.jpg.webp
Открытка доброе утро 2798,https://otkrytki.top/wp-content/uploads/2025/04/otkrytka-2798.jpg.webp
Открытка Сладких снов 3793,https://otkrytki.top/wp-content/uploads/2026/01/otkrytka-3793.jpg.webp
Открытка 3739,https://otkrytki.top/wp-content/uploads/2025/12/otkrytka-3739.jpg.webp
Открытка с добрым утром вторника 3760,https://otkrytki.top/wp-content/uploads/2025/12/otkrytka-3760.jpg.webp
Открытка Доброе утро с Чебурашкой 3746,https://otkrytki.top/wp-content/uploads/2025/12/otkrytka-3746.jpg.webp
Открытка доброе утро 2711,https://otkrytki.top/wp-content/uploads/2025/03/otkrytka-2711.jpg.webp
Открытка С добрым утром... Люся 3750,https://otkrytki.top/wp-content/uploads/2025/12/otkrytka-3750.jpg.webp
Открытка Доброго утра 3745,https://otkrytki.top/wp-content/uploads/2025/12/otkrytka-3745.jpg.webp
"Открытка С Добрым утром, мой тёплый 3751",https://otkrytki.top/wp-content/uploads/2025/12/otkrytka-3751.jpg.webp
Зимняя открытка Доброе утро счастливого дня 3744,https://otkrytki.top/wp-content/uploads/2025/12/otkrytka-3744.jpg.webp
Новогодняя открытка Живые есть? 3753,https://otkrytki.top/wp-content/uploads/2025/12/otkrytka-3753.jpg.webp
Открытка доброе зимнее утро 3742,https://otkrytki.top/wp-content/uploads/2025/12/otkrytka-3742.jpg.webp
Открытка С добрым утром со снеговичком 3743,https://otkrytki.top/wp-content/uploads/2025/12/otkrytka-3743.jpg.webp
Открытка Доброго зимнего утра 3327,https://otkrytki.top/wp-content/uploads/2025/08/otkrytka-3327.jpg.webp
Открытка 3737,https://otkrytki.top/wp-content/uploads/2025/12/otkrytka-3737.jpg.webp
Открытка 3740,https://otkrytki.top/wp-content/uploads/2025/12/otkrytka-3740.jpg.webp
Открытка 3738,https://otkrytki.top/wp-content/uploads/2025/12/otkrytka-3738.jpg.webp
Открытка с добрым утром 2545,https://otkrytki.top/wp-content/uploads/2025/02/otkrytka-2545.jpg.webp
Открытка спокойной ночи 2693,https://otkrytki.top/wp-content/uploads/2025/03/otkrytka-2693.gif
Открытка спокойной ночи  2823,https://otkrytki.top/wp-content/uploads/2025/04/otkrytka-2823.jpg.webp
Зимняя открытка Позитивного дня с котом 3721,https://otkrytki.top/wp-content/uploads/2025/12/otkrytka-3721_3.jpg.webp
Открытка доброе утро 2771,https://otkrytki.top/wp-content/uploads/2025/03/otkrytka-2771.jpg.webp
Открытка Доброе утро 2795,https://otkrytki.top/wp-content/uploads/2025/04/otkrytka-2795.jpg.webp
Открытка Доброе утро 2696,https://otkrytki.top/wp-content/uploads/2025/03/otkrytka-2696_2.jpg.webp
Открытка доброе утро 2605,https://otkrytki.top/wp-content/uploads/2025/02/otkrytka-2605.jpg.webp
Открытка Доброе утро с таксой 3696,https://otkrytki.top/wp-content/uploads/2025/12/otkrytka-3696.jpg.webp
Открытка с зимним настроением 3680,https://otkrytki.top/wp-content/uploads/2025/11/otkrytka-3680.jpg.webp
Открытка Будьте счастливы 3686,https://otkrytki.top/wp-content/uploads/2025/11/otkrytka-3686.jpg.webp
Открытка 3683,https://otkrytki.top/wp-content/uploads/2025/11/otkrytka-3683.jpg.webp
Красивая открытка Доброй ночи 3666,https://otkrytki.top/wp-content/uploads/2025/11/otkrytka-3666.jpg.webp
Открытка доброе утро со снеговиком 3510,https://otkrytki.top/wp-content/uploads/2025/10/otkrytka-3510.jpg.webp
Открытка скоро холода 3563,https://otkrytki.top/wp-content/uploads/2025/10/otkrytka-3563.jpg.webp
Прикольная видео-открытка с собачкой Доброго утречка 3512,https://otkrytki.top/wp-content/uploads/2025/10/otkrytka-3512.jpg.webp
Открытка 2609,https://otkrytki.top/wp-content/uploads/2025/02/otkrytka-2609.jpg.webp
Открытка доброго утра 2623,https://otkrytki.top/wp-content/uploads/2025/02/otkrytka-2623.jpg.webp
Открытка хорошего настроения 2632,https://otkrytki.top/wp-content/uploads/2025/02/otkrytka-2632.jpg.webp
Открытка доброе утро 2583,https://otkrytki.top/wp-content/uploads/2025/02/otkrytka-2583.jpg.webp
Открытка Доброе утро 2589,https://otkrytki.top/wp-content/uploads/2025/02/otkrytka-2589.jpg.webp
Открытка доброго зимнего утра 2630,https://otkrytki.top/wp-content/uploads/2025/02/otkrytka-2630.jpg.webp
Открытка спокойной ночи 2631,https://otkrytki.top/wp-content/uploads/2025/02/otkrytka-2631.jpg.webp
Открытка хорошего вечера 2622,https://otkrytki.top/wp-content/uploads/2025/02/otkrytka-2622.jpg.webp
Открытка доброе утро 2585,https://otkrytki.top/wp-content/uploads/2025/02/otkrytka-2585.jpg.webp
Открытка доброе утро 2582,https://otkrytki.top/wp-content/uploads/2025/02/otkrytka-2582.jpg.webp
Открытка С добрым утром 2626,https://otkrytki.top/wp-content/uploads/2025/02/otkrytka-2626.jpg.webp
Открытка доброе утро 2574,https://otkrytki.top/wp-content/uploads/2025/02/otkrytka-2574.jpg.webp
Открытка доброе зимнее утро 2563,https://otkrytki.top/wp-content/uploads/2025/02/otkrytka-2563.jpg.webp
Открытка доброе утро 2547,https://otkrytki.top/wp-content/uploads/2025/02/otkrytka-2547.jpg.webp
Открытка доброе утро 2539,https://otkrytki.top/wp-content/uploads/2025/02/otkrytka-2539.jpg.webp
Доброе утро открытка 2538,https://otkrytki.top/wp-content/uploads/2025/02/otkrytka-2538.jpg.webp
Открытка доброе утро 2536,https://otkrytki.top/wp-content/uploads/2025/02/otkrytka-2536.jpg.webp
Открытка Доброе утро 2535,https://otkrytki.top/wp-content/uploads/2025/02/otkrytka-2535.jpg.webp
Открытка доброе утро мандариновое 2555,https://otkrytki.top/wp-content/uploads/2025/02/otkrytka-2555.jpg.webp
Доброе утро открытка 2534,https://otkrytki.top/wp-content/uploads/2025/02/otkrytka-2534.jpg.webp
Открытка доброе утро 2533,https://otkrytki.top/wp-content/uploads/2025/02/otkrytka-2533.jpg.webp
Открытка С добрым утром 2531,https://otkrytki.top/wp-content/uploads/2025/02/otkrytka-2531.jpg.webp
Открытка С добрым утром 2530,https://otkrytki.top/wp-content/uploads/2025/02/otkrytka-2530.jpg.webp
Открытка доброе утро 2529,https://otkrytki.top/wp-content/uploads/2025/02/otkrytka-2529.jpg.webp
Открытка 2515,https://otkrytki.top/wp-content/uploads/2025/01/otkrytka-2515.jpg.webp
Открытка добрый вечер 2513,https://otkrytki.top/wp-content/uploads/2025/01/otkrytka-2513.jpg.webp
Открытка доброе зимнее утро 2511,https://otkrytki.top/wp-content/uploads/2025/01/otkrytka-2511.jpg.webp
Открытка доброе утро зимой 2509,https://otkrytki.top/wp-content/uploads/2025/01/otkrytka-2509.jpg.webp
Открытка добрый вечер 2503,https://otkrytki.top/wp-content/uploads/2025/01/otkrytka-2503.jpg.webp
Открытка хорошего дня 2505,https://otkrytki.top/wp-content/uploads/2025/01/otkrytka-2505.jpg.webp
Открытка с добрым утром 2508,https://otkrytki.top/wp-content/uploads/2025/01/otkrytka-2508.jpg.webp
Открытка с приглашением 2502,https://otkrytki.top/wp-content/uploads/2025/01/otkrytka-2502.jpg.webp
Открытка доброго зимнего утра 2504,https://otkrytki.top/wp-content/uploads/2025/01/otkrytka-2504.jpg.webp
Открытка 2501,https://otkrytki.top/wp-content/uploads/2025/01/otkrytka-2501.jpg.webp
Открытка доброе утро 2468,https://otkrytki.top/wp-content/uploads/2025/01/otkrytka-2468.jpg.webp
Открытка 2454,https://otkrytki.top/wp-content/uploads/2025/01/otkrytka-2454.jpg.webp
Открытка С добрым утром 2424,https://otkrytki.top/wp-content/uploads/2025/01/otkrytka-2424.jpg.webp
Картинка 2427,https://otkrytki.top/wp-content/uploads/2025/01/otkrytka-2427.jpg.webp
Открытка 2418,https://otkrytki.top/wp-content/uploads/2025/01/otkrytka-2418.jpg.webp
Открытка хорошего зимнего дня 2417,https://otkrytki.top/wp-content/uploads/2025/01/otkrytka-2417.jpg.webp
Открытка доброе утро 2409,https://otkrytki.top/wp-content/uploads/2025/01/otkrytka-2409.jpg.webp
Открытка доброго вечера 2404,https://otkrytki.top/wp-content/uploads/2025/01/otkrytka-2404.jpg.webp
Открытка 2407,https://otkrytki.top/wp-content/uploads/2025/01/otkrytka-2407.jpg.webp
Открытка доброе утро 2395,https://otkrytki.top/wp-content/uploads/2024/12/otkrytka-2395.jpg.webp
Открытка добрый вечер 2374,https://otkrytki.top/wp-content/uploads/2024/12/otkrytka-2374.jpg.webp
Открытка хорошего дня 1298,https://otkrytki.top/wp-content/uploads/2024/12/otkrytka-1298_2.jpg.webp
Картинка про новый год 2368,https://otkrytki.top/wp-content/uploads/2024/12/otkrytka-2368.jpg.webp
Открытка с добрым зимним утром 2375,https://otkrytki.top/wp-content/uploads/2024/12/otkrytka-2375.jpg.webp
Открытка с пожеланиями 2372,https://otkrytki.top/wp-content/uploads/2024/12/otkrytka-2372.jpg.webp
Открытка с пожеланием 2376,https://otkrytki.top/wp-content/uploads/2024/12/otkrytka-2376.jpg.webp
Открытка с добрым утром зимы 2369,https://otkrytki.top/wp-content/uploads/2024/12/otkrytka-2369.jpg.webp
Открытка доброе утро зимой 2366,https://otkrytki.top/wp-content/uploads/2024/12/otkrytka-2366.jpg.webp
Открытка доброго зимнего утра 1299,https://otkrytki.top/wp-content/uploads/2024/03/otkrytka-1299.jpg.webp
Открытка нескучной ночи 1410,https://otkrytki.top/wp-content/uploads/2024/04/otkrytka-1410.jpg.webp
Открытка доброе утро зимой 2358,https://otkrytki.top/wp-content/uploads/2024/12/otkrytka-2358.jpg.webp
Открытка хорошего отдыха 2354,https://otkrytki.top/wp-content/uploads/2024/12/otkrytka-2354.gif
Гиф-открытка с добрым утром 2350,https://otkrytki.top/wp-content/uploads/2024/12/otkrytka-2350.gif
Открытка хорошего зимнего вечера 2353,https://otkrytki.top/wp-content/uploads/2024/12/otkrytka-2353.gif
Открытка доброе утро 2315,https://otkrytki.top/wp-content/uploads/2024/12/otkrytka-2315.jpg.webp
Открытка 2313,https://otkrytki.top/wp-content/uploads/2024/12/otkrytka-2313.jpg.webp
Гиф-картинка 2355,https://otkrytki.top/wp-content/uploads/2024/12/otkrytka-2355.gif
Открытка с добрым зимним утром 2314,https://otkrytki.top/wp-content/uploads/2024/12/otkrytka-2314.jpg.webp
Открытка доброе утро зимнее 2310,https://otkrytki.top/wp-content/uploads/2024/12/otkrytka-2310.jpg.webp
Открытка хорошего зимнего дня 2309,https://otkrytki.top/wp-content/uploads/2024/12/otkrytka-2309.jpg.webp
Открытка доброе утро 2308,https://otkrytki.top/wp-content/uploads/2024/12/otkrytka-2308.jpg.webp
Открытка доброе утро 2307,https://otkrytki.top/wp-content/uploads/2024/12/otkrytka-2307.jpg.webp
Открытка с добрым утром 2306,https://otkrytki.top/wp-content/uploads/2024/12/otkrytka-2306.jpg.webp
Открытка доброе утро зимнее 2305,https://otkrytki.top/wp-content/uploads/2024/12/otkrytka-2305.jpg.webp
Открытка с добрым зимнем утром 2301,https://otkrytki.top/wp-content/uploads/2024/12/otkrytka-2301.jpg.webp
Открытка доброго утра 2300,https://otkrytki.top/wp-content/uploads/2024/11/otkrytka-2300.jpg.webp
Открытка хорошего дня 2302,https://otkrytki.top/wp-content/uploads/2024/12/otkrytka-2302.jpg.webp
Открытка С добрым зимним утром 2303,https://otkrytki.top/wp-content/uploads/2024/12/otkrytka-2303.jpg.webp
Открытка доброе утро зима 2299,https://otkrytki.top/wp-content/uploads/2024/11/otkrytka-2299.jpg.webp
Открытка доброе утро 2298,https://otkrytki.top/wp-content/uploads/2024/11/otkrytka-2298.jpg.webp
Открытка доброе утро 2296,https://otkrytki.top/wp-content/uploads/2024/11/otkrytka-2296.jpg.webp
Открытка доброе утро 2295,https://otkrytki.top/wp-content/uploads/2024/11/otkrytka-2295.jpg.webp
Открытка доброе утро 2293,https://otkrytki.top/wp-content/uploads/2024/11/otkrytka-2293.jpg.webp
Добрая открытка 2242,https://otkrytki.top/wp-content/uploads/2024/11/otkrytka-2242.jpg.webp
Открытка 1213,https://otkrytki.top/wp-content/uploads/2024/02/otkrytka-1213.gif
Открытка 1174,https://otkrytki.top/wp-content/uploads/2024/02/otkrytka-1174.jpg.webp
Открытка 1128,https://otkrytki.top/wp-content/uploads/2024/02/otkrytka-1128.jpg.webp
Открытка 1138,https://otkrytki.top/wp-content/uploads/2024/02/otkrytka-1138.jpg.webp
Открытка 1134,https://otkrytki.top/wp-content/uploads/2024/02/otkrytka-1134.jpg.webp
Открытка 1131,https://otkrytki.top/wp-content/uploads/2024/02/otkrytka-1131.jpg.webp
Открытка 1185,https://otkrytki.top/wp-content/uploads/2024/02/otkrytka-1185.jpg.webp
Открытка 1153,https://otkrytki.top/wp-content/uploads/2024/02/otkrytka-1153.jpg.webp
Открытка 1130,https://otkrytki.top/wp-content/uploads/2024/02/otkrytka-1130.jpg.webp
Открытка 1129,https://otkrytki.top/wp-content/uploads/2024/02/otkrytka-1129.jpg.webp
Открытка 1102,https://otkrytki.top/wp-content/uploads/2024/01/otkrytka-1102.jpg.webp
Открытка 1084,https://otkrytki.top/wp-content/uploads/2024/01/otkrytka-1084.jpg.webp
Открытка 1083,https://otkrytki.top/wp-content/uploads/2024/01/otkrytka-1083.jpg.webp
Открытка 1050,https://otkrytki.top/wp-content/uploads/2024/01/otkrytka-1050.jpg.webp
Открытка 1051,https://otkrytki.top/wp-content/uploads/2024/01/otkrytka-1051.jpg.webp
Открытка 1046,https://otkrytki.top/wp-content/uploads/2024/01/otkrytka-1046.jpg.webp
Открытка 1041,https://otkrytki.top/wp-content/uploads/2024/01/otkrytka-1041.jpg.webp
Открытка 1017,https://otkrytki.top/wp-content/uploads/2024/01/otkrytka-1017.gif
Открытка 1016,https://otkrytki.top/wp-content/uploads/2024/01/otkrytka-1016.gif
Открытка 1079,https://otkrytki.top/wp-content/uploads/2024/01/otkrytka-1079.jpg.webp
Открытка 1015,https://otkrytki.top/wp-content/uploads/2024/01/otkrytka-1015.gif
Открытка 1034,https://otkrytki.top/wp-content/uploads/2024/01/otkrytka-1034.jpg.webp
Открытка 1013,https://otkrytki.top/wp-content/uploads/2024/01/otkrytka-1013.gif
Открытка 1010,https://otkrytki.top/wp-content/uploads/2024/01/otkrytka-1010.gif
Открытка 1009,https://otkrytki.top/wp-content/uploads/2024/01/otkrytka-1009.gif
Открытка 800,https://otkrytki.top/wp-content/uploads/2024/01/otkrytka-800-2.jpg.webp
Открытка 997,https://otkrytki.top/wp-content/uploads/2024/01/otkrytka-997.jpg.webp
Открытка 964,https://otkrytki.top/wp-content/uploads/2023/12/otkrytka-964.jpg.webp
Открытка 960,https://otkrytki.top/wp-content/uploads/2023/12/otkrytka-960.jpg.webp
Открытка 961,https://otkrytki.top/wp-content/uploads/2023/12/otkrytka-961.jpg.webp
Открытка 962,https://otkrytki.top/wp-content/uploads/2023/12/otkrytka-962.jpg.webp
Открытка 956,https://otkrytki.top/wp-content/uploads/2023/12/otkrytka-956.jpg.webp
Открытка 932,https://otkrytki.top/wp-content/uploads/2023/12/otkrytka-932.jpg.webp
Открытка 954,https://otkrytki.top/wp-content/uploads/2023/12/otkrytka-954.jpg.webp
Открытка 931,https://otkrytki.top/wp-content/uploads/2023/12/otkrytka-931.jpg.webp
Открытка 903,https://otkrytki.top/wp-content/uploads/2023/12/otkrytka-903.jpg.webp
Открытка 904,https://otkrytki.top/wp-content/uploads/2023/12/otkrytka-904.jpg.webp
С Новым Годом открытка 20,https://otkrytki.top/wp-content/uploads/2023/12/s-novym-godom-otkrytka-20.jpg.webp
Открытка женщине 4314,https://otkrytki.top/wp-content/uploads/2026/06/otkrytka-4314.jpg.webp
Видео-открытка Доброе утро 4171,https://otkrytki.top/wp-content/uploads/2026/05/otkrytka-4171.jpg.webp
Открытка Доброе утро 4197,https://otkrytki.top/wp-content/uploads/2026/05/otkrytka-4197.jpg.webp
открытка Утро доброе  4072,https://otkrytki.top/wp-content/uploads/2026/04/otkrytka-4072.jpg.webp
открытка Доброго утра 4053,https://otkrytki.top/wp-content/uploads/2026/04/otkrytka-4053.jpg.webp
открытка хорошего дня доброе утро  4021,https://otkrytki.top/wp-content/uploads/2026/03/otkrytka-4021.jpg.webp
открытка Спокойной ночи 4017,https://otkrytki.top/wp-content/uploads/2026/03/otkrytka-4017.jpg.webp
открытка Приятного вечера с цветами 4003,https://otkrytki.top/wp-content/uploads/2026/03/otkrytka-4003.jpg.webp
открытка маме с признанием 4005,https://otkrytki.top/wp-content/uploads/2026/03/otkrytka-4005.jpg.webp
Открытка Доброе утро 3769,https://otkrytki.top/wp-content/uploads/2026/01/otkrytka-3769.jpg.webp
Открытка Хорошего настроения 3949,https://otkrytki.top/wp-content/uploads/2026/03/otkrytka-3949.jpg.webp
Красивая открытка доброе утро с тюльпанами 3947,https://otkrytki.top/wp-content/uploads/2026/03/otkrytka-3947.jpg.webp
Открытка с тюльпанами Доброе утро и дня 3335,https://otkrytki.top/wp-content/uploads/2025/08/otkrytka-3335.jpg.webp
Открытка Всем счастья 3934,https://otkrytki.top/wp-content/uploads/2026/03/otkrytka-3934.jpg.webp
Весенняя открытка с добрым утром 3166,https://otkrytki.top/wp-content/uploads/2025/07/otkrytka-3166.jpg.webp
Открытка с добрым утром  3027,https://otkrytki.top/wp-content/uploads/2025/06/otkrytka-3027.jpg.webp
Открытка с добрым утром и уткой 3599,https://otkrytki.top/wp-content/uploads/2025/11/otkrytka-3599.jpg.webp
Открытка со стихами Доброе утро 3333,https://otkrytki.top/wp-content/uploads/2025/08/otkrytka-3333.jpg.webp
Открытка Доброго утра с кошечкой 3300,https://otkrytki.top/wp-content/uploads/2025/08/otkrytka-3300.jpg.webp
Открытка С добрым утром 2793,https://otkrytki.top/wp-content/uploads/2025/03/otkrytka-2793.jpg.webp
Открытка Доброе утро 3777,https://otkrytki.top/wp-content/uploads/2026/01/otkrytka-3777.jpg.webp
Видео-открытка с тюльпанами Прекрасного утра 3418,https://otkrytki.top/wp-content/uploads/2025/09/otkrytka-3418.jpg.webp
Открытка Добрый вечер 2981,https://otkrytki.top/wp-content/uploads/2025/05/otkrytka-2981.jpg.webp
Открытка С добрым утром 2949,https://otkrytki.top/wp-content/uploads/2025/05/otkrytka-2949.jpg.webp
Открытка Весеннего настроения 2880,https://otkrytki.top/wp-content/uploads/2025/04/otkrytka-2880.jpg.webp
Открытка С добрым утром 2866,https://otkrytki.top/wp-content/uploads/2025/04/otkrytka-2866.jpg.webp
Открытка 2852,https://otkrytki.top/wp-content/uploads/2025/04/otkrytka-2852.jpg.webp
С 1 мая открытка 18,https://otkrytki.top/wp-content/uploads/2025/04/s-1-maya-otkrytka-18.jpg.webp
Открытка Хорошего весеннего дня 2860,https://otkrytki.top/wp-content/uploads/2025/04/otkrytka-2860.jpg.webp
Открытка доброго утра 2851,https://otkrytki.top/wp-content/uploads/2025/04/otkrytka-2851.jpg.webp
Открытка Хорошего дня 2853,https://otkrytki.top/wp-content/uploads/2025/04/otkrytka-2853.jpg.webp
Открытка Доброе утро 2877,https://otkrytki.top/wp-content/uploads/2025/04/otkrytka-2877.jpg.webp
Открытка С добрым утром 2849,https://otkrytki.top/wp-content/uploads/2025/04/otkrytka-2849.jpg.webp
Прекрасного весеннего утра - 2837,https://otkrytki.top/wp-content/uploads/2025/04/otkrytka-2837.jpg.webp
Добрая картинка про весну 2838,https://otkrytki.top/wp-content/uploads/2025/04/otkrytka-2838.jpg.webp
Картинка про весну 2828,https://otkrytki.top/wp-content/uploads/2025/04/otkrytka-2828.jpg.webp
Открытка Доброе утро 2782,https://otkrytki.top/wp-content/uploads/2025/03/otkrytka-2782.jpg.webp
Открытка Утро доброе 2802,https://otkrytki.top/wp-content/uploads/2025/04/otkrytka-2802.gif
Открытка С добрым утром 2786,https://otkrytki.top/wp-content/uploads/2025/03/otkrytka-2786.jpg.webp
Открытка Доброе утро 2745,https://otkrytki.top/wp-content/uploads/2025/03/otkrytka-2745.jpg.webp
Открытка С добрым утром 2762,https://otkrytki.top/wp-content/uploads/2025/03/otkrytka-2762.jpg.webp
Открытка Отличного настроения 2768,https://otkrytki.top/wp-content/uploads/2025/03/otkrytka-2768.jpg.webp
Открытка Доброе утро 2677,https://otkrytki.top/wp-content/uploads/2025/03/otkrytka-2677.jpg.webp
Открытка доброе нежное утро 2639,https://otkrytki.top/wp-content/uploads/2025/02/otkrytka-2639.jpg.webp
Открытка доброе утро 2690,https://otkrytki.top/wp-content/uploads/2025/03/otkrytka-2690.gif
Открытка доброе утро с тюльпанами 2643,https://otkrytki.top/wp-content/uploads/2025/03/otkrytka-2643.jpg.webp
Открытка доброе утро 2611,https://otkrytki.top/wp-content/uploads/2025/02/otkrytka-2611.jpg.webp
Открытка с добрым утром 2642,https://otkrytki.top/wp-content/uploads/2025/02/otkrytka-2642.jpg.webp
Открытка доброе утро 2641,https://otkrytki.top/wp-content/uploads/2025/02/otkrytka-2641.jpg.webp
Открытка доброе утро 2644,https://otkrytki.top/wp-content/uploads/2025/03/otkrytka-2644.jpg.webp
Открытка доброе  утро 2640,https://otkrytki.top/wp-content/uploads/2025/02/otkrytka-2640.jpg.webp
Открытка хорошего дня 2592,https://otkrytki.top/wp-content/uploads/2025/02/otkrytka-2592.gif
Открытка доброе утро 2638,https://otkrytki.top/wp-content/uploads/2025/02/otkrytka-2638.jpg.webp
Хорошего дня 2627,https://otkrytki.top/wp-content/uploads/2025/02/otkrytka-2627.gif
Открытка доброе утро 2637,https://otkrytki.top/wp-content/uploads/2025/02/otkrytka-2637.jpg.webp
Открытка Хорошего дня 2619,https://otkrytki.top/wp-content/uploads/2025/02/otkrytka-2619.jpg.webp
Открытка доброе весеннее утро 2635,https://otkrytki.top/wp-content/uploads/2025/02/otkrytka-2635.jpg.webp
Открытка доброе утро 2636,https://otkrytki.top/wp-content/uploads/2025/02/otkrytka-2636.jpg.webp
Открытка доброе весеннее утро 2634,https://otkrytki.top/wp-content/uploads/2025/02/otkrytka-2634.jpg.webp
Картинка весна близко 1482,https://otkrytki.top/wp-content/uploads/2024/04/otkrytka-1482.jpg.webp
Открытка доброе весеннее утро 2633,https://otkrytki.top/wp-content/uploads/2025/02/otkrytka-2633.jpg.webp
Открытка доброго утра 1842,https://otkrytki.top/wp-content/uploads/2024/08/otkrytka-1842.gif
Открытка доброе утро 1767,https://otkrytki.top/wp-content/uploads/2024/07/otkrytka-1767.jpg.webp
Живая открытка с добрым утром 1736,https://otkrytki.top/wp-content/uploads/2024/07/otkrytka-1736.gif
Открытка доброе утро 1633,https://otkrytki.top/wp-content/uploads/2024/06/otkrytka-1633.gif
Открытка доброе утро 1618,https://otkrytki.top/wp-content/uploads/2024/06/otkrytka-1618.jpg.webp
Открытка доброе утро 1614,https://otkrytki.top/wp-content/uploads/2024/06/otkrytka-1614.jpg.webp
Открытка Доброе утро 1573,https://otkrytki.top/wp-content/uploads/2024/05/otkrytka-1573.jpg.webp
Открытка 1421,https://otkrytki.top/wp-content/uploads/2024/04/otkrytka-1421.gif
Открытка 1346,https://otkrytki.top/wp-content/uploads/2024/04/otkrytka-1346.jpg.webp
Открытка 1315,https://otkrytki.top/wp-content/uploads/2024/03/otkrytka-1315.gif
Открытка 1128,https://otkrytki.top/wp-content/uploads/2024/02/otkrytka-1128.jpg.webp
Открытка 837,https://otkrytki.top/wp-content/uploads/2023/12/otkrytka-837.jpg.webp
Открытка 416,https://otkrytki.top/wp-content/uploads/2023/08/416_otkrytka.jpg.webp
Открытка 394,https://otkrytki.top/wp-content/uploads/2023/08/394_otkrytka.jpg.webp
Открытка 289,https://otkrytki.top/wp-content/uploads/2023/08/289_otkrytka.jpg.webp
открытка 86,https://otkrytki.top/wp-content/uploads/2023/06/86_otkrytka.jpg.webp
Открытка Доброе утро 4579,https://otkrytki.top/wp-content/uploads/2026/08/otkrytka-4579_1.jpg.webp
Открытка Хорошего летнего дня 4499,https://otkrytki.top/wp-content/uploads/2026/08/otkrytka-4499.jpg.webp
"Открытка Я на море, почти 4501",https://otkrytki.top/wp-content/uploads/2026/08/otkrytka-4501.jpg.webp
Открытка привет 4487,https://otkrytki.top/wp-content/uploads/2026/08/otkrytka-4487.jpg.webp
Открытка Лови каждый летний момент 4481,https://otkrytki.top/wp-content/uploads/2026/08/otkrytka-4481.jpg.webp
Открытка доброе летнее утро 4479,https://otkrytki.top/wp-content/uploads/2026/08/otkrytka-4479.jpg.webp
Открытка Доброе летнее утро 4450,https://otkrytki.top/wp-content/uploads/2026/08/otkrytka-4450.jpg.webp
Открытка Доброе утро 4426,https://otkrytki.top/wp-content/uploads/2026/07/otkrytka-4426.jpg.webp
Открытка отличного лета 4423,https://otkrytki.top/wp-content/uploads/2026/07/otkrytka-4423.jpg.webp
Открытка Хорошего лета 4425,https://otkrytki.top/wp-content/uploads/2026/07/otkrytka-4425.jpg.webp
Картинка с чайкой 4405,https://otkrytki.top/wp-content/uploads/2026/07/otkrytka-4405.jpg.webp
Открытка С добрым летним утром 3756,https://otkrytki.top/wp-content/uploads/2025/12/otkrytka-3756.jpg.webp
Открытка Нежности в душе 3950,https://otkrytki.top/wp-content/uploads/2026/03/otkrytka-3950.jpg.webp
Открытка доброе утро 4149,https://otkrytki.top/wp-content/uploads/2026/05/otkrytka-4149.jpg.webp
Открытка С добрым утром 3758,https://otkrytki.top/wp-content/uploads/2025/12/otkrytka-3758.jpg.webp
Открытка с обезьяной доброе утро 3466,https://otkrytki.top/wp-content/uploads/2025/09/otkrytka-3466.jpg.webp
Открытка с котиком солнечного настроения 3367,https://otkrytki.top/wp-content/uploads/2025/09/otkrytka-3367.jpg.webp
"Открытка Утро, кофе 3311",https://otkrytki.top/wp-content/uploads/2025/08/otkrytka-3311.jpg.webp
С новым летним утром,https://otkrytki.top/wp-content/uploads/2025/08/otkrytka-3263.jpg.webp
кто там хотел похудеть к лету 3210,https://otkrytki.top/wp-content/uploads/2025/07/otkrytka-3210.jpg.webp
Открытка Доброе утро с подсолнухами 3224,https://otkrytki.top/wp-content/uploads/2025/07/otkrytka-3224.jpg.webp
Открытка Прекрасного летнего денечка 3235,https://otkrytki.top/wp-content/uploads/2025/08/otkrytka-3235.jpg.webp
"Открытка Доброе, летнее утро 3216",https://otkrytki.top/wp-content/uploads/2025/07/otkrytka-3216.jpg.webp
Открытка Вкусного лета 3202,https://otkrytki.top/wp-content/uploads/2025/07/otkrytka-3202.jpg.webp
Открытка Доброе утро с улиткой 3214,https://otkrytki.top/wp-content/uploads/2025/07/otkrytka-3214.jpg.webp
Открытка С добрым летним утром 3188,https://otkrytki.top/wp-content/uploads/2025/07/otkrytka-3188.jpg.webp
Открытка Доброй ночи 3220,https://otkrytki.top/wp-content/uploads/2025/07/otkrytka-3220.jpg.webp
Открытка Наслаждайтесь жизнью с понедельника 3105,https://otkrytki.top/wp-content/uploads/2025/06/otkrytka-3105.jpg.webp
Открытка в стихах Бодрого утра 3175,https://otkrytki.top/wp-content/uploads/2025/07/otkrytka-3175.jpg.webp
Открытка Удалить элемент: С добрым утром С добрым утром 3164,https://otkrytki.top/wp-content/uploads/2025/07/otkrytka-3164.jpg.webp
Открытка С добрым утром 3157,https://otkrytki.top/wp-content/uploads/2025/07/otkrytka-3157.jpg.webp
Открытка Доброе утро в летний понедельник 3174,https://otkrytki.top/wp-content/uploads/2025/07/otkrytka-3174.jpg.webp
Открытка В интернете все сидите 3139,https://otkrytki.top/wp-content/uploads/2025/07/otkrytka-3139.jpg.webp
Открытка Доброе утро 3152,https://otkrytki.top/wp-content/uploads/2025/07/otkrytka-3152.jpg.webp
Открытка Добрый день 3089,https://otkrytki.top/wp-content/uploads/2025/06/otkrytka-3089.jpg.webp
Открытка с пожеланием для отпуска 2801,https://otkrytki.top/wp-content/uploads/2025/04/otkrytka-2801.jpg.webp
Открытка с днем рождения 3070,https://otkrytki.top/wp-content/uploads/2025/06/otkrytka-3070.jpg.webp
Открытка С добрым утром 3055,https://otkrytki.top/wp-content/uploads/2025/06/otkrytka-3055.jpg.webp
Открытка с добрым утром 2799,https://otkrytki.top/wp-content/uploads/2025/04/otkrytka-2799.jpg.webp
Открытка С добрым утром 2744,https://otkrytki.top/wp-content/uploads/2025/03/otkrytka-2744.jpg.webp
Открытка С добрым утром 2743,https://otkrytki.top/wp-content/uploads/2025/03/otkrytka-2743.jpg.webp
Открытка доброе утро 2800,https://otkrytki.top/wp-content/uploads/2025/04/otkrytka-2800.jpg.webp
Открытка С добрым утром 2720,https://otkrytki.top/wp-content/uploads/2025/03/otkrytka-2720.jpg.webp
Открытка С добрым утром 2681,https://otkrytki.top/wp-content/uploads/2025/03/otkrytka-2681.jpg.webp
Открытка Доброе утро 2745,https://otkrytki.top/wp-content/uploads/2025/03/otkrytka-2745.jpg.webp
Картинка с женским юмором 2657,https://otkrytki.top/wp-content/uploads/2025/03/otkrytka-2657.jpg.webp
открытка с добрым утром 2255,https://otkrytki.top/wp-content/uploads/2024/11/otkrytka-2255.jpg.webp
Открытка доброе утро 2092,https://otkrytki.top/wp-content/uploads/2024/10/otkrytka-2092.jpg.webp
Красивая открытка доброе утро 2080,https://otkrytki.top/wp-content/uploads/2024/10/otkrytka-2080.gif
Открытка доброе утро смешная 2015,https://otkrytki.top/wp-content/uploads/2024/09/otkrytka-2015.jpg.webp
Открытка хорошего настроения  1932,https://otkrytki.top/wp-content/uploads/2024/08/otkrytka-1932.jpg.webp
Картинка про лето 1894,https://otkrytki.top/wp-content/uploads/2024/08/otkrytka-1894.jpg.webp
Открытка 1848,https://otkrytki.top/wp-content/uploads/2024/08/otkrytka-1848.jpg.webp
Открытка доброе утро 1862,https://otkrytki.top/wp-content/uploads/2024/08/otkrytka-1862.jpg.webp
Открытка доброе утро 1851,https://otkrytki.top/wp-content/uploads/2024/08/otkrytka-1851.jpg.webp
Открытка доброго утра 1842,https://otkrytki.top/wp-content/uploads/2024/08/otkrytka-1842.gif
Открытка доброе утро 1840,https://otkrytki.top/wp-content/uploads/2024/08/otkrytka-1840.gif
Открытка С добрым утром 1804,https://otkrytki.top/wp-content/uploads/2024/07/otkrytka-1804.gif
Открытка доброе утро 1809,https://otkrytki.top/wp-content/uploads/2024/07/otkrytka-1809.gif
Открытка Доброе утро 1730,https://otkrytki.top/wp-content/uploads/2024/07/otkrytka-1730.gif
Открытка с добрым утром 1664,https://otkrytki.top/wp-content/uploads/2024/06/otkrytka-1664.gif
Открытка доброе утро 1633,https://otkrytki.top/wp-content/uploads/2024/06/otkrytka-1633.gif
Открытка доброе утро 1625,https://otkrytki.top/wp-content/uploads/2024/06/otkrytka-1625.jpg.webp
Открытка доброе утро 1618,https://otkrytki.top/wp-content/uploads/2024/06/otkrytka-1618.jpg.webp
Открытка Доброе утро 1573,https://otkrytki.top/wp-content/uploads/2024/05/otkrytka-1573.jpg.webp
Открытка доброе утро 1544,https://otkrytki.top/wp-content/uploads/2024/05/otkrytka-1544.gif
Открытка утром добрым 1474,https://otkrytki.top/wp-content/uploads/2024/04/otkrytka-1474.jpg.webp
Открытка доброе утро 1342,https://otkrytki.top/wp-content/uploads/2024/04/otkrytka-1342.jpg.webp
Открытка 1233,https://otkrytki.top/wp-content/uploads/2024/03/otkrytka-1233.gif
Открытка 1141,https://otkrytki.top/wp-content/uploads/2024/02/otkrytka-1141.jpg.webp
Открытка 986,https://otkrytki.top/wp-content/uploads/2023/12/otkrytka-986.jpg.webp
Открытка 850,https://otkrytki.top/wp-content/uploads/2023/12/otkrytka-850.jpg.webp
Открытка 837,https://otkrytki.top/wp-content/uploads/2023/12/otkrytka-837.jpg.webp
Открытка 589,https://otkrytki.top/wp-content/uploads/2023/10/otkrytka-589.gif
Открытка 571,https://otkrytki.top/wp-content/uploads/2023/10/otkrytka-571.jpg.webp
Открытка 394,https://otkrytki.top/wp-content/uploads/2023/08/394_otkrytka.jpg.webp
Открытка 168,https://otkrytki.top/wp-content/uploads/2023/07/168_otkrytka.jpg.webp
открытка 85,https://otkrytki.top/wp-content/uploads/2023/06/85_otkrytka.jpg.webp
Открытка Осень не повод грустить 4611,https://otkrytki.top/wp-content/uploads/2026/09/otkrytka-4611.jpg.webp
Открытка добрый вечер осенний 3856,https://otkrytki.top/wp-content/uploads/2026/02/otkrytka-3856.jpg.webp
Открытка привет осенний день 3726,https://otkrytki.top/wp-content/uploads/2025/12/otkrytka-3726.jpg.webp
Открытка Доброго утра! Лёгкого дня 4578,https://otkrytki.top/wp-content/uploads/2026/08/otkrytka-4578.jpg.webp
открытка С добрым утром с котом 4010,https://otkrytki.top/wp-content/uploads/2026/03/otkrytka-4010.jpg.webp
Открытка с добрым утром 4557,https://otkrytki.top/wp-content/uploads/2026/08/otkrytka-4557.jpg.webp
Яркая открытка доброе утро 3918,https://otkrytki.top/wp-content/uploads/2026/02/otkrytka-3918.jpg.webp
Открытка осеннее доброе утро 3774,https://otkrytki.top/wp-content/uploads/2026/01/otkrytka-3774.jpg.webp
Картинка Кончилось лето 4547,https://otkrytki.top/wp-content/uploads/2026/08/otkrytka-4547.jpg.webp
Яркая открытка Доброе утро 3920,https://otkrytki.top/wp-content/uploads/2026/02/otkrytka-3920.jpg.webp
Открытка Доброе утро 4548,https://otkrytki.top/wp-content/uploads/2026/08/otkrytka-4548.jpg.webp
"Открытка Здравствуй, сентябрь 4546",https://otkrytki.top/wp-content/uploads/2026/08/otkrytka-4546.jpg.webp
Открытка доброе утро с котиком 3651,https://otkrytki.top/wp-content/uploads/2025/11/otkrytka-3651.jpg.webp
Открытка Хорошего дня 3628,https://otkrytki.top/wp-content/uploads/2025/11/otkrytka-3628.jpg.webp
Осенняя открытка доброе утро с собачкой  3617,https://otkrytki.top/wp-content/uploads/2025/11/otkrytka-3617.jpg.webp
Открытка с котами Всем здоровья 3606,https://otkrytki.top/wp-content/uploads/2025/11/otkrytka-3606.jpg.webp
Открытка холодные утры 3610,https://otkrytki.top/wp-content/uploads/2025/11/otkrytka-3610.jpg.webp
Открытка С добрым утром 2964,https://otkrytki.top/wp-content/uploads/2025/05/otkrytka-2964.jpg.webp
Открытка скоро холода 3563,https://otkrytki.top/wp-content/uploads/2025/10/otkrytka-3563.jpg.webp
Классных выходных 3540,https://otkrytki.top/wp-content/uploads/2025/10/otkrytka-3540.jpg.webp
Осенняя открытка доброе утро 3539,https://otkrytki.top/wp-content/uploads/2025/10/otkrytka-3539.jpg.webp
Открытка доброе утро с петухами 3530,https://otkrytki.top/wp-content/uploads/2025/10/otkrytka-3530.jpg.webp
Прикольная видео-открытка с собачкой Доброго утречка 3512,https://otkrytki.top/wp-content/uploads/2025/10/otkrytka-3512.jpg.webp
Открытка с мишкой доброе утро осень 3504,https://otkrytki.top/wp-content/uploads/2025/10/otkrytka-3504.jpg.webp
Осенняя открытка с котом 3503,https://otkrytki.top/wp-content/uploads/2025/10/otkrytka-3503.jpg.webp
Открытка с осенним лесом доброе утро 3490,https://otkrytki.top/wp-content/uploads/2025/10/otkrytka-3490.jpg.webp
Открытка с котиком Доброе утро 3491,https://otkrytki.top/wp-content/uploads/2025/10/otkrytka-3491.jpg.webp
Открытка с котиком и кофе доброе утро 3488,https://otkrytki.top/wp-content/uploads/2025/10/otkrytka-3488.jpg.webp
Осенняя открытка с лисенком 3501,https://otkrytki.top/wp-content/uploads/2025/10/otkrytka-3501.jpg.webp
Открытка с собакой с пятницей 3470,https://otkrytki.top/wp-content/uploads/2025/09/otkrytka-3470.jpg.webp
Осенняя открытка с кофе Доброе утро 3479,https://otkrytki.top/wp-content/uploads/2025/09/otkrytka-3479.jpg.webp
"Открытка Доброе утро, прекрасной погоды 3242",https://otkrytki.top/wp-content/uploads/2025/08/otkrytka-3242.jpg.webp
Осенняя открытка доброе утро у крыльца дома 3428,https://otkrytki.top/wp-content/uploads/2025/09/otkrytka-3428.jpg.webp
Милая открытка с улиткой Самый лучший день 3273,https://otkrytki.top/wp-content/uploads/2025/08/otkrytka-3273.jpg.webp
Видео-открытка Доброе утро в осеннем лесу 3386,https://otkrytki.top/wp-content/uploads/2025/09/otkrytka-3386.jpg.webp
Открытка С добрым утром Четверг 2778,https://otkrytki.top/wp-content/uploads/2025/03/otkrytka-2778.jpg.webp
Открытка с добрым осенним утром 2330,https://otkrytki.top/wp-content/uploads/2024/12/otkrytka-2330.jpg.webp
Открытка Доброе утро 2770,https://otkrytki.top/wp-content/uploads/2025/03/otkrytka-2770.jpg.webp
Открытка доброе утро 2331,https://otkrytki.top/wp-content/uploads/2024/12/otkrytka-2331.jpg.webp
Открытка С добрым утром 2722,https://otkrytki.top/wp-content/uploads/2025/03/otkrytka-2722.jpg.webp
Открытка 2415,https://otkrytki.top/wp-content/uploads/2025/01/otkrytka-2415.jpg.webp
Открытка доброе утро 2438,https://otkrytki.top/wp-content/uploads/2025/01/otkrytka-2438.gif
Открытка доброе утро 2401,https://otkrytki.top/wp-content/uploads/2025/01/otkrytka-2401.jpg.webp
Открытка доброе утро 2400,https://otkrytki.top/wp-content/uploads/2024/12/otkrytka-2400.jpg.webp
Открытка с добрым утром 2390,https://otkrytki.top/wp-content/uploads/2024/12/otkrytka-2390.jpg.webp
Открытка доброе утро 2311,https://otkrytki.top/wp-content/uploads/2024/12/otkrytka-2311.jpg.webp
Прикольная картинка с гороскопом на сегодня 2304,https://otkrytki.top/wp-content/uploads/2024/12/otkrytka-2304.jpg.webp
открытка доброе утро 2250,https://otkrytki.top/wp-content/uploads/2024/11/otkrytka-2250.jpg.webp
открытка 2230,https://otkrytki.top/wp-content/uploads/2024/11/otkrytka-2230.jpg.webp
Открытка доброе утро 2208,https://otkrytki.top/wp-content/uploads/2024/11/otkrytka-2208.jpg.webp
Открытка 2213,https://otkrytki.top/wp-content/uploads/2024/11/otkrytka-2213.jpg.webp
Открытка 1897,https://otkrytki.top/wp-content/uploads/2024/08/otkrytka-1897.jpg.webp
Открытка доброе осеннее утро 2173,https://otkrytki.top/wp-content/uploads/2024/10/otkrytka-2173.jpg.webp
Картинка про проблемы 2174,https://otkrytki.top/wp-content/uploads/2024/11/otkrytka-2174.jpg.webp
Открытка доброе утро 2141,https://otkrytki.top/wp-content/uploads/2024/10/otkrytka-2141.jpg.webp
Открытка доброе утро 2102,https://otkrytki.top/wp-content/uploads/2024/10/otkrytka-2102.jpg.webp
Открытка доброе утро 2094,https://otkrytki.top/wp-content/uploads/2024/10/otkrytka-2094.jpg.webp
Открытка добрый осенний вечер 2103,https://otkrytki.top/wp-content/uploads/2024/10/otkrytka-2103.jpg.webp
Открытка осеннего дня 2087,https://otkrytki.top/wp-content/uploads/2024/10/otkrytka-2087.jpg.webp
Открытка с добрым утром  2068,https://otkrytki.top/wp-content/uploads/2024/10/otkrytka-2068.jpg.webp
картинка про осень 2057,https://otkrytki.top/wp-content/uploads/2024/10/otkrytka-2057.jpg.webp
Открытка 856,https://otkrytki.top/wp-content/uploads/2023/12/otkrytka-856.jpg.webp
Открытка 825,https://otkrytki.top/wp-content/uploads/2023/12/otkrytka-825.jpg.webp
Открытка 797,https://otkrytki.top/wp-content/uploads/2023/11/otkrytka-797.jpg.webp
Открытка 796,https://otkrytki.top/wp-content/uploads/2023/11/otkrytka-796.jpg.webp
Открытка 567,https://otkrytki.top/wp-content/uploads/2023/10/567_otkrytka.jpg.webp
Открытка 56,https://otkrytki.top/wp-content/uploads/2023/10/566_otkrytka.jpg.webp
Открытка 562,https://otkrytki.top/wp-content/uploads/2023/10/562_otkrytka.jpg.webp
Открытка на работе как одна большая семья 4593,https://otkrytki.top/wp-content/uploads/2026/09/otkrytka-4593.jpg.webp
Картинка про уделенную работу 4582,https://otkrytki.top/wp-content/uploads/2026/08/otkrytka-4582.jpg.webp
Открытка Лучший сотрудник месяца 4585,https://otkrytki.top/wp-content/uploads/2026/08/otkrytka-4585.jpg.webp
Открытка про отдых 4559,https://otkrytki.top/wp-content/uploads/2026/08/otkrytka-4559.jpg.webp
Открытка Доброе утро 4461,https://otkrytki.top/wp-content/uploads/2026/08/otkrytka-4461.jpg.webp
"Вы такая стройная, на диете 4448",https://otkrytki.top/wp-content/uploads/2026/08/otkrytka-4448.jpg.webp
Открытка доброе утро всем 4374,https://otkrytki.top/wp-content/uploads/2026/07/otkrytka-4374.jpg.webp
Картинка ищу работу 3953,https://otkrytki.top/wp-content/uploads/2026/03/otkrytka-3953.jpg.webp
Картинка про работу 3896,https://otkrytki.top/wp-content/uploads/2026/02/otkrytka-3896.jpg.webp
Открытка 2646,https://otkrytki.top/wp-content/uploads/2025/03/otkrytka-2646.jpg.webp
Открытка Доброе утро 2795,https://otkrytki.top/wp-content/uploads/2025/04/otkrytka-2795.jpg.webp
Советский плакат на заводе 3600,https://otkrytki.top/wp-content/uploads/2025/11/otkrytka-3600.jpg.webp
Открытка с танцующим лосем 3402,https://otkrytki.top/wp-content/uploads/2025/09/otkrytka-3402.jpg.webp
Открытка доброе утро с танцующей свинкой 3337,https://otkrytki.top/wp-content/uploads/2025/08/otkrytka-3337.jpg.webp
Открытка доброе утро с осликом 3266,https://otkrytki.top/wp-content/uploads/2025/08/otkrytka-3266.jpg.webp
"Картинка Если утром на работу, вы немного опоздали 3172",https://otkrytki.top/wp-content/uploads/2025/07/otkrytka-3172.jpg.webp
Открытка Доброе утро 3030,https://otkrytki.top/wp-content/uploads/2025/06/otkrytka-3030.jpg.webp
Картинка иду на работу 3042,https://otkrytki.top/wp-content/uploads/2025/06/otkrytka-3042.jpg.webp
Картинка 2999,https://otkrytki.top/wp-content/uploads/2025/05/otkrytka-2999.jpg.webp
Смешная картинка 2962,https://otkrytki.top/wp-content/uploads/2025/05/otkrytka-2962.jpg.webp
Картинка Спать боюсь 2898,https://otkrytki.top/wp-content/uploads/2025/04/otkrytka-2898.jpg.webp
Смешная картинка про работу 2854,https://otkrytki.top/wp-content/uploads/2025/04/otkrytka-2854.jpg.webp
Картинка про работу 2834,https://otkrytki.top/wp-content/uploads/2025/04/otkrytka-2834.jpg.webp
Открытка Хорошего настроения 2783,https://otkrytki.top/wp-content/uploads/2025/03/otkrytka-2783.jpg.webp
Картинка про работу 2733,https://otkrytki.top/wp-content/uploads/2025/03/otkrytka-2733-2.jpg.webp
Картинка про работу 2702,https://otkrytki.top/wp-content/uploads/2025/03/otkrytka-2702.jpg.webp
Открытка доброго утра 2664,https://otkrytki.top/wp-content/uploads/2025/03/otkrytka-2664.jpg.webp
Картинка про работу 2655,https://otkrytki.top/wp-content/uploads/2025/03/otkrytka-2655.jpg.webp
Картинка про работу 2654,https://otkrytki.top/wp-content/uploads/2025/03/otkrytka-2654.jpg.webp
Картинка про работу 2487,https://otkrytki.top/wp-content/uploads/2025/01/otkrytka-2487.jpg.webp
Картинка про работу 2426,https://otkrytki.top/wp-content/uploads/2025/01/otkrytka-2426.jpg.webp
Открытка 2434,https://otkrytki.top/wp-content/uploads/2025/01/otkrytka-2434.jpg.webp
Картинка про новогоднюю премию 2363,https://otkrytki.top/wp-content/uploads/2024/12/otkrytka-2363-2.jpg.webp
Картинка с шуткой про начальника 2192,https://otkrytki.top/wp-content/uploads/2024/11/otkrytka-2192.jpg.webp
Открытка доброго понедельника 2154,https://otkrytki.top/wp-content/uploads/2024/10/otkrytka-2154.jpg.webp
Открытка 2175,https://otkrytki.top/wp-content/uploads/2024/11/otkrytka-2175.jpg.webp
Открытка понедельник  2069,https://otkrytki.top/wp-content/uploads/2024/10/otkrytka-2069.jpg.webp
Картинка про работу 1951,https://otkrytki.top/wp-content/uploads/2024/09/otkrytka-1951.jpg.webp
Картинка про работу 1880,https://otkrytki.top/wp-content/uploads/2024/08/otkrytka-1880.jpg.webp
Открытка просыпаемся 1731,https://otkrytki.top/wp-content/uploads/2024/07/otkrytka-1731.gif
Картинка про работу 1750,https://otkrytki.top/wp-content/uploads/2024/07/otkrytka-1750.jpg.webp
Картинка про работу 1704,https://otkrytki.top/wp-content/uploads/2024/07/otkrytka-1704.jpg.webp
Смешная картинка про зарплату 1488,https://otkrytki.top/wp-content/uploads/2024/04/otkrytka-1488.jpg.webp
Картинка про работу 1486,https://otkrytki.top/wp-content/uploads/2024/04/otkrytka-1486.jpg.webp
Открытка 1425,https://otkrytki.top/wp-content/uploads/2024/04/otkrytka-1425.jpg.webp
Открытка 1390,https://otkrytki.top/wp-content/uploads/2024/04/otkrytka-1390.jpg.webp
Открытка 1329,https://otkrytki.top/wp-content/uploads/2024/04/otkrytka-1329.jpg.webp
Открытка 1291,https://otkrytki.top/wp-content/uploads/2024/03/otkrytka-1291.jpg.webp
Открытка 1270,https://otkrytki.top/wp-content/uploads/2024/03/otkrytka-1270.jpg.webp
Открытка 1230,https://otkrytki.top/wp-content/uploads/2024/02/otkrytka-1230.jpg.webp
Открытка 1208,https://otkrytki.top/wp-content/uploads/2024/02/otkrytka-1208.jpg.webp
Открытка 1187,https://otkrytki.top/wp-content/uploads/2024/02/otkrytka-1187.gif
Открытка 1179,https://otkrytki.top/wp-content/uploads/2024/02/otkrytka-1179.jpg.webp
Открытка 1163,https://otkrytki.top/wp-content/uploads/2024/02/otkrytka-1163.jpg.webp
Открытка 1095,https://otkrytki.top/wp-content/uploads/2024/01/otkrytka-1095.jpg.webp
Открытка 1070,https://otkrytki.top/wp-content/uploads/2024/01/otkrytka-1070.jpg.webp
Открытка 1029,https://otkrytki.top/wp-content/uploads/2024/01/otkrytka-1029.jpg.webp
Открытка 816,https://otkrytki.top/wp-content/uploads/2023/11/otkrytka-816.jpg.webp
Открытка 815,https://otkrytki.top/wp-content/uploads/2023/11/otkrytka-815.jpg.webp
Открытка 778,https://otkrytki.top/wp-content/uploads/2023/11/otkrytka-778.jpg.webp
Открытка 648,https://otkrytki.top/wp-content/uploads/2023/10/otkrytka-648.jpg.webp
Открытка 543,https://otkrytki.top/wp-content/uploads/2023/09/543_otkrytka.jpg.webp
Открытка 490,https://otkrytki.top/wp-content/uploads/2023/09/490_otkrytka.jpg.webp
Открытка 495,https://otkrytki.top/wp-content/uploads/2023/09/495_otkrytka.jpg.webp
Открытка 439,https://otkrytki.top/wp-content/uploads/2023/09/439_otkrytka.jpg.webp
Открытка 386,https://otkrytki.top/wp-content/uploads/2023/08/386_otkrytka.jpg.webp
Открытка 379,https://otkrytki.top/wp-content/uploads/2023/08/379_otkrytka.jpg.webp
Открытка 375,https://otkrytki.top/wp-content/uploads/2023/08/375_otkrytka.jpg.webp
Открытка 365,https://otkrytki.top/wp-content/uploads/2023/08/365_otkrytka.jpg.webp
Открытка 364,https://otkrytki.top/wp-content/uploads/2023/08/364_otkrytka.jpg.webp
Открытка 360,https://otkrytki.top/wp-content/uploads/2023/08/360_otkrytka.jpg.webp
Открытка 167,https://otkrytki.top/wp-content/uploads/2023/07/167_otkrytka.jpg.webp
Открытка 148,https://otkrytki.top/wp-content/uploads/2023/07/148_otkrytka.jpg.webp
Открытка 144,https://otkrytki.top/wp-content/uploads/2023/07/144_otkrytka.jpg.webp
Открыта 81,https://otkrytki.top/wp-content/uploads/2023/06/81_otkrytka.jpg.webp
открытка 78,https://otkrytki.top/wp-content/uploads/2023/06/78_otkrytka.jpg.webp
Открытка 60,https://otkrytki.top/wp-content/uploads/2023/06/60_otkrytka.jpg.webp
Открытка 57,https://otkrytki.top/wp-content/uploads/2023/06/57_otkrytka.jpg.webp
Открытка я в отпуске 4529,https://otkrytki.top/wp-content/uploads/2026/08/otkrytka-4529.jpg.webp
Открытка ушла в отпуск 4514,https://otkrytki.top/wp-content/uploads/2026/08/otkrytka-4514.jpg.webp
Картинка про отпуск 3864,https://otkrytki.top/wp-content/uploads/2026/02/otkrytka-3864.jpg.webp
Мои поздравления открытка с котом 3568,https://otkrytki.top/wp-content/uploads/2025/11/otkrytka-3568.jpg.webp
Открытка Уход в отпуск 3192,https://otkrytki.top/wp-content/uploads/2025/07/otkrytka-3192.jpg.webp
Открытка Привет трудящимся 3100,https://otkrytki.top/wp-content/uploads/2025/07/otkrytka-3100.jpg.webp
Открытка с пожеланием для отпуска 2801,https://otkrytki.top/wp-content/uploads/2025/04/otkrytka-2801.jpg.webp
Видео-открытка в отпуске хорошо 3094,https://otkrytki.top/wp-content/uploads/2025/06/otkrytka-3094.jpg.webp
Открытка хорошего отдыха 2135,https://otkrytki.top/wp-content/uploads/2024/10/otkrytka-2135.jpg.webp
Каринка про отпуск 1919,https://otkrytki.top/wp-content/uploads/2024/08/otkrytka-1919.jpg.webp
Картинка про отпуск 1793,https://otkrytki.top/wp-content/uploads/2024/07/otkrytka-1793.jpg.webp
Открытка 1781,https://otkrytki.top/wp-content/uploads/2024/07/otkrytka-1781.jpg.webp
Картинка про отпуск 1689,https://otkrytki.top/wp-content/uploads/2024/06/otkrytka-1689.jpg.webp
Картинка про отпуск 1661,https://otkrytki.top/wp-content/uploads/2024/06/otkrytka-1661.jpg.webp
Открытка про отдых 1499,https://otkrytki.top/wp-content/uploads/2024/05/otkrytka-1499.gif
Открытка 169,https://otkrytki.top/wp-content/uploads/2023/07/169_otkrytka.jpg.webp
открытка 78,https://otkrytki.top/wp-content/uploads/2023/06/78_otkrytka.jpg.webp
Открытка на 1 сентября 4,https://otkrytki.top/wp-content/uploads/2024/08/otkrytka-na-1-sentyabrya-4.jpg.webp
Открытка на День строителя 6,https://otkrytki.top/wp-content/uploads/2024/08/otkrytka-na-den-stroitelya-6.jpg.webp
Открытка на День шахтера 3,https://otkrytki.top/wp-content/uploads/2024/08/otkrytka-na-den-shahtera-3.jpg.webp
Последний звонок открытка 03,https://otkrytki.top/wp-content/uploads/2024/04/poslednij-zvonok-otkrytka-03.jpg.webp
День химика открытка 02,https://otkrytki.top/wp-content/uploads/2024/04/den-himika-otkrytka-02.jpg.webp
Картинка на День семьи,https://otkrytki.top/wp-content/uploads/2024/05/den-semi-audio.jpg.webp